Id,IndicatorCode,SpatialDimType,SpatialDim,ParentLocationCode,TimeDimType,ParentLocation,Dim1Type,TimeDim,Dim1,Dim2Type,Dim2,Dim3Type,Dim3,DataSourceDimType,DataSourceDim,Value,NumericValue,Low,High,Comments,Date,TimeDimensionValue,TimeDimensionBegin,TimeDimensionEnd
62694,WHS4_100,COUNTRY,UGA,AFR,YEAR,Africa,,2016,,,,,,,,93,93.0,,,,2025-07-14T16:23:12.92+02:00,2016,2016-01-01T00:00:00+01:00,2016-12-31T00:00:00+01:00
161301,WHS4_100,COUNTRY,ZAF,AFR,YEAR,Africa,,2014,,,,,,,,85,85.0,,,,2025-07-14T16:23:12.92+02:00,2014,2014-01-01T00:00:00+01:00,2014-12-31T00:00:00+01:00
163235,WHS4_100,COUNTRY,THA,SEAR,YEAR,South-East Asia,,2021,,,,,,,,92,92.0,,,,2025-07-14T16:23:12.92+02:00,2021,2021-01-01T00:00:00+01:00,2021-12-31T00:00:00+01:00
281184,WHS4_100,COUNTRY,SGP,WPR,YEAR,Western Pacific,,2017,,,,,,,,96,96.0,,,,2025-07-14T16:23:12.92+02:00,2017,2017-01-01T00:00:00+01:00,2017-12-31T00:00:00+01:00
350375,WHS4_100,COUNTRY,SGP,WPR,YEAR,Western Pacific,,2024,,,,,,,,97,97.0,,,,2025-07-14T16:23:12.92+02:00,2024,2024-01-01T00:00:00+01:00,2024-12-31T00:00:00+01:00
363003,WHS4_100,COUNTRY,BGD,SEAR,YEAR,South-East Asia,,2010,,,,,,,,94,94.0,,,,2025-07-14T16:23:12.92+02:00,2010,2010-01-01T00:00:00+01:00,2010-12-31T00:00:00+01:00
383133,WHS4_100,COUNTRY,ZAF,AFR,YEAR,Africa,,2018,,,,,,,,82,82.0,,,,2025-07-14T16:23:12.92+02:00,2018,2018-01-01T00:00:00+01:00,2018-12-31T00:00:00+01:00
428531,WHS4_100,COUNTRY,BRA,AMR,YEAR,Americas,,2015,,,,,,,,96,96.0,,,,2025-07-14T16:23:12.92+02:00,2015,2015-01-01T00:00:00+01:00,2015-12-31T00:00:00+01:00
504035,WHS4_100,COUNTRY,NGA,AFR,YEAR,Africa,,2017,,,,,,,,55,55.0,,,,2025-07-14T16:23:12.92+02:00,2017,2017-01-01T00:00:00+01:00,2017-12-31T00:00:00+01:00
507607,WHS4_100,COUNTRY,PAK,EMR,YEAR,Eastern Mediterranean,,2020,,,,,,,,80,80.0,,,,2025-07-14T16:23:12.92+02:00,2020,2020-01-01T00:00:00+01:00,2020-12-31T00:00:00+01:00
528925,WHS4_100,COUNTRY,EGY,EMR,YEAR,Eastern Mediterranean,,2013,,,,,,,,97,97.0,,,,2025-07-14T16:23:12.92+02:00,2013,2013-01-01T00:00:00+01:00,2013-12-31T00:00:00+01:00
612729,WHS4_100,COUNTRY,MDG,AFR,YEAR,Africa,,2023,,,,,,,,65,65.0,,,,2025-07-14T16:23:12.92+02:00,2023,2023-01-01T00:00:00+01:00,2023-12-31T00:00:00+01:00
654843,WHS4_100,COUNTRY,POL,EUR,YEAR,Europe,,2013,,,,,,,,99,99.0,,,,2025-07-14T16:23:12.92+02:00,2013,2013-01-01T00:00:00+01:00,2013-12-31T00:00:00+01:00
657406,WHS4_100,COUNTRY,CHL,AMR,YEAR,Americas,,2019,,,,,,,,96,96.0,,,,2025-07-14T16:23:12.92+02:00,2019,2019-01-01T00:00:00+01:00,2019-12-31T00:00:00+01:00
743510,WHS4_100,COUNTRY,MDG,AFR,YEAR,Africa,,2022,,,,,,,,57,57.0,,,,2025-07-14T16:23:12.92+02:00,2022,2022-01-01T00:00:00+01:00,2022-12-31T00:00:00+01:00
768624,WHS4_100,COUNTRY,KOR,WPR,YEAR,Western Pacific,,2019,,,,,,,,98,98.0,,,,2025-07-14T16:23:12.92+02:00,2019,2019-01-01T00:00:00+01:00,2019-12-31T00:00:00+01:00
795100,WHS4_100,COUNTRY,TUR,EUR,YEAR,Europe,,2023,,,,,,,,99,99.0,,,,2025-07-14T16:23:12.92+02:00,2023,2023-01-01T00:00:00+01:00,2023-12-31T00:00:00+01:00
795490,WHS4_100,COUNTRY,MEX,AMR,YEAR,Americas,,2015,,,,,,,,87,87.0,,,,2025-07-14T16:23:12.92+02:00,2015,2015-01-01T00:00:00+01:00,2015-12-31T00:00:00+01:00
814438,WHS4_100,COUNTRY,KOR,WPR,YEAR,Western Pacific,,2013,,,,,,,,99,99.0,,,,2025-07-14T16:23:12.92+02:00,2013,2013-01-01T00:00:00+01:00,2013-12-31T00:00:00+01:00
847151,WHS4_100,COUNTRY,EGY,EMR,YEAR,Eastern Mediterranean,,2017,,,,,,,,94,94.0,,,,2025-07-14T16:23:12.92+02:00,2017,2017-01-01T00:00:00+01:00,2017-12-31T00:00:00+01:00
885799,WHS4_100,COUNTRY,NGA,AFR,YEAR,Africa,,2016,,,,,,,,53,53.0,,,,2025-07-14T16:23:12.92+02:00,2016,2016-01-01T00:00:00+01:00,2016-12-31T00:00:00+01:00
926754,WHS4_100,COUNTRY,CHL,AMR,YEAR,Americas,,2017,,,,,,,,93,93.0,,,,2025-07-14T16:23:12.92+02:00,2017,2017-01-01T00:00:00+01:00,2017-12-31T00:00:00+01:00
1015566,WHS4_100,COUNTRY,IND,SEAR,YEAR,South-East Asia,,2017,,,,,,,,89,89.0,,,,2025-07-14T16:23:12.92+02:00,2017,2017-01-01T00:00:00+01:00,2017-12-31T00:00:00+01:00
1122816,WHS4_100,COUNTRY,COL,AMR,YEAR,Americas,,2015,,,,,,,,91,91.0,,,,2025-07-14T16:23:12.92+02:00,2015,2015-01-01T00:00:00+01:00,2015-12-31T00:00:00+01:00
1250009,WHS4_100,COUNTRY,THA,SEAR,YEAR,South-East Asia,,2016,,,,,,,,99,99.0,,,,2025-07-14T16:23:12.92+02:00,2016,2016-01-01T00:00:00+01:00,2016-12-31T00:00:00+01:00
1371707,WHS4_100,COUNTRY,PAK,EMR,YEAR,Eastern Mediterranean,,2011,,,,,,,,63,63.0,,,,2025-07-14T16:23:12.92+02:00,2011,2011-01-01T00:00:00+01:00,2011-12-31T00:00:00+01:00
1402849,WHS4_100,COUNTRY,IDN,WPR,YEAR,Western Pacific,,2015,,,,,,,,84,84.0,,,,2025-07-14T16:23:12.92+02:00,2015,2015-01-01T00:00:00+01:00,2015-12-31T00:00:00+01:00
1425960,WHS4_100,COUNTRY,JPN,WPR,YEAR,Western Pacific,,2014,,,,,,,,96,96.0,,,,2025-07-14T16:23:12.92+02:00,2014,2014-01-01T00:00:00+01:00,2014-12-31T00:00:00+01:00
1435436,WHS4_100,COUNTRY,SGP,WPR,YEAR,Western Pacific,,2016,,,,,,,,97,97.0,,,,2025-07-14T16:23:12.92+02:00,2016,2016-01-01T00:00:00+01:00,2016-12-31T00:00:00+01:00
1470152,WHS4_100,COUNTRY,GHA,AFR,YEAR,Africa,,2012,,,,,,,,92,92.0,,,,2025-07-14T16:23:12.92+02:00,2012,2012-01-01T00:00:00+01:00,2012-12-31T00:00:00+01:00
1517118,WHS4_100,COUNTRY,IND,SEAR,YEAR,South-East Asia,,2011,,,,,,,,82,82.0,,,,2025-07-14T16:23:12.92+02:00,2011,2011-01-01T00:00:00+01:00,2011-12-31T00:00:00+01:00
1523119,WHS4_100,COUNTRY,BGD,SEAR,YEAR,South-East Asia,,2020,,,,,,,,97,97.0,,,,2025-07-14T16:23:12.92+02:00,2020,2020-01-01T00:00:00+01:00,2020-12-31T00:00:00+01:00
1538975,WHS4_100,COUNTRY,PHL,WPR,YEAR,Western Pacific,,2022,,,,,,,,84,84.0,,,,2025-07-14T16:23:12.92+02:00,2022,2022-01-01T00:00:00+01:00,2022-12-31T00:00:00+01:00
1656340,WHS4_100,COUNTRY,POL,EUR,YEAR,Europe,,2021,,,,,,,,94,94.0,,,,2025-07-14T16:23:12.92+02:00,2021,2021-01-01T00:00:00+01:00,2021-12-31T00:00:00+01:00
1657135,WHS4_100,COUNTRY,KEN,AFR,YEAR,Africa,,2017,,,,,,,,81,81.0,,,,2025-07-14T16:23:12.92+02:00,2017,2017-01-01T00:00:00+01:00,2017-12-31T00:00:00+01:00
1679009,WHS4_100,COUNTRY,EGY,EMR,YEAR,Eastern Mediterranean,,2023,,,,,,,,96,96.0,,,,2025-07-14T16:23:12.92+02:00,2023,2023-01-01T00:00:00+01:00,2023-12-31T00:00:00+01:00
1718155,WHS4_100,COUNTRY,TUR,EUR,YEAR,Europe,,2014,,,,,,,,96,96.0,,,,2025-07-14T16:23:12.92+02:00,2014,2014-01-01T00:00:00+01:00,2014-12-31T00:00:00+01:00
1757845,WHS4_100,COUNTRY,AFG,EMR,YEAR,Eastern Mediterranean,,2013,,,,,,,,64,64.0,,,,2025-07-14T16:23:12.92+02:00,2013,2013-01-01T00:00:00+01:00,2013-12-31T00:00:00+01:00
1815633,WHS4_100,COUNTRY,EGY,EMR,YEAR,Eastern Mediterranean,,2010,,,,,,,,97,97.0,,,,2025-07-14T16:23:12.92+02:00,2010,2010-01-01T00:00:00+01:00,2010-12-31T00:00:00+01:00
1851224,WHS4_100,COUNTRY,IND,SEAR,YEAR,South-East Asia,,2023,,,,,,,,91,91.0,,,,2025-07-14T16:23:12.92+02:00,2023,2023-01-01T00:00:00+01:00,2023-12-31T00:00:00+01:00
1853200,WHS4_100,COUNTRY,TUR,EUR,YEAR,Europe,,2017,,,,,,,,96,96.0,,,,2025-07-14T16:23:12.92+02:00,2017,2017-01-01T00:00:00+01:00,2017-12-31T00:00:00+01:00
1862123,WHS4_100,COUNTRY,BRA,AMR,YEAR,Americas,,2017,,,,,,,,83,83.0,,,,2025-07-14T16:23:12.92+02:00,2017,2017-01-01T00:00:00+01:00,2017-12-31T00:00:00+01:00
1877642,WHS4_100,COUNTRY,CHN,WPR,YEAR,Western Pacific,,2016,,,,,,,,99,99.0,,,,2025-07-14T16:23:12.92+02:00,2016,2016-01-01T00:00:00+01:00,2016-12-31T00:00:00+01:00
1883428,WHS4_100,COUNTRY,ZAF,AFR,YEAR,Africa,,2017,,,,,,,,84,84.0,,,,2025-07-14T16:23:12.92+02:00,2017,2017-01-01T00:00:00+01:00,2017-12-31T00:00:00+01:00
1921356,WHS4_100,COUNTRY,KEN,AFR,YEAR,Africa,,2022,,,,,,,,94,94.0,,,,2025-07-14T16:23:12.92+02:00,2022,2022-01-01T00:00:00+01:00,2022-12-31T00:00:00+01:00
1957656,WHS4_100,COUNTRY,GHA,AFR,YEAR,Africa,,2024,,,,,,,,95,95.0,,,,2025-07-14T16:23:12.92+02:00,2024,2024-01-01T00:00:00+01:00,2024-12-31T00:00:00+01:00
1958137,WHS4_100,COUNTRY,AFG,EMR,YEAR,Eastern Mediterranean,,2016,,,,,,,,66,66.0,,,,2025-07-14T16:23:12.92+02:00,2016,2016-01-01T00:00:00+01:00,2016-12-31T00:00:00+01:00
1972769,WHS4_100,COUNTRY,UGA,AFR,YEAR,Africa,,2011,,,,,,,,82,82.0,,,,2025-07-14T16:23:12.92+02:00,2011,2011-01-01T00:00:00+01:00,2011-12-31T00:00:00+01:00
2016517,WHS4_100,COUNTRY,RWA,AFR,YEAR,Africa,,2014,,,,,,,,98,98.0,,,,2025-07-14T16:23:12.92+02:00,2014,2014-01-01T00:00:00+01:00,2014-12-31T00:00:00+01:00
2020330,WHS4_100,COUNTRY,TUR,EUR,YEAR,Europe,,2024,,,,,,,,99,99.0,,,,2025-07-14T16:23:12.92+02:00,2024,2024-01-01T00:00:00+01:00,2024-12-31T00:00:00+01:00
2029159,WHS4_100,COUNTRY,PHL,WPR,YEAR,Western Pacific,,2023,,,,,,,,89,89.0,,,,2025-07-14T16:23:12.92+02:00,2023,2023-01-01T00:00:00+01:00,2023-12-31T00:00:00+01:00
2128057,WHS4_100,COUNTRY,MEX,AMR,YEAR,Americas,,2010,,,,,,,,95,95.0,,,,2025-07-14T16:23:12.92+02:00,2010,2010-01-01T00:00:00+01:00,2010-12-31T00:00:00+01:00
2133788,WHS4_100,COUNTRY,SGP,WPR,YEAR,Western Pacific,,2022,,,,,,,,97,97.0,,,,2025-07-14T16:23:12.92+02:00,2022,2022-01-01T00:00:00+01:00,2022-12-31T00:00:00+01:00
2134328,WHS4_100,COUNTRY,IND,SEAR,YEAR,South-East Asia,,2024,,,,,,,,94,94.0,,,,2025-07-14T16:23:12.92+02:00,2024,2024-01-01T00:00:00+01:00,2024-12-31T00:00:00+01:00
2136050,WHS4_100,COUNTRY,MEX,AMR,YEAR,Americas,,2023,,,,,,,,85,85.0,,,,2025-07-14T16:23:12.92+02:00,2023,2023-01-01T00:00:00+01:00,2023-12-31T00:00:00+01:00
2168693,WHS4_100,COUNTRY,THA,SEAR,YEAR,South-East Asia,,2014,,,,,,,,99,99.0,,,,2025-07-14T16:23:12.92+02:00,2014,2014-01-01T00:00:00+01:00,2014-12-31T00:00:00+01:00
2191010,WHS4_100,COUNTRY,MDG,AFR,YEAR,Africa,,2024,,,,,,,,60,60.0,,,,2025-07-14T16:23:12.92+02:00,2024,2024-01-01T00:00:00+01:00,2024-12-31T00:00:00+01:00
2209805,WHS4_100,COUNTRY,POL,EUR,YEAR,Europe,,2024,,,,,,,,94,94.0,,,,2025-07-14T16:23:12.92+02:00,2024,2024-01-01T00:00:00+01:00,2024-12-31T00:00:00+01:00
2217023,WHS4_100,COUNTRY,UGA,AFR,YEAR,Africa,,2010,,,,,,,,80,80.0,,,,2025-07-14T16:23:12.92+02:00,2010,2010-01-01T00:00:00+01:00,2010-12-31T00:00:00+01:00
2217572,WHS4_100,COUNTRY,BRA,AMR,YEAR,Americas,,2012,,,,,,,,95,95.0,,,,2025-07-14T16:23:12.92+02:00,2012,2012-01-01T00:00:00+01:00,2012-12-31T00:00:00+01:00
2244139,WHS4_100,COUNTRY,BGD,SEAR,YEAR,South-East Asia,,2015,,,,,,,,98,98.0,,,,2025-07-14T16:23:12.92+02:00,2015,2015-01-01T00:00:00+01:00,2015-12-31T00:00:00+01:00
2248550,WHS4_100,COUNTRY,CHL,AMR,YEAR,Americas,,2011,,,,,,,,94,94.0,,,,2025-07-14T16:23:12.92+02:00,2011,2011-01-01T00:00:00+01:00,2011-12-31T00:00:00+01:00
2294316,WHS4_100,COUNTRY,ZAF,AFR,YEAR,Africa,,2023,,,,,,,,79,79.0,,,,2025-07-14T16:23:12.92+02:00,2023,2023-01-01T00:00:00+01:00,2023-12-31T00:00:00+01:00
2313927,WHS4_100,COUNTRY,BGD,SEAR,YEAR,South-East Asia,,2021,,,,,,,,97,97.0,,,,2025-07-14T16:23:12.92+02:00,2021,2021-01-01T00:00:00+01:00,2021-12-31T00:00:00+01:00
2381761,WHS4_100,COUNTRY,BGD,SEAR,YEAR,South-East Asia,,2012,,,,,,,,94,94.0,,,,2025-07-14T16:23:12.92+02:00,2012,2012-01-01T00:00:00+01:00,2012-12-31T00:00:00+01:00
2389705,WHS4_100,COUNTRY,COL,AMR,YEAR,Americas,,2024,,,,,,,,89,89.0,,,,2025-07-14T16:23:12.92+02:00,2024,2024-01-01T00:00:00+01:00,2024-12-31T00:00:00+01:00
2470821,WHS4_100,COUNTRY,GHA,AFR,YEAR,Africa,,2017,,,,,,,,99,99.0,,,,2025-07-14T16:23:12.92+02:00,2017,2017-01-01T00:00:00+01:00,2017-12-31T00:00:00+01:00
2484101,WHS4_100,COUNTRY,NGA,AFR,YEAR,Africa,,2012,,,,,,,,36,36.0,,,,2025-07-14T16:23:12.92+02:00,2012,2012-01-01T00:00:00+01:00,2012-12-31T00:00:00+01:00
2502277,WHS4_100,COUNTRY,KEN,AFR,YEAR,Africa,,2011,,,,,,,,96,96.0,,,,2025-07-14T16:23:12.92+02:00,2011,2011-01-01T00:00:00+01:00,2011-12-31T00:00:00+01:00
2502854,WHS4_100,COUNTRY,IND,SEAR,YEAR,South-East Asia,,2019,,,,,,,,91,91.0,,,,2025-07-14T16:23:12.92+02:00,2019,2019-01-01T00:00:00+01:00,2019-12-31T00:00:00+01:00
2598286,WHS4_100,COUNTRY,ZAF,AFR,YEAR,Africa,,2019,,,,,,,,85,85.0,,,,2025-07-14T16:23:12.92+02:00,2019,2019-01-01T00:00:00+01:00,2019-12-31T00:00:00+01:00
2623214,WHS4_100,COUNTRY,PHL,WPR,YEAR,Western Pacific,,2024,,,,,,,,71,71.0,,,,2025-07-14T16:23:12.92+02:00,2024,2024-01-01T00:00:00+01:00,2024-12-31T00:00:00+01:00
2633706,WHS4_100,COUNTRY,NGA,AFR,YEAR,Africa,,2013,,,,,,,,39,39.0,,,,2025-07-14T16:23:12.92+02:00,2013,2013-01-01T00:00:00+01:00,2013-12-31T00:00:00+01:00
2640372,WHS4_100,COUNTRY,MEX,AMR,YEAR,Americas,,2018,,,,,,,,88,88.0,,,,2025-07-14T16:23:12.92+02:00,2018,2018-01-01T00:00:00+01:00,2018-12-31T00:00:00+01:00
2696446,WHS4_100,COUNTRY,SGP,WPR,YEAR,Western Pacific,,2015,,,,,,,,96,96.0,,,,2025-07-14T16:23:12.92+02:00,2015,2015-01-01T00:00:00+01:00,2015-12-31T00:00:00+01:00
2716167,WHS4_100,COUNTRY,ZAF,AFR,YEAR,Africa,,2011,,,,,,,,75,75.0,,,,2025-07-14T16:23:12.92+02:00,2011,2011-01-01T00:00:00+01:00,2011-12-31T00:00:00+01:00
2867325,WHS4_100,COUNTRY,IND,SEAR,YEAR,South-East Asia,,2020,,,,,,,,85,85.0,,,,2025-07-14T16:23:12.92+02:00,2020,2020-01-01T00:00:00+01:00,2020-12-31T00:00:00+01:00
2893333,WHS4_100,COUNTRY,TUR,EUR,YEAR,Europe,,2021,,,,,,,,95,95.0,,,,2025-07-14T16:23:12.92+02:00,2021,2021-01-01T00:00:00+01:00,2021-12-31T00:00:00+01:00
2947651,WHS4_100,COUNTRY,IDN,WPR,YEAR,Western Pacific,,2017,,,,,,,,85,85.0,,,,2025-07-14T16:23:12.92+02:00,2017,2017-01-01T00:00:00+01:00,2017-12-31T00:00:00+01:00
2952579,WHS4_100,COUNTRY,COL,AMR,YEAR,Americas,,2010,,,,,,,,88,88.0,,,,2025-07-14T16:23:12.92+02:00,2010,2010-01-01T00:00:00+01:00,2010-12-31T00:00:00+01:00
2978075,WHS4_100,COUNTRY,PAK,EMR,YEAR,Eastern Mediterranean,,2016,,,,,,,,75,75.0,,,,2025-07-14T16:23:12.92+02:00,2016,2016-01-01T00:00:00+01:00,2016-12-31T00:00:00+01:00
3008805,WHS4_100,COUNTRY,RWA,AFR,YEAR,Africa,,2022,,,,,,,,98,98.0,,,,2025-07-14T16:23:12.92+02:00,2022,2022-01-01T00:00:00+01:00,2022-12-31T00:00:00+01:00
3041156,WHS4_100,COUNTRY,CHN,WPR,YEAR,Western Pacific,,2017,,,,,,,,99,99.0,,,,2025-07-14T16:23:12.92+02:00,2017,2017-01-01T00:00:00+01:00,2017-12-31T00:00:00+01:00
3126840,WHS4_100,COUNTRY,KEN,AFR,YEAR,Africa,,2016,,,,,,,,88,88.0,,,,2025-07-14T16:23:12.92+02:00,2016,2016-01-01T00:00:00+01:00,2016-12-31T00:00:00+01:00
3157414,WHS4_100,COUNTRY,POL,EUR,YEAR,Europe,,2012,,,,,,,,99,99.0,,,,2025-07-14T16:23:12.92+02:00,2012,2012-01-01T00:00:00+01:00,2012-12-31T00:00:00+01:00
3335763,WHS4_100,COUNTRY,BRA,AMR,YEAR,Americas,,2021,,,,,,,,68,68.0,,,,2025-07-14T16:23:12.92+02:00,2021,2021-01-01T00:00:00+01:00,2021-12-31T00:00:00+01:00
3353344,WHS4_100,COUNTRY,KEN,AFR,YEAR,Africa,,2019,,,,,,,,93,93.0,,,,2025-07-14T16:23:12.92+02:00,2019,2019-01-01T00:00:00+01:00,2019-12-31T00:00:00+01:00
3366276,WHS4_100,COUNTRY,GHA,AFR,YEAR,Africa,,2018,,,,,,,,97,97.0,,,,2025-07-14T16:23:12.92+02:00,2018,2018-01-01T00:00:00+01:00,2018-12-31T00:00:00+01:00
3378323,WHS4_100,COUNTRY,UGA,AFR,YEAR,Africa,,2015,,,,,,,,89,89.0,,,,2025-07-14T16:23:12.92+02:00,2015,2015-01-01T00:00:00+01:00,2015-12-31T00:00:00+01:00
3455237,WHS4_100,COUNTRY,BRA,AMR,YEAR,Americas,,2018,,,,,,,,87,87.0,,,,2025-07-14T16:23:12.92+02:00,2018,2018-01-01T00:00:00+01:00,2018-12-31T00:00:00+01:00
3473411,WHS4_100,COUNTRY,POL,EUR,YEAR,Europe,,2016,,,,,,,,98,98.0,,,,2025-07-14T16:23:12.92+02:00,2016,2016-01-01T00:00:00+01:00,2016-12-31T00:00:00+01:00
3480897,WHS4_100,COUNTRY,SGP,WPR,YEAR,Western Pacific,,2010,,,,,,,,96,96.0,,,,2025-07-14T16:23:12.92+02:00,2010,2010-01-01T00:00:00+01:00,2010-12-31T00:00:00+01:00
3523005,WHS4_100,COUNTRY,SGP,WPR,YEAR,Western Pacific,,2023,,,,,,,,98,98.0,,,,2025-07-14T16:23:12.92+02:00,2023,2023-01-01T00:00:00+01:00,2023-12-31T00:00:00+01:00
3588589,WHS4_100,COUNTRY,JPN,WPR,YEAR,Western Pacific,,2011,,,,,,,,97,97.0,,,,2025-07-14T16:23:12.92+02:00,2011,2011-01-01T00:00:00+01:00,2011-12-31T00:00:00+01:00
3671764,WHS4_100,COUNTRY,GHA,AFR,YEAR,Africa,,2015,,,,,,,,89,89.0,,,,2025-07-14T16:23:12.92+02:00,2015,2015-01-01T00:00:00+01:00,2015-12-31T00:00:00+01:00
3735484,WHS4_100,COUNTRY,POL,EUR,YEAR,Europe,,2019,,,,,,,,95,95.0,,,,2025-07-14T16:23:12.92+02:00,2019,2019-01-01T00:00:00+01:00,2019-12-31T00:00:00+01:00
3743151,WHS4_100,COUNTRY,RWA,AFR,YEAR,Africa,,2010,,,,,,,,97,97.0,,,,2025-07-14T16:23:12.92+02:00,2010,2010-01-01T00:00:00+01:00,2010-12-31T00:00:00+01:00
3767129,WHS4_100,COUNTRY,ZAF,AFR,YEAR,Africa,,2013,,,,,,,,81,81.0,,,,2025-07-14T16:23:12.92+02:00,2013,2013-01-01T00:00:00+01:00,2013-12-31T00:00:00+01:00
3792863,WHS4_100,COUNTRY,NGA,AFR,YEAR,Africa,,2019,,,,,,,,66,66.0,,,,2025-07-14T16:23:12.92+02:00,2019,2019-01-01T00:00:00+01:00,2019-12-31T00:00:00+01:00
3793021,WHS4_100,COUNTRY,CHN,WPR,YEAR,Western Pacific,,2018,,,,,,,,99,99.0,,,,2025-07-14T16:23:12.92+02:00,2018,2018-01-01T00:00:00+01:00,2018-12-31T00:00:00+01:00
3900129,WHS4_100,COUNTRY,ZAF,AFR,YEAR,Africa,,2015,,,,,,,,85,85.0,,,,2025-07-14T16:23:12.92+02:00,2015,2015-01-01T00:00:00+01:00,2015-12-31T00:00:00+01:00
3925421,WHS4_100,COUNTRY,PAK,EMR,YEAR,Eastern Mediterranean,,2021,,,,,,,,83,83.0,,,,2025-07-14T16:23:12.92+02:00,2021,2021-01-01T00:00:00+01:00,2021-12-31T00:00:00+01:00
3971022,WHS4_100,COUNTRY,PHL,WPR,YEAR,Western Pacific,,2019,,,,,,,,84,84.0,,,,2025-07-14T16:23:12.92+02:00,2019,2019-01-01T00:00:00+01:00,2019-12-31T00:00:00+01:00
4039133,WHS4_100,COUNTRY,JPN,WPR,YEAR,Western Pacific,,2013,,,,,,,,96,96.0,,,,2025-07-14T16:23:12.92+02:00,2013,2013-01-01T00:00:00+01:00,2013-12-31T00:00:00+01:00
4072377,WHS4_100,COUNTRY,TUR,EUR,YEAR,Europe,,2018,,,,,,,,98,98.0,,,,2025-07-14T16:23:12.92+02:00,2018,2018-01-01T00:00:00+01:00,2018-12-31T00:00:00+01:00
4096654,WHS4_100,COUNTRY,SGP,WPR,YEAR,Western Pacific,,2018,,,,,,,,97,97.0,,,,2025-07-14T16:23:12.92+02:00,2018,2018-01-01T00:00:00+01:00,2018-12-31T00:00:00+01:00
4105583,WHS4_100,COUNTRY,BRA,AMR,YEAR,Americas,,2024,,,,,,,,91,91.0,,,,2025-07-14T16:23:12.92+02:00,2024,2024-01-01T00:00:00+01:00,2024-12-31T00:00:00+01:00
4156053,WHS4_100,COUNTRY,UGA,AFR,YEAR,Africa,,2023,,,,,,,,91,91.0,,,,2025-07-14T16:23:12.92+02:00,2023,2023-01-01T00:00:00+01:00,2023-12-31T00:00:00+01:00
4169691,WHS4_100,COUNTRY,GHA,AFR,YEAR,Africa,,2011,,,,,,,,91,91.0,,,,2025-07-14T16:23:12.92+02:00,2011,2011-01-01T00:00:00+01:00,2011-12-31T00:00:00+01:00
4180113,WHS4_100,COUNTRY,BGD,SEAR,YEAR,South-East Asia,,2014,,,,,,,,97,97.0,,,,2025-07-14T16:23:12.92+02:00,2014,2014-01-01T00:00:00+01:00,2014-12-31T00:00:00+01:00
4193614,WHS4_100,COUNTRY,MDG,AFR,YEAR,Africa,,2010,,,,,,,,70,70.0,,,,2025-07-14T16:23:12.92+02:00,2010,2010-01-01T00:00:00+01:00,2010-12-31T00:00:00+01:00
4269283,WHS4_100,COUNTRY,BRA,AMR,YEAR,Americas,,2022,,,,,,,,77,77.0,,,,2025-07-14T16:23:12.92+02:00,2022,2022-01-01T00:00:00+01:00,2022-12-31T00:00:00+01:00
4294361,WHS4_100,COUNTRY,IDN,WPR,YEAR,Western Pacific,,2021,,,,,,,,67,67.0,,,,2025-07-14T16:23:12.92+02:00,2021,2021-01-01T00:00:00+01:00,2021-12-31T00:00:00+01:00
4296461,WHS4_100,COUNTRY,CHL,AMR,YEAR,Americas,,2015,,,,,,,,96,96.0,,,,2025-07-14T16:23:12.92+02:00,2015,2015-01-01T00:00:00+01:00,2015-12-31T00:00:00+01:00
4341026,WHS4_100,COUNTRY,POL,EUR,YEAR,Europe,,2022,,,,,,,,94,94.0,,,,2025-07-14T16:23:12.92+02:00,2022,2022-01-01T00:00:00+01:00,2022-12-31T00:00:00+01:00
4359529,WHS4_100,COUNTRY,UGA,AFR,YEAR,Africa,,2018,,,,,,,,93,93.0,,,,2025-07-14T16:23:12.92+02:00,2018,2018-01-01T00:00:00+01:00,2018-12-31T00:00:00+01:00
4364007,WHS4_100,COUNTRY,NGA,AFR,YEAR,Africa,,2011,,,,,,,,53,53.0,,,,2025-07-14T16:23:12.92+02:00,2011,2011-01-01T00:00:00+01:00,2011-12-31T00:00:00+01:00
4390320,WHS4_100,COUNTRY,GHA,AFR,YEAR,Africa,,2014,,,,,,,,98,98.0,,,,2025-07-14T16:23:12.92+02:00,2014,2014-01-01T00:00:00+01:00,2014-12-31T00:00:00+01:00
4396018,WHS4_100,COUNTRY,BRA,AMR,YEAR,Americas,,2011,,,,,,,,99,99.0,,,,2025-07-14T16:23:12.92+02:00,2011,2011-01-01T00:00:00+01:00,2011-12-31T00:00:00+01:00
4498633,WHS4_100,COUNTRY,ZAF,AFR,YEAR,Africa,,2012,,,,,,,,71,71.0,,,,2025-07-14T16:23:12.92+02:00,2012,2012-01-01T00:00:00+01:00,2012-12-31T00:00:00+01:00
4511060,WHS4_100,COUNTRY,IDN,WPR,YEAR,Western Pacific,,2020,,,,,,,,77,77.0,,,,2025-07-14T16:23:12.92+02:00,2020,2020-01-01T00:00:00+01:00,2020-12-31T00:00:00+01:00
4535666,WHS4_100,COUNTRY,NGA,AFR,YEAR,Africa,,2021,,,,,,,,61,61.0,,,,2025-07-14T16:23:12.92+02:00,2021,2021-01-01T00:00:00+01:00,2021-12-31T00:00:00+01:00
4536850,WHS4_100,COUNTRY,NGA,AFR,YEAR,Africa,,2023,,,,,,,,67,67.0,,,,2025-07-14T16:23:12.92+02:00,2023,2023-01-01T00:00:00+01:00,2023-12-31T00:00:00+01:00
4546279,WHS4_100,COUNTRY,PAK,EMR,YEAR,Eastern Mediterranean,,2013,,,,,,,,65,65.0,,,,2025-07-14T16:23:12.92+02:00,2013,2013-01-01T00:00:00+01:00,2013-12-31T00:00:00+01:00
4575724,WHS4_100,COUNTRY,SGP,WPR,YEAR,Western Pacific,,2014,,,,,,,,96,96.0,,,,2025-07-14T16:23:12.92+02:00,2014,2014-01-01T00:00:00+01:00,2014-12-31T00:00:00+01:00
4616967,WHS4_100,COUNTRY,CHL,AMR,YEAR,Americas,,2016,,,,,,,,95,95.0,,,,2025-07-14T16:23:12.92+02:00,2016,2016-01-01T00:00:00+01:00,2016-12-31T00:00:00+01:00
4641759,WHS4_100,COUNTRY,COL,AMR,YEAR,Americas,,2021,,,,,,,,87,87.0,,,,2025-07-14T16:23:12.92+02:00,2021,2021-01-01T00:00:00+01:00,2021-12-31T00:00:00+01:00
4643122,WHS4_100,COUNTRY,KEN,AFR,YEAR,Africa,,2023,,,,,,,,93,93.0,,,,2025-07-14T16:23:12.92+02:00,2023,2023-01-01T00:00:00+01:00,2023-12-31T00:00:00+01:00
4731095,WHS4_100,COUNTRY,UGA,AFR,YEAR,Africa,,2013,,,,,,,,84,84.0,,,,2025-07-14T16:23:12.92+02:00,2013,2013-01-01T00:00:00+01:00,2013-12-31T00:00:00+01:00
4802555,WHS4_100,COUNTRY,JPN,WPR,YEAR,Western Pacific,,2016,,,,,,,,99,99.0,,,,2025-07-14T16:23:12.92+02:00,2016,2016-01-01T00:00:00+01:00,2016-12-31T00:00:00+01:00
4822959,WHS4_100,COUNTRY,TUR,EUR,YEAR,Europe,,2016,,,,,,,,98,98.0,,,,2025-07-14T16:23:12.92+02:00,2016,2016-01-01T00:00:00+01:00,2016-12-31T00:00:00+01:00
4828949,WHS4_100,COUNTRY,TUR,EUR,YEAR,Europe,,2012,,,,,,,,97,97.0,,,,2025-07-14T16:23:12.92+02:00,2012,2012-01-01T00:00:00+01:00,2012-12-31T00:00:00+01:00
4829172,WHS4_100,COUNTRY,THA,SEAR,YEAR,South-East Asia,,2024,,,,,,,,92,92.0,,,,2025-07-14T16:23:12.92+02:00,2024,2024-01-01T00:00:00+01:00,2024-12-31T00:00:00+01:00
4840150,WHS4_100,COUNTRY,MDG,AFR,YEAR,Africa,,2020,,,,,,,,67,67.0,,,,2025-07-14T16:23:12.92+02:00,2020,2020-01-01T00:00:00+01:00,2020-12-31T00:00:00+01:00
4892533,WHS4_100,COUNTRY,MEX,AMR,YEAR,Americas,,2021,,,,,,,,78,78.0,,,,2025-07-14T16:23:12.92+02:00,2021,2021-01-01T00:00:00+01:00,2021-12-31T00:00:00+01:00
4905704,WHS4_100,COUNTRY,MDG,AFR,YEAR,Africa,,2012,,,,,,,,68,68.0,,,,2025-07-14T16:23:12.92+02:00,2012,2012-01-01T00:00:00+01:00,2012-12-31T00:00:00+01:00
4909864,WHS4_100,COUNTRY,MDG,AFR,YEAR,Africa,,2016,,,,,,,,68,68.0,,,,2025-07-14T16:23:12.92+02:00,2016,2016-01-01T00:00:00+01:00,2016-12-31T00:00:00+01:00
4916673,WHS4_100,COUNTRY,MEX,AMR,YEAR,Americas,,2014,,,,,,,,87,87.0,,,,2025-07-14T16:23:12.92+02:00,2014,2014-01-01T00:00:00+01:00,2014-12-31T00:00:00+01:00
5044481,WHS4_100,COUNTRY,JPN,WPR,YEAR,Western Pacific,,2024,,,,,,,,99,99.0,,,,2025-07-14T16:23:12.92+02:00,2024,2024-01-01T00:00:00+01:00,2024-12-31T00:00:00+01:00
5055781,WHS4_100,COUNTRY,THA,SEAR,YEAR,South-East Asia,,2020,,,,,,,,97,97.0,,,,2025-07-14T16:23:12.92+02:00,2020,2020-01-01T00:00:00+01:00,2020-12-31T00:00:00+01:00
5152023,WHS4_100,COUNTRY,ZAF,AFR,YEAR,Africa,,2022,,,,,,,,85,85.0,,,,2025-07-14T16:23:12.92+02:00,2022,2022-01-01T00:00:00+01:00,2022-12-31T00:00:00+01:00
5156459,WHS4_100,COUNTRY,JPN,WPR,YEAR,Western Pacific,,2010,,,,,,,,97,97.0,,,,2025-07-14T16:23:12.92+02:00,2010,2010-01-01T00:00:00+01:00,2010-12-31T00:00:00+01:00
5177567,WHS4_100,COUNTRY,POL,EUR,YEAR,Europe,,2023,,,,,,,,95,95.0,,,,2025-07-14T16:23:12.92+02:00,2023,2023-01-01T00:00:00+01:00,2023-12-31T00:00:00+01:00
5196644,WHS4_100,COUNTRY,COL,AMR,YEAR,Americas,,2022,,,,,,,,87,87.0,,,,2025-07-14T16:23:12.92+02:00,2022,2022-01-01T00:00:00+01:00,2022-12-31T00:00:00+01:00
5219159,WHS4_100,COUNTRY,PHL,WPR,YEAR,Western Pacific,,2011,,,,,,,,89,89.0,,,,2025-07-14T16:23:12.92+02:00,2011,2011-01-01T00:00:00+01:00,2011-12-31T00:00:00+01:00
5250093,WHS4_100,COUNTRY,MEX,AMR,YEAR,Americas,,2019,,,,,,,,82,82.0,,,,2025-07-14T16:23:12.92+02:00,2019,2019-01-01T00:00:00+01:00,2019-12-31T00:00:00+01:00
5347075,WHS4_100,COUNTRY,KEN,AFR,YEAR,Africa,,2010,,,,,,,,90,90.0,,,,2025-07-14T16:23:12.92+02:00,2010,2010-01-01T00:00:00+01:00,2010-12-31T00:00:00+01:00
5424840,WHS4_100,COUNTRY,THA,SEAR,YEAR,South-East Asia,,2012,,,,,,,,99,99.0,,,,2025-07-14T16:23:12.92+02:00,2012,2012-01-01T00:00:00+01:00,2012-12-31T00:00:00+01:00
5454422,WHS4_100,COUNTRY,GHA,AFR,YEAR,Africa,,2013,,,,,,,,90,90.0,,,,2025-07-14T16:23:12.92+02:00,2013,2013-01-01T00:00:00+01:00,2013-12-31T00:00:00+01:00
5455850,WHS4_100,COUNTRY,JPN,WPR,YEAR,Western Pacific,,2023,,,,,,,,98,98.0,,,,2025-07-14T16:23:12.92+02:00,2023,2023-01-01T00:00:00+01:00,2023-12-31T00:00:00+01:00
5461589,WHS4_100,COUNTRY,NGA,AFR,YEAR,Africa,,2024,,,,,,,,67,67.0,,,,2025-07-14T16:23:12.92+02:00,2024,2024-01-01T00:00:00+01:00,2024-12-31T00:00:00+01:00
5493769,WHS4_100,COUNTRY,KEN,AFR,YEAR,Africa,,2020,,,,,,,,93,93.0,,,,2025-07-14T16:23:12.92+02:00,2020,2020-01-01T00:00:00+01:00,2020-12-31T00:00:00+01:00
5532691,WHS4_100,COUNTRY,EGY,EMR,YEAR,Eastern Mediterranean,,2021,,,,,,,,96,96.0,,,,2025-07-14T16:23:12.92+02:00,2021,2021-01-01T00:00:00+01:00,2021-12-31T00:00:00+01:00
5532737,WHS4_100,COUNTRY,EGY,EMR,YEAR,Eastern Mediterranean,,2020,,,,,,,,94,94.0,,,,2025-07-14T16:23:12.92+02:00,2020,2020-01-01T00:00:00+01:00,2020-12-31T00:00:00+01:00
5555645,WHS4_100,COUNTRY,PHL,WPR,YEAR,Western Pacific,,2013,,,,,,,,85,85.0,,,,2025-07-14T16:23:12.92+02:00,2013,2013-01-01T00:00:00+01:00,2013-12-31T00:00:00+01:00
5564134,WHS4_100,COUNTRY,CHN,WPR,YEAR,Western Pacific,,2022,,,,,,,,99,99.0,,,,2025-07-14T16:23:12.92+02:00,2022,2022-01-01T00:00:00+01:00,2022-12-31T00:00:00+01:00
5570424,WHS4_100,COUNTRY,MDG,AFR,YEAR,Africa,,2011,,,,,,,,73,73.0,,,,2025-07-14T16:23:12.92+02:00,2011,2011-01-01T00:00:00+01:00,2011-12-31T00:00:00+01:00
5728785,WHS4_100,COUNTRY,MDG,AFR,YEAR,Africa,,2013,,,,,,,,70,70.0,,,,2025-07-14T16:23:12.92+02:00,2013,2013-01-01T00:00:00+01:00,2013-12-31T00:00:00+01:00
5797433,WHS4_100,COUNTRY,EGY,EMR,YEAR,Eastern Mediterranean,,2022,,,,,,,,97,97.0,,,,2025-07-14T16:23:12.92+02:00,2022,2022-01-01T00:00:00+01:00,2022-12-31T00:00:00+01:00
5842050,WHS4_100,COUNTRY,RWA,AFR,YEAR,Africa,,2015,,,,,,,,98,98.0,,,,2025-07-14T16:23:12.92+02:00,2015,2015-01-01T00:00:00+01:00,2015-12-31T00:00:00+01:00
5847820,WHS4_100,COUNTRY,THA,SEAR,YEAR,South-East Asia,,2023,,,,,,,,92,92.0,,,,2025-07-14T16:23:12.92+02:00,2023,2023-01-01T00:00:00+01:00,2023-12-31T00:00:00+01:00
5874975,WHS4_100,COUNTRY,NGA,AFR,YEAR,Africa,,2020,,,,,,,,62,62.0,,,,2025-07-14T16:23:12.92+02:00,2020,2020-01-01T00:00:00+01:00,2020-12-31T00:00:00+01:00
5955287,WHS4_100,COUNTRY,IDN,WPR,YEAR,Western Pacific,,2023,,,,,,,,83,83.0,,,,2025-07-14T16:23:12.92+02:00,2023,2023-01-01T00:00:00+01:00,2023-12-31T00:00:00+01:00
6027572,WHS4_100,COUNTRY,THA,SEAR,YEAR,South-East Asia,,2013,,,,,,,,99,99.0,,,,2025-07-14T16:23:12.92+02:00,2013,2013-01-01T00:00:00+01:00,2013-12-31T00:00:00+01:00
6051127,WHS4_100,COUNTRY,POL,EUR,YEAR,Europe,,2010,,,,,,,,99,99.0,,,,2025-07-14T16:23:12.92+02:00,2010,2010-01-01T00:00:00+01:00,2010-12-31T00:00:00+01:00
6100091,WHS4_100,COUNTRY,KOR,WPR,YEAR,Western Pacific,,2016,,,,,,,,98,98.0,,,,2025-07-14T16:23:12.92+02:00,2016,2016-01-01T00:00:00+01:00,2016-12-31T00:00:00+01:00
6216726,WHS4_100,COUNTRY,KEN,AFR,YEAR,Africa,,2018,,,,,,,,91,91.0,,,,2025-07-14T16:23:12.92+02:00,2018,2018-01-01T00:00:00+01:00,2018-12-31T00:00:00+01:00
6309220,WHS4_100,COUNTRY,IND,SEAR,YEAR,South-East Asia,,2015,,,,,,,,87,87.0,,,,2025-07-14T16:23:12.92+02:00,2015,2015-01-01T00:00:00+01:00,2015-12-31T00:00:00+01:00
6337204,WHS4_100,COUNTRY,AFG,EMR,YEAR,Eastern Mediterranean,,2021,,,,,,,,55,55.0,,,,2025-07-14T16:23:12.92+02:00,2021,2021-01-01T00:00:00+01:00,2021-12-31T00:00:00+01:00
6340736,WHS4_100,COUNTRY,CHN,WPR,YEAR,Western Pacific,,2013,,,,,,,,99,99.0,,,,2025-07-14T16:23:12.92+02:00,2013,2013-01-01T00:00:00+01:00,2013-12-31T00:00:00+01:00
6438049,WHS4_100,COUNTRY,ZAF,AFR,YEAR,Africa,,2020,,,,,,,,84,84.0,,,,2025-07-14T16:23:12.92+02:00,2020,2020-01-01T00:00:00+01:00,2020-12-31T00:00:00+01:00
6640529,WHS4_100,COUNTRY,AFG,EMR,YEAR,Eastern Mediterranean,,2015,,,,,,,,64,64.0,,,,2025-07-14T16:23:12.92+02:00,2015,2015-01-01T00:00:00+01:00,2015-12-31T00:00:00+01:00
6667540,WHS4_100,COUNTRY,AFG,EMR,YEAR,Eastern Mediterranean,,2017,,,,,,,,64,64.0,,,,2025-07-14T16:23:12.92+02:00,2017,2017-01-01T00:00:00+01:00,2017-12-31T00:00:00+01:00
6694199,WHS4_100,COUNTRY,POL,EUR,YEAR,Europe,,2011,,,,,,,,99,99.0,,,,2025-07-14T16:23:12.92+02:00,2011,2011-01-01T00:00:00+01:00,2011-12-31T00:00:00+01:00
6736720,WHS4_100,COUNTRY,POL,EUR,YEAR,Europe,,2014,,,,,,,,98,98.0,,,,2025-07-14T16:23:12.92+02:00,2014,2014-01-01T00:00:00+01:00,2014-12-31T00:00:00+01:00
6747586,WHS4_100,COUNTRY,CHN,WPR,YEAR,Western Pacific,,2011,,,,,,,,99,99.0,,,,2025-07-14T16:23:12.92+02:00,2011,2011-01-01T00:00:00+01:00,2011-12-31T00:00:00+01:00
6804513,WHS4_100,COUNTRY,JPN,WPR,YEAR,Western Pacific,,2017,,,,,,,,99,99.0,,,,2025-07-14T16:23:12.92+02:00,2017,2017-01-01T00:00:00+01:00,2017-12-31T00:00:00+01:00
6865364,WHS4_100,COUNTRY,TUR,EUR,YEAR,Europe,,2011,,,,,,,,97,97.0,,,,2025-07-14T16:23:12.92+02:00,2011,2011-01-01T00:00:00+01:00,2011-12-31T00:00:00+01:00
6876499,WHS4_100,COUNTRY,KEN,AFR,YEAR,Africa,,2015,,,,,,,,89,89.0,,,,2025-07-14T16:23:12.92+02:00,2015,2015-01-01T00:00:00+01:00,2015-12-31T00:00:00+01:00
6901832,WHS4_100,COUNTRY,BGD,SEAR,YEAR,South-East Asia,,2024,,,,,,,,97,97.0,,,,2025-07-14T16:23:12.92+02:00,2024,2024-01-01T00:00:00+01:00,2024-12-31T00:00:00+01:00
6959499,WHS4_100,COUNTRY,KOR,WPR,YEAR,Western Pacific,,2014,,,,,,,,99,99.0,,,,2025-07-14T16:23:12.92+02:00,2014,2014-01-01T00:00:00+01:00,2014-12-31T00:00:00+01:00
7058674,WHS4_100,COUNTRY,BRA,AMR,YEAR,Americas,,2023,,,,,,,,90,90.0,,,,2025-07-14T16:23:12.92+02:00,2023,2023-01-01T00:00:00+01:00,2023-12-31T00:00:00+01:00
7097858,WHS4_100,COUNTRY,IND,SEAR,YEAR,South-East Asia,,2010,,,,,,,,79,79.0,,,,2025-07-14T16:23:12.92+02:00,2010,2010-01-01T00:00:00+01:00,2010-12-31T00:00:00+01:00
7124331,WHS4_100,COUNTRY,PHL,WPR,YEAR,Western Pacific,,2020,,,,,,,,83,83.0,,,,2025-07-14T16:23:12.92+02:00,2020,2020-01-01T00:00:00+01:00,2020-12-31T00:00:00+01:00
7183115,WHS4_100,COUNTRY,THA,SEAR,YEAR,South-East Asia,,2018,,,,,,,,97,97.0,,,,2025-07-14T16:23:12.92+02:00,2018,2018-01-01T00:00:00+01:00,2018-12-31T00:00:00+01:00
7232018,WHS4_100,COUNTRY,AFG,EMR,YEAR,Eastern Mediterranean,,2019,,,,,,,,65,65.0,,,,2025-07-14T16:23:12.92+02:00,2019,2019-01-01T00:00:00+01:00,2019-12-31T00:00:00+01:00
7281141,WHS4_100,COUNTRY,MDG,AFR,YEAR,Africa,,2017,,,,,,,,65,65.0,,,,2025-07-14T16:23:12.92+02:00,2017,2017-01-01T00:00:00+01:00,2017-12-31T00:00:00+01:00
7312607,WHS4_100,COUNTRY,MDG,AFR,YEAR,Africa,,2021,,,,,,,,55,55.0,,,,2025-07-14T16:23:12.92+02:00,2021,2021-01-01T00:00:00+01:00,2021-12-31T00:00:00+01:00
7326169,WHS4_100,COUNTRY,GHA,AFR,YEAR,Africa,,2022,,,,,,,,99,99.0,,,,2025-07-14T16:23:12.92+02:00,2022,2022-01-01T00:00:00+01:00,2022-12-31T00:00:00+01:00
7340513,WHS4_100,COUNTRY,EGY,EMR,YEAR,Eastern Mediterranean,,2014,,,,,,,,94,94.0,,,,2025-07-14T16:23:12.92+02:00,2014,2014-01-01T00:00:00+01:00,2014-12-31T00:00:00+01:00
7348009,WHS4_100,COUNTRY,JPN,WPR,YEAR,Western Pacific,,2015,,,,,,,,96,96.0,,,,2025-07-14T16:23:12.92+02:00,2015,2015-01-01T00:00:00+01:00,2015-12-31T00:00:00+01:00
7504800,WHS4_100,COUNTRY,POL,EUR,YEAR,Europe,,2018,,,,,,,,95,95.0,,,,2025-07-14T16:23:12.92+02:00,2018,2018-01-01T00:00:00+01:00,2018-12-31T00:00:00+01:00
7561064,WHS4_100,COUNTRY,MDG,AFR,YEAR,Africa,,2014,,,,,,,,68,68.0,,,,2025-07-14T16:23:12.92+02:00,2014,2014-01-01T00:00:00+01:00,2014-12-31T00:00:00+01:00
7624781,WHS4_100,COUNTRY,GHA,AFR,YEAR,Africa,,2010,,,,,,,,94,94.0,,,,2025-07-14T16:23:12.92+02:00,2010,2010-01-01T00:00:00+01:00,2010-12-31T00:00:00+01:00
7631555,WHS4_100,COUNTRY,KOR,WPR,YEAR,Western Pacific,,2010,,,,,,,,94,94.0,,,,2025-07-14T16:23:12.92+02:00,2010,2010-01-01T00:00:00+01:00,2010-12-31T00:00:00+01:00
7692864,WHS4_100,COUNTRY,THA,SEAR,YEAR,South-East Asia,,2019,,,,,,,,97,97.0,,,,2025-07-14T16:23:12.92+02:00,2019,2019-01-01T00:00:00+01:00,2019-12-31T00:00:00+01:00
7822738,WHS4_100,COUNTRY,BGD,SEAR,YEAR,South-East Asia,,2022,,,,,,,,97,97.0,,,,2025-07-14T16:23:12.92+02:00,2022,2022-01-01T00:00:00+01:00,2022-12-31T00:00:00+01:00
7834198,WHS4_100,COUNTRY,AFG,EMR,YEAR,Eastern Mediterranean,,2011,,,,,,,,68,68.0,,,,2025-07-14T16:23:12.92+02:00,2011,2011-01-01T00:00:00+01:00,2011-12-31T00:00:00+01:00
7867384,WHS4_100,COUNTRY,PAK,EMR,YEAR,Eastern Mediterranean,,2017,,,,,,,,75,75.0,,,,2025-07-14T16:23:12.92+02:00,2017,2017-01-01T00:00:00+01:00,2017-12-31T00:00:00+01:00
7902919,WHS4_100,COUNTRY,CHN,WPR,YEAR,Western Pacific,,2021,,,,,,,,99,99.0,,,,2025-07-14T16:23:12.92+02:00,2021,2021-01-01T00:00:00+01:00,2021-12-31T00:00:00+01:00
7910510,WHS4_100,COUNTRY,IDN,WPR,YEAR,Western Pacific,,2012,,,,,,,,87,87.0,,,,2025-07-14T16:23:12.92+02:00,2012,2012-01-01T00:00:00+01:00,2012-12-31T00:00:00+01:00
8025637,WHS4_100,COUNTRY,PAK,EMR,YEAR,Eastern Mediterranean,,2015,,,,,,,,72,72.0,,,,2025-07-14T16:23:12.92+02:00,2015,2015-01-01T00:00:00+01:00,2015-12-31T00:00:00+01:00
8032282,WHS4_100,COUNTRY,CHL,AMR,YEAR,Americas,,2013,,,,,,,,91,91.0,,,,2025-07-14T16:23:12.92+02:00,2013,2013-01-01T00:00:00+01:00,2013-12-31T00:00:00+01:00
8055362,WHS4_100,COUNTRY,KEN,AFR,YEAR,Africa,,2024,,,,,,,,91,91.0,,,,2025-07-14T16:23:12.92+02:00,2024,2024-01-01T00:00:00+01:00,2024-12-31T00:00:00+01:00
8081463,WHS4_100,COUNTRY,IND,SEAR,YEAR,South-East Asia,,2021,,,,,,,,85,85.0,,,,2025-07-14T16:23:12.92+02:00,2021,2021-01-01T00:00:00+01:00,2021-12-31T00:00:00+01:00
8113011,WHS4_100,COUNTRY,JPN,WPR,YEAR,Western Pacific,,2018,,,,,,,,98,98.0,,,,2025-07-14T16:23:12.92+02:00,2018,2018-01-01T00:00:00+01:00,2018-12-31T00:00:00+01:00
8143964,WHS4_100,COUNTRY,UGA,AFR,YEAR,Africa,,2014,,,,,,,,85,85.0,,,,2025-07-14T16:23:12.92+02:00,2014,2014-01-01T00:00:00+01:00,2014-12-31T00:00:00+01:00
8159727,WHS4_100,COUNTRY,PHL,WPR,YEAR,Western Pacific,,2016,,,,,,,,84,84.0,,,,2025-07-14T16:23:12.92+02:00,2016,2016-01-01T00:00:00+01:00,2016-12-31T00:00:00+01:00
8271771,WHS4_100,COUNTRY,MEX,AMR,YEAR,Americas,,2011,,,,,,,,97,97.0,,,,2025-07-14T16:23:12.92+02:00,2011,2011-01-01T00:00:00+01:00,2011-12-31T00:00:00+01:00
8347687,WHS4_100,COUNTRY,UGA,AFR,YEAR,Africa,,2022,,,,,,,,89,89.0,,,,2025-07-14T16:23:12.92+02:00,2022,2022-01-01T00:00:00+01:00,2022-12-31T00:00:00+01:00
8359598,WHS4_100,COUNTRY,SGP,WPR,YEAR,Western Pacific,,2019,,,,,,,,97,97.0,,,,2025-07-14T16:23:12.92+02:00,2019,2019-01-01T00:00:00+01:00,2019-12-31T00:00:00+01:00
8367514,WHS4_100,COUNTRY,BRA,AMR,YEAR,Americas,,2016,,,,,,,,89,89.0,,,,2025-07-14T16:23:12.92+02:00,2016,2016-01-01T00:00:00+01:00,2016-12-31T00:00:00+01:00
8502183,WHS4_100,COUNTRY,NGA,AFR,YEAR,Africa,,2022,,,,,,,,59,59.0,,,,2025-07-14T16:23:12.92+02:00,2022,2022-01-01T00:00:00+01:00,2022-12-31T00:00:00+01:00
8565189,WHS4_100,COUNTRY,IND,SEAR,YEAR,South-East Asia,,2016,,,,,,,,88,88.0,,,,2025-07-14T16:23:12.92+02:00,2016,2016-01-01T00:00:00+01:00,2016-12-31T00:00:00+01:00
8613967,WHS4_100,COUNTRY,BGD,SEAR,YEAR,South-East Asia,,2023,,,,,,,,97,97.0,,,,2025-07-14T16:23:12.92+02:00,2023,2023-01-01T00:00:00+01:00,2023-12-31T00:00:00+01:00
8620302,WHS4_100,COUNTRY,COL,AMR,YEAR,Americas,,2017,,,,,,,,92,92.0,,,,2025-07-14T16:23:12.92+02:00,2017,2017-01-01T00:00:00+01:00,2017-12-31T00:00:00+01:00
8665452,WHS4_100,COUNTRY,GHA,AFR,YEAR,Africa,,2023,,,,,,,,95,95.0,,,,2025-07-14T16:23:12.92+02:00,2023,2023-01-01T00:00:00+01:00,2023-12-31T00:00:00+01:00
8672602,WHS4_100,COUNTRY,KOR,WPR,YEAR,Western Pacific,,2012,,,,,,,,99,99.0,,,,2025-07-14T16:23:12.92+02:00,2012,2012-01-01T00:00:00+01:00,2012-12-31T00:00:00+01:00
8685651,WHS4_100,COUNTRY,CHN,WPR,YEAR,Western Pacific,,2012,,,,,,,,99,99.0,,,,2025-07-14T16:23:12.92+02:00,2012,2012-01-01T00:00:00+01:00,2012-12-31T00:00:00+01:00
8690963,WHS4_100,COUNTRY,CHL,AMR,YEAR,Americas,,2014,,,,,,,,95,95.0,,,,2025-07-14T16:23:12.92+02:00,2014,2014-01-01T00:00:00+01:00,2014-12-31T00:00:00+01:00
8691968,WHS4_100,COUNTRY,KOR,WPR,YEAR,Western Pacific,,2015,,,,,,,,98,98.0,,,,2025-07-14T16:23:12.92+02:00,2015,2015-01-01T00:00:00+01:00,2015-12-31T00:00:00+01:00
8698813,WHS4_100,COUNTRY,AFG,EMR,YEAR,Eastern Mediterranean,,2012,,,,,,,,67,67.0,,,,2025-07-14T16:23:12.92+02:00,2012,2012-01-01T00:00:00+01:00,2012-12-31T00:00:00+01:00
8761852,WHS4_100,COUNTRY,PHL,WPR,YEAR,Western Pacific,,2017,,,,,,,,84,84.0,,,,2025-07-14T16:23:12.92+02:00,2017,2017-01-01T00:00:00+01:00,2017-12-31T00:00:00+01:00
8843177,WHS4_100,COUNTRY,PHL,WPR,YEAR,Western Pacific,,2015,,,,,,,,76,76.0,,,,2025-07-14T16:23:12.92+02:00,2015,2015-01-01T00:00:00+01:00,2015-12-31T00:00:00+01:00
8850696,WHS4_100,COUNTRY,JPN,WPR,YEAR,Western Pacific,,2022,,,,,,,,99,99.0,,,,2025-07-14T16:23:12.92+02:00,2022,2022-01-01T00:00:00+01:00,2022-12-31T00:00:00+01:00
8869138,WHS4_100,COUNTRY,AFG,EMR,YEAR,Eastern Mediterranean,,2022,,,,,,,,58,58.0,,,,2025-07-14T16:23:12.92+02:00,2022,2022-01-01T00:00:00+01:00,2022-12-31T00:00:00+01:00
8904250,WHS4_100,COUNTRY,MEX,AMR,YEAR,Americas,,2012,,,,,,,,99,99.0,,,,2025-07-14T16:23:12.92+02:00,2012,2012-01-01T00:00:00+01:00,2012-12-31T00:00:00+01:00
8938809,WHS4_100,COUNTRY,PHL,WPR,YEAR,Western Pacific,,2021,,,,,,,,69,69.0,,,,2025-07-14T16:23:12.92+02:00,2021,2021-01-01T00:00:00+01:00,2021-12-31T00:00:00+01:00
8968121,WHS4_100,COUNTRY,EGY,EMR,YEAR,Eastern Mediterranean,,2024,,,,,,,,97,97.0,,,,2025-07-14T16:23:12.92+02:00,2024,2024-01-01T00:00:00+01:00,2024-12-31T00:00:00+01:00
9029068,WHS4_100,COUNTRY,ZAF,AFR,YEAR,Africa,,2021,,,,,,,,86,86.0,,,,2025-07-14T16:23:12.92+02:00,2021,2021-01-01T00:00:00+01:00,2021-12-31T00:00:00+01:00
9058826,WHS4_100,COUNTRY,CHL,AMR,YEAR,Americas,,2024,,,,,,,,95,95.0,,,,2025-07-14T16:23:12.92+02:00,2024,2024-01-01T00:00:00+01:00,2024-12-31T00:00:00+01:00
9123960,WHS4_100,COUNTRY,PHL,WPR,YEAR,Western Pacific,,2018,,,,,,,,84,84.0,,,,2025-07-14T16:23:12.92+02:00,2018,2018-01-01T00:00:00+01:00,2018-12-31T00:00:00+01:00
9180274,WHS4_100,COUNTRY,MEX,AMR,YEAR,Americas,,2020,,,,,,,,72,72.0,,,,2025-07-14T16:23:12.92+02:00,2020,2020-01-01T00:00:00+01:00,2020-12-31T00:00:00+01:00
9218817,WHS4_100,COUNTRY,IDN,WPR,YEAR,Western Pacific,,2010,,,,,,,,81,81.0,,,,2025-07-14T16:23:12.92+02:00,2010,2010-01-01T00:00:00+01:00,2010-12-31T00:00:00+01:00
9338198,WHS4_100,COUNTRY,RWA,AFR,YEAR,Africa,,2020,,,,,,,,91,91.0,,,,2025-07-14T16:23:12.92+02:00,2020,2020-01-01T00:00:00+01:00,2020-12-31T00:00:00+01:00
9451016,WHS4_100,COUNTRY,MEX,AMR,YEAR,Americas,,2017,,,,,,,,85,85.0,,,,2025-07-14T16:23:12.92+02:00,2017,2017-01-01T00:00:00+01:00,2017-12-31T00:00:00+01:00
9507806,WHS4_100,COUNTRY,EGY,EMR,YEAR,Eastern Mediterranean,,2015,,,,,,,,93,93.0,,,,2025-07-14T16:23:12.92+02:00,2015,2015-01-01T00:00:00+01:00,2015-12-31T00:00:00+01:00
9532928,WHS4_100,COUNTRY,NGA,AFR,YEAR,Africa,,2014,,,,,,,,43,43.0,,,,2025-07-14T16:23:12.92+02:00,2014,2014-01-01T00:00:00+01:00,2014-12-31T00:00:00+01:00
9548535,WHS4_100,COUNTRY,CHL,AMR,YEAR,Americas,,2021,,,,,,,,95,95.0,,,,2025-07-14T16:23:12.92+02:00,2021,2021-01-01T00:00:00+01:00,2021-12-31T00:00:00+01:00
9647353,WHS4_100,COUNTRY,CHL,AMR,YEAR,Americas,,2012,,,,,,,,90,90.0,,,,2025-07-14T16:23:12.92+02:00,2012,2012-01-01T00:00:00+01:00,2012-12-31T00:00:00+01:00
9650217,WHS4_100,COUNTRY,CHN,WPR,YEAR,Western Pacific,,2015,,,,,,,,99,99.0,,,,2025-07-14T16:23:12.92+02:00,2015,2015-01-01T00:00:00+01:00,2015-12-31T00:00:00+01:00
9802645,WHS4_100,COUNTRY,TUR,EUR,YEAR,Europe,,2013,,,,,,,,98,98.0,,,,2025-07-14T16:23:12.92+02:00,2013,2013-01-01T00:00:00+01:00,2013-12-31T00:00:00+01:00
9832618,WHS4_100,COUNTRY,KOR,WPR,YEAR,Western Pacific,,2023,,,,,,,,98,98.0,,,,2025-07-14T16:23:12.92+02:00,2023,2023-01-01T00:00:00+01:00,2023-12-31T00:00:00+01:00
9913051,WHS4_100,COUNTRY,ZAF,AFR,YEAR,Africa,,2016,,,,,,,,85,85.0,,,,2025-07-14T16:23:12.92+02:00,2016,2016-01-01T00:00:00+01:00,2016-12-31T00:00:00+01:00
9958337,WHS4_100,COUNTRY,POL,EUR,YEAR,Europe,,2020,,,,,,,,94,94.0,,,,2025-07-14T16:23:12.92+02:00,2020,2020-01-01T00:00:00+01:00,2020-12-31T00:00:00+01:00
9991540,WHS4_100,COUNTRY,THA,SEAR,YEAR,South-East Asia,,2022,,,,,,,,92,92.0,,,,2025-07-14T16:23:12.92+02:00,2022,2022-01-01T00:00:00+01:00,2022-12-31T00:00:00+01:00
10043424,WHS4_100,COUNTRY,PHL,WPR,YEAR,Western Pacific,,2014,,,,,,,,80,80.0,,,,2025-07-14T16:23:12.92+02:00,2014,2014-01-01T00:00:00+01:00,2014-12-31T00:00:00+01:00
10087828,WHS4_100,COUNTRY,UGA,AFR,YEAR,Africa,,2019,,,,,,,,93,93.0,,,,2025-07-14T16:23:12.92+02:00,2019,2019-01-01T00:00:00+01:00,2019-12-31T00:00:00+01:00
10100917,WHS4_100,COUNTRY,BRA,AMR,YEAR,Americas,,2010,,,,,,,,99,99.0,,,,2025-07-14T16:23:12.92+02:00,2010,2010-01-01T00:00:00+01:00,2010-12-31T00:00:00+01:00
10117037,WHS4_100,COUNTRY,MDG,AFR,YEAR,Africa,,2018,,,,,,,,74,74.0,,,,2025-07-14T16:23:12.92+02:00,2018,2018-01-01T00:00:00+01:00,2018-12-31T00:00:00+01:00
10144966,WHS4_100,COUNTRY,KOR,WPR,YEAR,Western Pacific,,2024,,,,,,,,97,97.0,,,,2025-07-14T16:23:12.92+02:00,2024,2024-01-01T00:00:00+01:00,2024-12-31T00:00:00+01:00
10155766,WHS4_100,COUNTRY,TUR,EUR,YEAR,Europe,,2019,,,,,,,,99,99.0,,,,2025-07-14T16:23:12.92+02:00,2019,2019-01-01T00:00:00+01:00,2019-12-31T00:00:00+01:00
33309,WHS4_100,COUNTRY,COL,AMR,YEAR,Americas,,2016,,,,,,,,91,91.0,,,,2025-07-14T16:23:12.92+02:00,2016,2016-01-01T00:00:00+01:00,2016-12-31T00:00:00+01:00
146885,WHS4_100,COUNTRY,KOR,WPR,YEAR,Western Pacific,,2011,,,,,,,,99,99.0,,,,2025-07-14T16:23:12.92+02:00,2011,2011-01-01T00:00:00+01:00,2011-12-31T00:00:00+01:00
223340,WHS4_100,COUNTRY,AFG,EMR,YEAR,Eastern Mediterranean,,2020,,,,,,,,61,61.0,,,,2025-07-14T16:23:12.92+02:00,2020,2020-01-01T00:00:00+01:00,2020-12-31T00:00:00+01:00
519625,WHS4_100,COUNTRY,AFG,EMR,YEAR,Eastern Mediterranean,,2010,,,,,,,,66,66.0,,,,2025-07-14T16:23:12.92+02:00,2010,2010-01-01T00:00:00+01:00,2010-12-31T00:00:00+01:00
702183,WHS4_100,COUNTRY,PAK,EMR,YEAR,Eastern Mediterranean,,2018,,,,,,,,80,80.0,,,,2025-07-14T16:23:12.92+02:00,2018,2018-01-01T00:00:00+01:00,2018-12-31T00:00:00+01:00
771710,WHS4_100,COUNTRY,BRA,AMR,YEAR,Americas,,2020,,,,,,,,77,77.0,,,,2025-07-14T16:23:12.92+02:00,2020,2020-01-01T00:00:00+01:00,2020-12-31T00:00:00+01:00
797505,WHS4_100,COUNTRY,PAK,EMR,YEAR,Eastern Mediterranean,,2023,,,,,,,,86,86.0,,,,2025-07-14T16:23:12.92+02:00,2023,2023-01-01T00:00:00+01:00,2023-12-31T00:00:00+01:00
830045,WHS4_100,COUNTRY,UGA,AFR,YEAR,Africa,,2020,,,,,,,,89,89.0,,,,2025-07-14T16:23:12.92+02:00,2020,2020-01-01T00:00:00+01:00,2020-12-31T00:00:00+01:00
836183,WHS4_100,COUNTRY,GHA,AFR,YEAR,Africa,,2019,,,,,,,,97,97.0,,,,2025-07-14T16:23:12.92+02:00,2019,2019-01-01T00:00:00+01:00,2019-12-31T00:00:00+01:00
963351,WHS4_100,COUNTRY,RWA,AFR,YEAR,Africa,,2016,,,,,,,,98,98.0,,,,2025-07-14T16:23:12.92+02:00,2016,2016-01-01T00:00:00+01:00,2016-12-31T00:00:00+01:00
995414,WHS4_100,COUNTRY,THA,SEAR,YEAR,South-East Asia,,2015,,,,,,,,99,99.0,,,,2025-07-14T16:23:12.92+02:00,2015,2015-01-01T00:00:00+01:00,2015-12-31T00:00:00+01:00
1050853,WHS4_100,COUNTRY,EGY,EMR,YEAR,Eastern Mediterranean,,2016,,,,,,,,95,95.0,,,,2025-07-14T16:23:12.92+02:00,2016,2016-01-01T00:00:00+01:00,2016-12-31T00:00:00+01:00
1094849,WHS4_100,COUNTRY,SGP,WPR,YEAR,Western Pacific,,2011,,,,,,,,96,96.0,,,,2025-07-14T16:23:12.92+02:00,2011,2011-01-01T00:00:00+01:00,2011-12-31T00:00:00+01:00
1094923,WHS4_100,COUNTRY,RWA,AFR,YEAR,Africa,,2021,,,,,,,,88,88.0,,,,2025-07-14T16:23:12.92+02:00,2021,2021-01-01T00:00:00+01:00,2021-12-31T00:00:00+01:00
1265376,WHS4_100,COUNTRY,NGA,AFR,YEAR,Africa,,2010,,,,,,,,56,56.0,,,,2025-07-14T16:23:12.92+02:00,2010,2010-01-01T00:00:00+01:00,2010-12-31T00:00:00+01:00
1347730,WHS4_100,COUNTRY,RWA,AFR,YEAR,Africa,,2011,,,,,,,,97,97.0,,,,2025-07-14T16:23:12.92+02:00,2011,2011-01-01T00:00:00+01:00,2011-12-31T00:00:00+01:00
1448529,WHS4_100,COUNTRY,BGD,SEAR,YEAR,South-East Asia,,2016,,,,,,,,98,98.0,,,,2025-07-14T16:23:12.92+02:00,2016,2016-01-01T00:00:00+01:00,2016-12-31T00:00:00+01:00
1492903,WHS4_100,COUNTRY,GHA,AFR,YEAR,Africa,,2016,,,,,,,,93,93.0,,,,2025-07-14T16:23:12.92+02:00,2016,2016-01-01T00:00:00+01:00,2016-12-31T00:00:00+01:00
1568918,WHS4_100,COUNTRY,SGP,WPR,YEAR,Western Pacific,,2012,,,,,,,,97,97.0,,,,2025-07-14T16:23:12.92+02:00,2012,2012-01-01T00:00:00+01:00,2012-12-31T00:00:00+01:00
1626168,WHS4_100,COUNTRY,CHL,AMR,YEAR,Americas,,2023,,,,,,,,96,96.0,,,,2025-07-14T16:23:12.92+02:00,2023,2023-01-01T00:00:00+01:00,2023-12-31T00:00:00+01:00
1670259,WHS4_100,COUNTRY,RWA,AFR,YEAR,Africa,,2019,,,,,,,,98,98.0,,,,2025-07-14T16:23:12.92+02:00,2019,2019-01-01T00:00:00+01:00,2019-12-31T00:00:00+01:00
1765300,WHS4_100,COUNTRY,TUR,EUR,YEAR,Europe,,2020,,,,,,,,98,98.0,,,,2025-07-14T16:23:12.92+02:00,2020,2020-01-01T00:00:00+01:00,2020-12-31T00:00:00+01:00
1848469,WHS4_100,COUNTRY,AFG,EMR,YEAR,Eastern Mediterranean,,2018,,,,,,,,68,68.0,,,,2025-07-14T16:23:12.92+02:00,2018,2018-01-01T00:00:00+01:00,2018-12-31T00:00:00+01:00
1916727,WHS4_100,COUNTRY,JPN,WPR,YEAR,Western Pacific,,2012,,,,,,,,97,97.0,,,,2025-07-14T16:23:12.92+02:00,2012,2012-01-01T00:00:00+01:00,2012-12-31T00:00:00+01:00
1918456,WHS4_100,COUNTRY,JPN,WPR,YEAR,Western Pacific,,2020,,,,,,,,96,96.0,,,,2025-07-14T16:23:12.92+02:00,2020,2020-01-01T00:00:00+01:00,2020-12-31T00:00:00+01:00
2000540,WHS4_100,COUNTRY,AFG,EMR,YEAR,Eastern Mediterranean,,2024,,,,,,,,59,59.0,,,,2025-07-14T16:23:12.92+02:00,2024,2024-01-01T00:00:00+01:00,2024-12-31T00:00:00+01:00
2152153,WHS4_100,COUNTRY,BGD,SEAR,YEAR,South-East Asia,,2019,,,,,,,,98,98.0,,,,2025-07-14T16:23:12.92+02:00,2019,2019-01-01T00:00:00+01:00,2019-12-31T00:00:00+01:00
2183998,WHS4_100,COUNTRY,BRA,AMR,YEAR,Americas,,2019,,,,,,,,70,70.0,,,,2025-07-14T16:23:12.92+02:00,2019,2019-01-01T00:00:00+01:00,2019-12-31T00:00:00+01:00
2272692,WHS4_100,COUNTRY,MEX,AMR,YEAR,Americas,,2016,,,,,,,,93,93.0,,,,2025-07-14T16:23:12.92+02:00,2016,2016-01-01T00:00:00+01:00,2016-12-31T00:00:00+01:00
2334566,WHS4_100,COUNTRY,BGD,SEAR,YEAR,South-East Asia,,2017,,,,,,,,98,98.0,,,,2025-07-14T16:23:12.92+02:00,2017,2017-01-01T00:00:00+01:00,2017-12-31T00:00:00+01:00
2373122,WHS4_100,COUNTRY,THA,SEAR,YEAR,South-East Asia,,2017,,,,,,,,99,99.0,,,,2025-07-14T16:23:12.92+02:00,2017,2017-01-01T00:00:00+01:00,2017-12-31T00:00:00+01:00
2404211,WHS4_100,COUNTRY,JPN,WPR,YEAR,Western Pacific,,2021,,,,,,,,99,99.0,,,,2025-07-14T16:23:12.92+02:00,2021,2021-01-01T00:00:00+01:00,2021-12-31T00:00:00+01:00
2475356,WHS4_100,COUNTRY,CHL,AMR,YEAR,Americas,,2022,,,,,,,,96,96.0,,,,2025-07-14T16:23:12.92+02:00,2022,2022-01-01T00:00:00+01:00,2022-12-31T00:00:00+01:00
2519944,WHS4_100,COUNTRY,CHN,WPR,YEAR,Western Pacific,,2024,,,,,,,,97,97.0,,,,2025-07-14T16:23:12.92+02:00,2024,2024-01-01T00:00:00+01:00,2024-12-31T00:00:00+01:00
2685992,WHS4_100,COUNTRY,CHL,AMR,YEAR,Americas,,2010,,,,,,,,92,92.0,,,,2025-07-14T16:23:12.92+02:00,2010,2010-01-01T00:00:00+01:00,2010-12-31T00:00:00+01:00
2713601,WHS4_100,COUNTRY,IDN,WPR,YEAR,Western Pacific,,2013,,,,,,,,92,92.0,,,,2025-07-14T16:23:12.92+02:00,2013,2013-01-01T00:00:00+01:00,2013-12-31T00:00:00+01:00
3078867,WHS4_100,COUNTRY,EGY,EMR,YEAR,Eastern Mediterranean,,2019,,,,,,,,95,95.0,,,,2025-07-14T16:23:12.92+02:00,2019,2019-01-01T00:00:00+01:00,2019-12-31T00:00:00+01:00
3115159,WHS4_100,COUNTRY,PAK,EMR,YEAR,Eastern Mediterranean,,2024,,,,,,,,87,87.0,,,,2025-07-14T16:23:12.92+02:00,2024,2024-01-01T00:00:00+01:00,2024-12-31T00:00:00+01:00
3116846,WHS4_100,COUNTRY,UGA,AFR,YEAR,Africa,,2024,,,,,,,,91,91.0,,,,2025-07-14T16:23:12.92+02:00,2024,2024-01-01T00:00:00+01:00,2024-12-31T00:00:00+01:00
3501697,WHS4_100,COUNTRY,NGA,AFR,YEAR,Africa,,2018,,,,,,,,61,61.0,,,,2025-07-14T16:23:12.92+02:00,2018,2018-01-01T00:00:00+01:00,2018-12-31T00:00:00+01:00
3584101,WHS4_100,COUNTRY,IND,SEAR,YEAR,South-East Asia,,2022,,,,,,,,93,93.0,,,,2025-07-14T16:23:12.92+02:00,2022,2022-01-01T00:00:00+01:00,2022-12-31T00:00:00+01:00
3585605,WHS4_100,COUNTRY,PAK,EMR,YEAR,Eastern Mediterranean,,2014,,,,,,,,69,69.0,,,,2025-07-14T16:23:12.92+02:00,2014,2014-01-01T00:00:00+01:00,2014-12-31T00:00:00+01:00
3597030,WHS4_100,COUNTRY,COL,AMR,YEAR,Americas,,2018,,,,,,,,92,92.0,,,,2025-07-14T16:23:12.92+02:00,2018,2018-01-01T00:00:00+01:00,2018-12-31T00:00:00+01:00
3829829,WHS4_100,COUNTRY,CHL,AMR,YEAR,Americas,,2020,,,,,,,,93,93.0,,,,2025-07-14T16:23:12.92+02:00,2020,2020-01-01T00:00:00+01:00,2020-12-31T00:00:00+01:00
3841143,WHS4_100,COUNTRY,BGD,SEAR,YEAR,South-East Asia,,2018,,,,,,,,98,98.0,,,,2025-07-14T16:23:12.92+02:00,2018,2018-01-01T00:00:00+01:00,2018-12-31T00:00:00+01:00
4119980,WHS4_100,COUNTRY,BGD,SEAR,YEAR,South-East Asia,,2013,,,,,,,,96,96.0,,,,2025-07-14T16:23:12.92+02:00,2013,2013-01-01T00:00:00+01:00,2013-12-31T00:00:00+01:00
4120010,WHS4_100,COUNTRY,PAK,EMR,YEAR,Eastern Mediterranean,,2012,,,,,,,,64,64.0,,,,2025-07-14T16:23:12.92+02:00,2012,2012-01-01T00:00:00+01:00,2012-12-31T00:00:00+01:00
4159249,WHS4_100,COUNTRY,SGP,WPR,YEAR,Western Pacific,,2021,,,,,,,,98,98.0,,,,2025-07-14T16:23:12.92+02:00,2021,2021-01-01T00:00:00+01:00,2021-12-31T00:00:00+01:00
4355692,WHS4_100,COUNTRY,JPN,WPR,YEAR,Western Pacific,,2019,,,,,,,,98,98.0,,,,2025-07-14T16:23:12.92+02:00,2019,2019-01-01T00:00:00+01:00,2019-12-31T00:00:00+01:00
4405930,WHS4_100,COUNTRY,BRA,AMR,YEAR,Americas,,2014,,,,,,,,93,93.0,,,,2025-07-14T16:23:12.92+02:00,2014,2014-01-01T00:00:00+01:00,2014-12-31T00:00:00+01:00
4545416,WHS4_100,COUNTRY,CHN,WPR,YEAR,Western Pacific,,2019,,,,,,,,99,99.0,,,,2025-07-14T16:23:12.92+02:00,2019,2019-01-01T00:00:00+01:00,2019-12-31T00:00:00+01:00
4665546,WHS4_100,COUNTRY,CHL,AMR,YEAR,Americas,,2018,,,,,,,,95,95.0,,,,2025-07-14T16:23:12.92+02:00,2018,2018-01-01T00:00:00+01:00,2018-12-31T00:00:00+01:00
4747866,WHS4_100,COUNTRY,KEN,AFR,YEAR,Africa,,2012,,,,,,,,94,94.0,,,,2025-07-14T16:23:12.92+02:00,2012,2012-01-01T00:00:00+01:00,2012-12-31T00:00:00+01:00
4792602,WHS4_100,COUNTRY,PHL,WPR,YEAR,Western Pacific,,2010,,,,,,,,88,88.0,,,,2025-07-14T16:23:12.92+02:00,2010,2010-01-01T00:00:00+01:00,2010-12-31T00:00:00+01:00
4805590,WHS4_100,COUNTRY,RWA,AFR,YEAR,Africa,,2012,,,,,,,,98,98.0,,,,2025-07-14T16:23:12.92+02:00,2012,2012-01-01T00:00:00+01:00,2012-12-31T00:00:00+01:00
4989576,WHS4_100,COUNTRY,RWA,AFR,YEAR,Africa,,2018,,,,,,,,97,97.0,,,,2025-07-14T16:23:12.92+02:00,2018,2018-01-01T00:00:00+01:00,2018-12-31T00:00:00+01:00
5186085,WHS4_100,COUNTRY,IND,SEAR,YEAR,South-East Asia,,2012,,,,,,,,82,82.0,,,,2025-07-14T16:23:12.92+02:00,2012,2012-01-01T00:00:00+01:00,2012-12-31T00:00:00+01:00
5249341,WHS4_100,COUNTRY,BGD,SEAR,YEAR,South-East Asia,,2011,,,,,,,,96,96.0,,,,2025-07-14T16:23:12.92+02:00,2011,2011-01-01T00:00:00+01:00,2011-12-31T00:00:00+01:00
5470759,WHS4_100,COUNTRY,THA,SEAR,YEAR,South-East Asia,,2011,,,,,,,,99,99.0,,,,2025-07-14T16:23:12.92+02:00,2011,2011-01-01T00:00:00+01:00,2011-12-31T00:00:00+01:00
5679330,WHS4_100,COUNTRY,MEX,AMR,YEAR,Americas,,2013,,,,,,,,83,83.0,,,,2025-07-14T16:23:12.92+02:00,2013,2013-01-01T00:00:00+01:00,2013-12-31T00:00:00+01:00
5692495,WHS4_100,COUNTRY,TUR,EUR,YEAR,Europe,,2022,,,,,,,,99,99.0,,,,2025-07-14T16:23:12.92+02:00,2022,2022-01-01T00:00:00+01:00,2022-12-31T00:00:00+01:00
5693347,WHS4_100,COUNTRY,IDN,WPR,YEAR,Western Pacific,,2024,,,,,,,,78,78.0,,,,2025-07-14T16:23:12.92+02:00,2024,2024-01-01T00:00:00+01:00,2024-12-31T00:00:00+01:00
5717629,WHS4_100,COUNTRY,IDN,WPR,YEAR,Western Pacific,,2018,,,,,,,,85,85.0,,,,2025-07-14T16:23:12.92+02:00,2018,2018-01-01T00:00:00+01:00,2018-12-31T00:00:00+01:00
5775909,WHS4_100,COUNTRY,COL,AMR,YEAR,Americas,,2023,,,,,,,,90,90.0,,,,2025-07-14T16:23:12.92+02:00,2023,2023-01-01T00:00:00+01:00,2023-12-31T00:00:00+01:00
5876040,WHS4_100,COUNTRY,POL,EUR,YEAR,Europe,,2017,,,,,,,,96,96.0,,,,2025-07-14T16:23:12.92+02:00,2017,2017-01-01T00:00:00+01:00,2017-12-31T00:00:00+01:00
6092806,WHS4_100,COUNTRY,UGA,AFR,YEAR,Africa,,2021,,,,,,,,91,91.0,,,,2025-07-14T16:23:12.92+02:00,2021,2021-01-01T00:00:00+01:00,2021-12-31T00:00:00+01:00
6098070,WHS4_100,COUNTRY,KOR,WPR,YEAR,Western Pacific,,2020,,,,,,,,98,98.0,,,,2025-07-14T16:23:12.92+02:00,2020,2020-01-01T00:00:00+01:00,2020-12-31T00:00:00+01:00
6218685,WHS4_100,COUNTRY,CHN,WPR,YEAR,Western Pacific,,2023,,,,,,,,96,96.0,,,,2025-07-14T16:23:12.92+02:00,2023,2023-01-01T00:00:00+01:00,2023-12-31T00:00:00+01:00
6230937,WHS4_100,COUNTRY,SGP,WPR,YEAR,Western Pacific,,2013,,,,,,,,97,97.0,,,,2025-07-14T16:23:12.92+02:00,2013,2013-01-01T00:00:00+01:00,2013-12-31T00:00:00+01:00
6243690,WHS4_100,COUNTRY,KOR,WPR,YEAR,Western Pacific,,2018,,,,,,,,98,98.0,,,,2025-07-14T16:23:12.92+02:00,2018,2018-01-01T00:00:00+01:00,2018-12-31T00:00:00+01:00
6257105,WHS4_100,COUNTRY,RWA,AFR,YEAR,Africa,,2013,,,,,,,,98,98.0,,,,2025-07-14T16:23:12.92+02:00,2013,2013-01-01T00:00:00+01:00,2013-12-31T00:00:00+01:00
6326584,WHS4_100,COUNTRY,KEN,AFR,YEAR,Africa,,2013,,,,,,,,87,87.0,,,,2025-07-14T16:23:12.92+02:00,2013,2013-01-01T00:00:00+01:00,2013-12-31T00:00:00+01:00
6377600,WHS4_100,COUNTRY,GHA,AFR,YEAR,Africa,,2021,,,,,,,,98,98.0,,,,2025-07-14T16:23:12.92+02:00,2021,2021-01-01T00:00:00+01:00,2021-12-31T00:00:00+01:00
6454575,WHS4_100,COUNTRY,IDN,WPR,YEAR,Western Pacific,,2019,,,,,,,,85,85.0,,,,2025-07-14T16:23:12.92+02:00,2019,2019-01-01T00:00:00+01:00,2019-12-31T00:00:00+01:00
6467011,WHS4_100,COUNTRY,ZAF,AFR,YEAR,Africa,,2024,,,,,,,,74,74.0,,,,2025-07-14T16:23:12.92+02:00,2024,2024-01-01T00:00:00+01:00,2024-12-31T00:00:00+01:00
6503921,WHS4_100,COUNTRY,IND,SEAR,YEAR,South-East Asia,,2018,,,,,,,,90,90.0,,,,2025-07-14T16:23:12.92+02:00,2018,2018-01-01T00:00:00+01:00,2018-12-31T00:00:00+01:00
6587231,WHS4_100,COUNTRY,MEX,AMR,YEAR,Americas,,2022,,,,,,,,83,83.0,,,,2025-07-14T16:23:12.92+02:00,2022,2022-01-01T00:00:00+01:00,2022-12-31T00:00:00+01:00
6626451,WHS4_100,COUNTRY,GHA,AFR,YEAR,Africa,,2020,,,,,,,,94,94.0,,,,2025-07-14T16:23:12.92+02:00,2020,2020-01-01T00:00:00+01:00,2020-12-31T00:00:00+01:00
6738862,WHS4_100,COUNTRY,PHL,WPR,YEAR,Western Pacific,,2012,,,,,,,,89,89.0,,,,2025-07-14T16:23:12.92+02:00,2012,2012-01-01T00:00:00+01:00,2012-12-31T00:00:00+01:00
6777179,WHS4_100,COUNTRY,CHN,WPR,YEAR,Western Pacific,,2014,,,,,,,,99,99.0,,,,2025-07-14T16:23:12.92+02:00,2014,2014-01-01T00:00:00+01:00,2014-12-31T00:00:00+01:00
6853844,WHS4_100,COUNTRY,IDN,WPR,YEAR,Western Pacific,,2011,,,,,,,,81,81.0,,,,2025-07-14T16:23:12.92+02:00,2011,2011-01-01T00:00:00+01:00,2011-12-31T00:00:00+01:00
6884752,WHS4_100,COUNTRY,PAK,EMR,YEAR,Eastern Mediterranean,,2019,,,,,,,,84,84.0,,,,2025-07-14T16:23:12.92+02:00,2019,2019-01-01T00:00:00+01:00,2019-12-31T00:00:00+01:00
6956025,WHS4_100,COUNTRY,KOR,WPR,YEAR,Western Pacific,,2021,,,,,,,,98,98.0,,,,2025-07-14T16:23:12.92+02:00,2021,2021-01-01T00:00:00+01:00,2021-12-31T00:00:00+01:00
7146037,WHS4_100,COUNTRY,KEN,AFR,YEAR,Africa,,2021,,,,,,,,95,95.0,,,,2025-07-14T16:23:12.92+02:00,2021,2021-01-01T00:00:00+01:00,2021-12-31T00:00:00+01:00
7184596,WHS4_100,COUNTRY,BRA,AMR,YEAR,Americas,,2013,,,,,,,,97,97.0,,,,2025-07-14T16:23:12.92+02:00,2013,2013-01-01T00:00:00+01:00,2013-12-31T00:00:00+01:00
7248339,WHS4_100,COUNTRY,EGY,EMR,YEAR,Eastern Mediterranean,,2012,,,,,,,,93,93.0,,,,2025-07-14T16:23:12.92+02:00,2012,2012-01-01T00:00:00+01:00,2012-12-31T00:00:00+01:00
7469683,WHS4_100,COUNTRY,EGY,EMR,YEAR,Eastern Mediterranean,,2011,,,,,,,,96,96.0,,,,2025-07-14T16:23:12.92+02:00,2011,2011-01-01T00:00:00+01:00,2011-12-31T00:00:00+01:00
7519661,WHS4_100,COUNTRY,EGY,EMR,YEAR,Eastern Mediterranean,,2018,,,,,,,,95,95.0,,,,2025-07-14T16:23:12.92+02:00,2018,2018-01-01T00:00:00+01:00,2018-12-31T00:00:00+01:00
7616586,WHS4_100,COUNTRY,COL,AMR,YEAR,Americas,,2011,,,,,,,,85,85.0,,,,2025-07-14T16:23:12.92+02:00,2011,2011-01-01T00:00:00+01:00,2011-12-31T00:00:00+01:00
7653957,WHS4_100,COUNTRY,COL,AMR,YEAR,Americas,,2019,,,,,,,,94,94.0,,,,2025-07-14T16:23:12.92+02:00,2019,2019-01-01T00:00:00+01:00,2019-12-31T00:00:00+01:00
7654484,WHS4_100,COUNTRY,IDN,WPR,YEAR,Western Pacific,,2016,,,,,,,,84,84.0,,,,2025-07-14T16:23:12.92+02:00,2016,2016-01-01T00:00:00+01:00,2016-12-31T00:00:00+01:00
7660353,WHS4_100,COUNTRY,TUR,EUR,YEAR,Europe,,2015,,,,,,,,97,97.0,,,,2025-07-14T16:23:12.92+02:00,2015,2015-01-01T00:00:00+01:00,2015-12-31T00:00:00+01:00
7672182,WHS4_100,COUNTRY,KOR,WPR,YEAR,Western Pacific,,2022,,,,,,,,98,98.0,,,,2025-07-14T16:23:12.92+02:00,2022,2022-01-01T00:00:00+01:00,2022-12-31T00:00:00+01:00
7735477,WHS4_100,COUNTRY,RWA,AFR,YEAR,Africa,,2023,,,,,,,,94,94.0,,,,2025-07-14T16:23:12.92+02:00,2023,2023-01-01T00:00:00+01:00,2023-12-31T00:00:00+01:00
7818282,WHS4_100,COUNTRY,UGA,AFR,YEAR,Africa,,2012,,,,,,,,83,83.0,,,,2025-07-14T16:23:12.92+02:00,2012,2012-01-01T00:00:00+01:00,2012-12-31T00:00:00+01:00
7844108,WHS4_100,COUNTRY,COL,AMR,YEAR,Americas,,2014,,,,,,,,90,90.0,,,,2025-07-14T16:23:12.92+02:00,2014,2014-01-01T00:00:00+01:00,2014-12-31T00:00:00+01:00
7925557,WHS4_100,COUNTRY,NGA,AFR,YEAR,Africa,,2015,,,,,,,,42,42.0,,,,2025-07-14T16:23:12.92+02:00,2015,2015-01-01T00:00:00+01:00,2015-12-31T00:00:00+01:00
8256832,WHS4_100,COUNTRY,ZAF,AFR,YEAR,Africa,,2010,,,,,,,,77,77.0,,,,2025-07-14T16:23:12.92+02:00,2010,2010-01-01T00:00:00+01:00,2010-12-31T00:00:00+01:00
8345392,WHS4_100,COUNTRY,RWA,AFR,YEAR,Africa,,2024,,,,,,,,98,98.0,,,,2025-07-14T16:23:12.92+02:00,2024,2024-01-01T00:00:00+01:00,2024-12-31T00:00:00+01:00
8351837,WHS4_100,COUNTRY,CHN,WPR,YEAR,Western Pacific,,2010,,,,,,,,99,99.0,,,,2025-07-14T16:23:12.92+02:00,2010,2010-01-01T00:00:00+01:00,2010-12-31T00:00:00+01:00
8364368,WHS4_100,COUNTRY,TUR,EUR,YEAR,Europe,,2010,,,,,,,,97,97.0,,,,2025-07-14T16:23:12.92+02:00,2010,2010-01-01T00:00:00+01:00,2010-12-31T00:00:00+01:00
8459610,WHS4_100,COUNTRY,COL,AMR,YEAR,Americas,,2020,,,,,,,,88,88.0,,,,2025-07-14T16:23:12.92+02:00,2020,2020-01-01T00:00:00+01:00,2020-12-31T00:00:00+01:00
8483742,WHS4_100,COUNTRY,AFG,EMR,YEAR,Eastern Mediterranean,,2023,,,,,,,,60,60.0,,,,2025-07-14T16:23:12.92+02:00,2023,2023-01-01T00:00:00+01:00,2023-12-31T00:00:00+01:00
8599553,WHS4_100,COUNTRY,KOR,WPR,YEAR,Western Pacific,,2017,,,,,,,,97,97.0,,,,2025-07-14T16:23:12.92+02:00,2017,2017-01-01T00:00:00+01:00,2017-12-31T00:00:00+01:00
8624064,WHS4_100,COUNTRY,COL,AMR,YEAR,Americas,,2013,,,,,,,,91,91.0,,,,2025-07-14T16:23:12.92+02:00,2013,2013-01-01T00:00:00+01:00,2013-12-31T00:00:00+01:00
8680526,WHS4_100,COUNTRY,MDG,AFR,YEAR,Africa,,2015,,,,,,,,62,62.0,,,,2025-07-14T16:23:12.92+02:00,2015,2015-01-01T00:00:00+01:00,2015-12-31T00:00:00+01:00
8739257,WHS4_100,COUNTRY,RWA,AFR,YEAR,Africa,,2017,,,,,,,,98,98.0,,,,2025-07-14T16:23:12.92+02:00,2017,2017-01-01T00:00:00+01:00,2017-12-31T00:00:00+01:00
8941808,WHS4_100,COUNTRY,COL,AMR,YEAR,Americas,,2012,,,,,,,,92,92.0,,,,2025-07-14T16:23:12.92+02:00,2012,2012-01-01T00:00:00+01:00,2012-12-31T00:00:00+01:00
9075674,WHS4_100,COUNTRY,IDN,WPR,YEAR,Western Pacific,,2014,,,,,,,,88,88.0,,,,2025-07-14T16:23:12.92+02:00,2014,2014-01-01T00:00:00+01:00,2014-12-31T00:00:00+01:00
9239191,WHS4_100,COUNTRY,KEN,AFR,YEAR,Africa,,2014,,,,,,,,92,92.0,,,,2025-07-14T16:23:12.92+02:00,2014,2014-01-01T00:00:00+01:00,2014-12-31T00:00:00+01:00
9315917,WHS4_100,COUNTRY,THA,SEAR,YEAR,South-East Asia,,2010,,,,,,,,99,99.0,,,,2025-07-14T16:23:12.92+02:00,2010,2010-01-01T00:00:00+01:00,2010-12-31T00:00:00+01:00
9372085,WHS4_100,COUNTRY,SGP,WPR,YEAR,Western Pacific,,2020,,,,,,,,98,98.0,,,,2025-07-14T16:23:12.92+02:00,2020,2020-01-01T00:00:00+01:00,2020-12-31T00:00:00+01:00
9404031,WHS4_100,COUNTRY,UGA,AFR,YEAR,Africa,,2017,,,,,,,,94,94.0,,,,2025-07-14T16:23:12.92+02:00,2017,2017-01-01T00:00:00+01:00,2017-12-31T00:00:00+01:00
9422757,WHS4_100,COUNTRY,PAK,EMR,YEAR,Eastern Mediterranean,,2022,,,,,,,,85,85.0,,,,2025-07-14T16:23:12.92+02:00,2022,2022-01-01T00:00:00+01:00,2022-12-31T00:00:00+01:00
9517842,WHS4_100,COUNTRY,MEX,AMR,YEAR,Americas,,2024,,,,,,,,78,78.0,,,,2025-07-14T16:23:12.92+02:00,2024,2024-01-01T00:00:00+01:00,2024-12-31T00:00:00+01:00
9575874,WHS4_100,COUNTRY,CHN,WPR,YEAR,Western Pacific,,2020,,,,,,,,99,99.0,,,,2025-07-14T16:23:12.92+02:00,2020,2020-01-01T00:00:00+01:00,2020-12-31T00:00:00+01:00
9651253,WHS4_100,COUNTRY,POL,EUR,YEAR,Europe,,2015,,,,,,,,98,98.0,,,,2025-07-14T16:23:12.92+02:00,2015,2015-01-01T00:00:00+01:00,2015-12-31T00:00:00+01:00
9783991,WHS4_100,COUNTRY,IND,SEAR,YEAR,South-East Asia,,2014,,,,,,,,85,85.0,,,,2025-07-14T16:23:12.92+02:00,2014,2014-01-01T00:00:00+01:00,2014-12-31T00:00:00+01:00
9867851,WHS4_100,COUNTRY,IND,SEAR,YEAR,South-East Asia,,2013,,,,,,,,83,83.0,,,,2025-07-14T16:23:12.92+02:00,2013,2013-01-01T00:00:00+01:00,2013-12-31T00:00:00+01:00
9924581,WHS4_100,COUNTRY,PAK,EMR,YEAR,Eastern Mediterranean,,2010,,,,,,,,52,52.0,,,,2025-07-14T16:23:12.92+02:00,2010,2010-01-01T00:00:00+01:00,2010-12-31T00:00:00+01:00
9975400,WHS4_100,COUNTRY,AFG,EMR,YEAR,Eastern Mediterranean,,2014,,,,,,,,62,62.0,,,,2025-07-14T16:23:12.92+02:00,2014,2014-01-01T00:00:00+01:00,2014-12-31T00:00:00+01:00
9975435,WHS4_100,COUNTRY,MDG,AFR,YEAR,Africa,,2019,,,,,,,,69,69.0,,,,2025-07-14T16:23:12.92+02:00,2019,2019-01-01T00:00:00+01:00,2019-12-31T00:00:00+01:00
10209379,WHS4_100,COUNTRY,IDN,WPR,YEAR,Western Pacific,,2022,,,,,,,,91,91.0,,,,2025-07-14T16:23:12.92+02:00,2022,2022-01-01T00:00:00+01:00,2022-12-31T00:00:00+01:00
