Id,IndicatorCode,SpatialDimType,SpatialDim,ParentLocationCode,TimeDimType,ParentLocation,Dim1Type,TimeDim,Dim1,Dim2Type,Dim2,Dim3Type,Dim3,DataSourceDimType,DataSourceDim,Value,NumericValue,Low,High,Comments,Date,TimeDimensionValue,TimeDimensionBegin,TimeDimensionEnd
8743261,WHS4_100,COUNTRY,RWA,AFR,YEAR,Africa,,2017,,,,,,,,98,98.0,,,,2025-07-14T16:23:12.92+02:00,2017,2017-01-01T00:00:00+01:00,2017-12-31T00:00:00+01:00
8765871,WHS4_100,COUNTRY,PHL,WPR,YEAR,Western Pacific,,2017,,,,,,,,84,84.0,,,,2025-07-14T16:23:12.92+02:00,2017,2017-01-01T00:00:00+01:00,2017-12-31T00:00:00+01:00
8908323,WHS4_100,COUNTRY,MEX,AMR,YEAR,Americas,,2012,,,,,,,,99,99.0,,,,2025-07-14T16:23:12.92+02:00,2012,2012-01-01T00:00:00+01:00,2012-12-31T00:00:00+01:00
8945859,WHS4_100,COUNTRY,COL,AMR,YEAR,Americas,,2012,,,,,,,,92,92.0,,,,2025-07-14T16:23:12.92+02:00,2012,2012-01-01T00:00:00+01:00,2012-12-31T00:00:00+01:00
8972204,WHS4_100,COUNTRY,EGY,EMR,YEAR,Eastern Mediterranean,,2024,,,,,,,,97,97.0,,,,2025-07-14T16:23:12.92+02:00,2024,2024-01-01T00:00:00+01:00,2024-12-31T00:00:00+01:00
9033142,WHS4_100,COUNTRY,ZAF,AFR,YEAR,Africa,,2021,,,,,,,,86,86.0,,,,2025-07-14T16:23:12.92+02:00,2021,2021-01-01T00:00:00+01:00,2021-12-31T00:00:00+01:00
9079777,WHS4_100,COUNTRY,IDN,WPR,YEAR,Western Pacific,,2014,,,,,,,,88,88.0,,,,2025-07-14T16:23:12.92+02:00,2014,2014-01-01T00:00:00+01:00,2014-12-31T00:00:00+01:00
9128089,WHS4_100,COUNTRY,PHL,WPR,YEAR,Western Pacific,,2018,,,,,,,,84,84.0,,,,2025-07-14T16:23:12.92+02:00,2018,2018-01-01T00:00:00+01:00,2018-12-31T00:00:00+01:00
9184330,WHS4_100,COUNTRY,MEX,AMR,YEAR,Americas,,2020,,,,,,,,72,72.0,,,,2025-07-14T16:23:12.92+02:00,2020,2020-01-01T00:00:00+01:00,2020-12-31T00:00:00+01:00
9222892,WHS4_100,COUNTRY,IDN,WPR,YEAR,Western Pacific,,2010,,,,,,,,81,81.0,,,,2025-07-14T16:23:12.92+02:00,2010,2010-01-01T00:00:00+01:00,2010-12-31T00:00:00+01:00
9243307,WHS4_100,COUNTRY,KEN,AFR,YEAR,Africa,,2014,,,,,,,,92,92.0,,,,2025-07-14T16:23:12.92+02:00,2014,2014-01-01T00:00:00+01:00,2014-12-31T00:00:00+01:00
9320072,WHS4_100,COUNTRY,THA,SEAR,YEAR,South-East Asia,,2010,,,,,,,,99,99.0,,,,2025-07-14T16:23:12.92+02:00,2010,2010-01-01T00:00:00+01:00,2010-12-31T00:00:00+01:00
9342346,WHS4_100,COUNTRY,RWA,AFR,YEAR,Africa,,2020,,,,,,,,91,91.0,,,,2025-07-14T16:23:12.92+02:00,2020,2020-01-01T00:00:00+01:00,2020-12-31T00:00:00+01:00
9376262,WHS4_100,COUNTRY,SGP,WPR,YEAR,Western Pacific,,2020,,,,,,,,98,98.0,,,,2025-07-14T16:23:12.92+02:00,2020,2020-01-01T00:00:00+01:00,2020-12-31T00:00:00+01:00
9408176,WHS4_100,COUNTRY,UGA,AFR,YEAR,Africa,,2017,,,,,,,,94,94.0,,,,2025-07-14T16:23:12.92+02:00,2017,2017-01-01T00:00:00+01:00,2017-12-31T00:00:00+01:00
9426922,WHS4_100,COUNTRY,PAK,EMR,YEAR,Eastern Mediterranean,,2022,,,,,,,,85,85.0,,,,2025-07-14T16:23:12.92+02:00,2022,2022-01-01T00:00:00+01:00,2022-12-31T00:00:00+01:00
9455182,WHS4_100,COUNTRY,MEX,AMR,YEAR,Americas,,2017,,,,,,,,85,85.0,,,,2025-07-14T16:23:12.92+02:00,2017,2017-01-01T00:00:00+01:00,2017-12-31T00:00:00+01:00
9511931,WHS4_100,COUNTRY,EGY,EMR,YEAR,Eastern Mediterranean,,2015,,,,,,,,93,93.0,,,,2025-07-14T16:23:12.92+02:00,2015,2015-01-01T00:00:00+01:00,2015-12-31T00:00:00+01:00
9537017,WHS4_100,COUNTRY,NGA,AFR,YEAR,Africa,,2014,,,,,,,,43,43.0,,,,2025-07-14T16:23:12.92+02:00,2014,2014-01-01T00:00:00+01:00,2014-12-31T00:00:00+01:00
9552629,WHS4_100,COUNTRY,CHL,AMR,YEAR,Americas,,2021,,,,,,,,95,95.0,,,,2025-07-14T16:23:12.92+02:00,2021,2021-01-01T00:00:00+01:00,2021-12-31T00:00:00+01:00
9651427,WHS4_100,COUNTRY,CHL,AMR,YEAR,Americas,,2012,,,,,,,,90,90.0,,,,2025-07-14T16:23:12.92+02:00,2012,2012-01-01T00:00:00+01:00,2012-12-31T00:00:00+01:00
9788146,WHS4_100,COUNTRY,IND,SEAR,YEAR,South-East Asia,,2014,,,,,,,,85,85.0,,,,2025-07-14T16:23:12.92+02:00,2014,2014-01-01T00:00:00+01:00,2014-12-31T00:00:00+01:00
9806811,WHS4_100,COUNTRY,TUR,EUR,YEAR,Europe,,2013,,,,,,,,98,98.0,,,,2025-07-14T16:23:12.92+02:00,2013,2013-01-01T00:00:00+01:00,2013-12-31T00:00:00+01:00
9872054,WHS4_100,COUNTRY,IND,SEAR,YEAR,South-East Asia,,2013,,,,,,,,83,83.0,,,,2025-07-14T16:23:12.92+02:00,2013,2013-01-01T00:00:00+01:00,2013-12-31T00:00:00+01:00
9917262,WHS4_100,COUNTRY,ZAF,AFR,YEAR,Africa,,2016,,,,,,,,85,85.0,,,,2025-07-14T16:23:12.92+02:00,2016,2016-01-01T00:00:00+01:00,2016-12-31T00:00:00+01:00
9928808,WHS4_100,COUNTRY,PAK,EMR,YEAR,Eastern Mediterranean,,2010,,,,,,,,52,52.0,,,,2025-07-14T16:23:12.92+02:00,2010,2010-01-01T00:00:00+01:00,2010-12-31T00:00:00+01:00
9962551,WHS4_100,COUNTRY,POL,EUR,YEAR,Europe,,2020,,,,,,,,94,94.0,,,,2025-07-14T16:23:12.92+02:00,2020,2020-01-01T00:00:00+01:00,2020-12-31T00:00:00+01:00
9979647,WHS4_100,COUNTRY,AFG,EMR,YEAR,Eastern Mediterranean,,2014,,,,,,,,62,62.0,,,,2025-07-14T16:23:12.92+02:00,2014,2014-01-01T00:00:00+01:00,2014-12-31T00:00:00+01:00
9979683,WHS4_100,COUNTRY,MDG,AFR,YEAR,Africa,,2019,,,,,,,,69,69.0,,,,2025-07-14T16:23:12.92+02:00,2019,2019-01-01T00:00:00+01:00,2019-12-31T00:00:00+01:00
10047693,WHS4_100,COUNTRY,PHL,WPR,YEAR,Western Pacific,,2014,,,,,,,,80,80.0,,,,2025-07-14T16:23:12.92+02:00,2014,2014-01-01T00:00:00+01:00,2014-12-31T00:00:00+01:00
10092117,WHS4_100,COUNTRY,UGA,AFR,YEAR,Africa,,2019,,,,,,,,93,93.0,,,,2025-07-14T16:23:12.92+02:00,2019,2019-01-01T00:00:00+01:00,2019-12-31T00:00:00+01:00
10105230,WHS4_100,COUNTRY,BRA,AMR,YEAR,Americas,,2010,,,,,,,,99,99.0,,,,2025-07-14T16:23:12.92+02:00,2010,2010-01-01T00:00:00+01:00,2010-12-31T00:00:00+01:00
10149333,WHS4_100,COUNTRY,KOR,WPR,YEAR,Western Pacific,,2024,,,,,,,,97,97.0,,,,2025-07-14T16:23:12.92+02:00,2024,2024-01-01T00:00:00+01:00,2024-12-31T00:00:00+01:00
10213776,WHS4_100,COUNTRY,IDN,WPR,YEAR,Western Pacific,,2022,,,,,,,,91,91.0,,,,2025-07-14T16:23:12.92+02:00,2022,2022-01-01T00:00:00+01:00,2022-12-31T00:00:00+01:00
7826268,WHS4_100,COUNTRY,BGD,SEAR,YEAR,South-East Asia,,2022,,,,,,,,97,97.0,,,,2025-07-14T16:23:12.92+02:00,2022,2022-01-01T00:00:00+01:00,2022-12-31T00:00:00+01:00
7837751,WHS4_100,COUNTRY,AFG,EMR,YEAR,Eastern Mediterranean,,2011,,,,,,,,68,68.0,,,,2025-07-14T16:23:12.92+02:00,2011,2011-01-01T00:00:00+01:00,2011-12-31T00:00:00+01:00
7870932,WHS4_100,COUNTRY,PAK,EMR,YEAR,Eastern Mediterranean,,2017,,,,,,,,75,75.0,,,,2025-07-14T16:23:12.92+02:00,2017,2017-01-01T00:00:00+01:00,2017-12-31T00:00:00+01:00
7906507,WHS4_100,COUNTRY,CHN,WPR,YEAR,Western Pacific,,2021,,,,,,,,99,99.0,,,,2025-07-14T16:23:12.92+02:00,2021,2021-01-01T00:00:00+01:00,2021-12-31T00:00:00+01:00
7914101,WHS4_100,COUNTRY,IDN,WPR,YEAR,Western Pacific,,2012,,,,,,,,87,87.0,,,,2025-07-14T16:23:12.92+02:00,2012,2012-01-01T00:00:00+01:00,2012-12-31T00:00:00+01:00
8029224,WHS4_100,COUNTRY,PAK,EMR,YEAR,Eastern Mediterranean,,2015,,,,,,,,72,72.0,,,,2025-07-14T16:23:12.92+02:00,2015,2015-01-01T00:00:00+01:00,2015-12-31T00:00:00+01:00
8035885,WHS4_100,COUNTRY,CHL,AMR,YEAR,Americas,,2013,,,,,,,,91,91.0,,,,2025-07-14T16:23:12.92+02:00,2013,2013-01-01T00:00:00+01:00,2013-12-31T00:00:00+01:00
8058991,WHS4_100,COUNTRY,KEN,AFR,YEAR,Africa,,2024,,,,,,,,91,91.0,,,,2025-07-14T16:23:12.92+02:00,2024,2024-01-01T00:00:00+01:00,2024-12-31T00:00:00+01:00
8085087,WHS4_100,COUNTRY,IND,SEAR,YEAR,South-East Asia,,2021,,,,,,,,85,85.0,,,,2025-07-14T16:23:12.92+02:00,2021,2021-01-01T00:00:00+01:00,2021-12-31T00:00:00+01:00
8116686,WHS4_100,COUNTRY,JPN,WPR,YEAR,Western Pacific,,2018,,,,,,,,98,98.0,,,,2025-07-14T16:23:12.92+02:00,2018,2018-01-01T00:00:00+01:00,2018-12-31T00:00:00+01:00
8147618,WHS4_100,COUNTRY,UGA,AFR,YEAR,Africa,,2014,,,,,,,,85,85.0,,,,2025-07-14T16:23:12.92+02:00,2014,2014-01-01T00:00:00+01:00,2014-12-31T00:00:00+01:00
8163389,WHS4_100,COUNTRY,PHL,WPR,YEAR,Western Pacific,,2016,,,,,,,,84,84.0,,,,2025-07-14T16:23:12.92+02:00,2016,2016-01-01T00:00:00+01:00,2016-12-31T00:00:00+01:00
8260559,WHS4_100,COUNTRY,ZAF,AFR,YEAR,Africa,,2010,,,,,,,,77,77.0,,,,2025-07-14T16:23:12.92+02:00,2010,2010-01-01T00:00:00+01:00,2010-12-31T00:00:00+01:00
8351441,WHS4_100,COUNTRY,UGA,AFR,YEAR,Africa,,2022,,,,,,,,89,89.0,,,,2025-07-14T16:23:12.92+02:00,2022,2022-01-01T00:00:00+01:00,2022-12-31T00:00:00+01:00
8371264,WHS4_100,COUNTRY,BRA,AMR,YEAR,Americas,,2016,,,,,,,,89,89.0,,,,2025-07-14T16:23:12.92+02:00,2016,2016-01-01T00:00:00+01:00,2016-12-31T00:00:00+01:00
8487581,WHS4_100,COUNTRY,AFG,EMR,YEAR,Eastern Mediterranean,,2023,,,,,,,,60,60.0,,,,2025-07-14T16:23:12.92+02:00,2023,2023-01-01T00:00:00+01:00,2023-12-31T00:00:00+01:00
8506042,WHS4_100,COUNTRY,NGA,AFR,YEAR,Africa,,2022,,,,,,,,59,59.0,,,,2025-07-14T16:23:12.92+02:00,2022,2022-01-01T00:00:00+01:00,2022-12-31T00:00:00+01:00
8603475,WHS4_100,COUNTRY,KOR,WPR,YEAR,Western Pacific,,2017,,,,,,,,97,97.0,,,,2025-07-14T16:23:12.92+02:00,2017,2017-01-01T00:00:00+01:00,2017-12-31T00:00:00+01:00
8617910,WHS4_100,COUNTRY,BGD,SEAR,YEAR,South-East Asia,,2023,,,,,,,,97,97.0,,,,2025-07-14T16:23:12.92+02:00,2023,2023-01-01T00:00:00+01:00,2023-12-31T00:00:00+01:00
8624272,WHS4_100,COUNTRY,COL,AMR,YEAR,Americas,,2017,,,,,,,,92,92.0,,,,2025-07-14T16:23:12.92+02:00,2017,2017-01-01T00:00:00+01:00,2017-12-31T00:00:00+01:00
8628040,WHS4_100,COUNTRY,COL,AMR,YEAR,Americas,,2013,,,,,,,,91,91.0,,,,2025-07-14T16:23:12.92+02:00,2013,2013-01-01T00:00:00+01:00,2013-12-31T00:00:00+01:00
8669416,WHS4_100,COUNTRY,GHA,AFR,YEAR,Africa,,2023,,,,,,,,95,95.0,,,,2025-07-14T16:23:12.92+02:00,2023,2023-01-01T00:00:00+01:00,2023-12-31T00:00:00+01:00
8684479,WHS4_100,COUNTRY,MDG,AFR,YEAR,Africa,,2015,,,,,,,,62,62.0,,,,2025-07-14T16:23:12.92+02:00,2015,2015-01-01T00:00:00+01:00,2015-12-31T00:00:00+01:00
33323,WHS4_100,COUNTRY,COL,AMR,YEAR,Americas,,2016,,,,,,,,91,91.0,,,,2025-07-14T16:23:12.92+02:00,2016,2016-01-01T00:00:00+01:00,2016-12-31T00:00:00+01:00
62714,WHS4_100,COUNTRY,UGA,AFR,YEAR,Africa,,2016,,,,,,,,93,93.0,,,,2025-07-14T16:23:12.92+02:00,2016,2016-01-01T00:00:00+01:00,2016-12-31T00:00:00+01:00
161341,WHS4_100,COUNTRY,ZAF,AFR,YEAR,Africa,,2014,,,,,,,,85,85.0,,,,2025-07-14T16:23:12.92+02:00,2014,2014-01-01T00:00:00+01:00,2014-12-31T00:00:00+01:00
163276,WHS4_100,COUNTRY,THA,SEAR,YEAR,South-East Asia,,2021,,,,,,,,92,92.0,,,,2025-07-14T16:23:12.92+02:00,2021,2021-01-01T00:00:00+01:00,2021-12-31T00:00:00+01:00
281276,WHS4_100,COUNTRY,SGP,WPR,YEAR,Western Pacific,,2017,,,,,,,,96,96.0,,,,2025-07-14T16:23:12.92+02:00,2017,2017-01-01T00:00:00+01:00,2017-12-31T00:00:00+01:00
383241,WHS4_100,COUNTRY,ZAF,AFR,YEAR,Africa,,2018,,,,,,,,82,82.0,,,,2025-07-14T16:23:12.92+02:00,2018,2018-01-01T00:00:00+01:00,2018-12-31T00:00:00+01:00
428654,WHS4_100,COUNTRY,BRA,AMR,YEAR,Americas,,2015,,,,,,,,96,96.0,,,,2025-07-14T16:23:12.92+02:00,2015,2015-01-01T00:00:00+01:00,2015-12-31T00:00:00+01:00
504191,WHS4_100,COUNTRY,NGA,AFR,YEAR,Africa,,2017,,,,,,,,55,55.0,,,,2025-07-14T16:23:12.92+02:00,2017,2017-01-01T00:00:00+01:00,2017-12-31T00:00:00+01:00
529125,WHS4_100,COUNTRY,EGY,EMR,YEAR,Eastern Mediterranean,,2013,,,,,,,,97,97.0,,,,2025-07-14T16:23:12.92+02:00,2013,2013-01-01T00:00:00+01:00,2013-12-31T00:00:00+01:00
612950,WHS4_100,COUNTRY,MDG,AFR,YEAR,Africa,,2023,,,,,,,,65,65.0,,,,2025-07-14T16:23:12.92+02:00,2023,2023-01-01T00:00:00+01:00,2023-12-31T00:00:00+01:00
655096,WHS4_100,COUNTRY,POL,EUR,YEAR,Europe,,2013,,,,,,,,99,99.0,,,,2025-07-14T16:23:12.92+02:00,2013,2013-01-01T00:00:00+01:00,2013-12-31T00:00:00+01:00
657655,WHS4_100,COUNTRY,CHL,AMR,YEAR,Americas,,2019,,,,,,,,96,96.0,,,,2025-07-14T16:23:12.92+02:00,2019,2019-01-01T00:00:00+01:00,2019-12-31T00:00:00+01:00
702477,WHS4_100,COUNTRY,PAK,EMR,YEAR,Eastern Mediterranean,,2018,,,,,,,,80,80.0,,,,2025-07-14T16:23:12.92+02:00,2018,2018-01-01T00:00:00+01:00,2018-12-31T00:00:00+01:00
743860,WHS4_100,COUNTRY,MDG,AFR,YEAR,Africa,,2022,,,,,,,,57,57.0,,,,2025-07-14T16:23:12.92+02:00,2022,2022-01-01T00:00:00+01:00,2022-12-31T00:00:00+01:00
772097,WHS4_100,COUNTRY,BRA,AMR,YEAR,Americas,,2020,,,,,,,,77,77.0,,,,2025-07-14T16:23:12.92+02:00,2020,2020-01-01T00:00:00+01:00,2020-12-31T00:00:00+01:00
795480,WHS4_100,COUNTRY,TUR,EUR,YEAR,Europe,,2023,,,,,,,,99,99.0,,,,2025-07-14T16:23:12.92+02:00,2023,2023-01-01T00:00:00+01:00,2023-12-31T00:00:00+01:00
795868,WHS4_100,COUNTRY,MEX,AMR,YEAR,Americas,,2015,,,,,,,,87,87.0,,,,2025-07-14T16:23:12.92+02:00,2015,2015-01-01T00:00:00+01:00,2015-12-31T00:00:00+01:00
797891,WHS4_100,COUNTRY,PAK,EMR,YEAR,Eastern Mediterranean,,2023,,,,,,,,86,86.0,,,,2025-07-14T16:23:12.92+02:00,2023,2023-01-01T00:00:00+01:00,2023-12-31T00:00:00+01:00
814820,WHS4_100,COUNTRY,KOR,WPR,YEAR,Western Pacific,,2013,,,,,,,,99,99.0,,,,2025-07-14T16:23:12.92+02:00,2013,2013-01-01T00:00:00+01:00,2013-12-31T00:00:00+01:00
830419,WHS4_100,COUNTRY,UGA,AFR,YEAR,Africa,,2020,,,,,,,,89,89.0,,,,2025-07-14T16:23:12.92+02:00,2020,2020-01-01T00:00:00+01:00,2020-12-31T00:00:00+01:00
836553,WHS4_100,COUNTRY,GHA,AFR,YEAR,Africa,,2019,,,,,,,,97,97.0,,,,2025-07-14T16:23:12.92+02:00,2019,2019-01-01T00:00:00+01:00,2019-12-31T00:00:00+01:00
847532,WHS4_100,COUNTRY,EGY,EMR,YEAR,Eastern Mediterranean,,2017,,,,,,,,94,94.0,,,,2025-07-14T16:23:12.92+02:00,2017,2017-01-01T00:00:00+01:00,2017-12-31T00:00:00+01:00
886185,WHS4_100,COUNTRY,NGA,AFR,YEAR,Africa,,2016,,,,,,,,53,53.0,,,,2025-07-14T16:23:12.92+02:00,2016,2016-01-01T00:00:00+01:00,2016-12-31T00:00:00+01:00
963786,WHS4_100,COUNTRY,RWA,AFR,YEAR,Africa,,2016,,,,,,,,98,98.0,,,,2025-07-14T16:23:12.92+02:00,2016,2016-01-01T00:00:00+01:00,2016-12-31T00:00:00+01:00
995851,WHS4_100,COUNTRY,THA,SEAR,YEAR,South-East Asia,,2015,,,,,,,,99,99.0,,,,2025-07-14T16:23:12.92+02:00,2015,2015-01-01T00:00:00+01:00,2015-12-31T00:00:00+01:00
1051315,WHS4_100,COUNTRY,EGY,EMR,YEAR,Eastern Mediterranean,,2016,,,,,,,,95,95.0,,,,2025-07-14T16:23:12.92+02:00,2016,2016-01-01T00:00:00+01:00,2016-12-31T00:00:00+01:00
1095337,WHS4_100,COUNTRY,SGP,WPR,YEAR,Western Pacific,,2011,,,,,,,,96,96.0,,,,2025-07-14T16:23:12.92+02:00,2011,2011-01-01T00:00:00+01:00,2011-12-31T00:00:00+01:00
1095410,WHS4_100,COUNTRY,RWA,AFR,YEAR,Africa,,2021,,,,,,,,88,88.0,,,,2025-07-14T16:23:12.92+02:00,2021,2021-01-01T00:00:00+01:00,2021-12-31T00:00:00+01:00
1265859,WHS4_100,COUNTRY,NGA,AFR,YEAR,Africa,,2010,,,,,,,,56,56.0,,,,2025-07-14T16:23:12.92+02:00,2010,2010-01-01T00:00:00+01:00,2010-12-31T00:00:00+01:00
1348217,WHS4_100,COUNTRY,RWA,AFR,YEAR,Africa,,2011,,,,,,,,97,97.0,,,,2025-07-14T16:23:12.92+02:00,2011,2011-01-01T00:00:00+01:00,2011-12-31T00:00:00+01:00
1426472,WHS4_100,COUNTRY,JPN,WPR,YEAR,Western Pacific,,2014,,,,,,,,96,96.0,,,,2025-07-14T16:23:12.92+02:00,2014,2014-01-01T00:00:00+01:00,2014-12-31T00:00:00+01:00
1435944,WHS4_100,COUNTRY,SGP,WPR,YEAR,Western Pacific,,2016,,,,,,,,97,97.0,,,,2025-07-14T16:23:12.92+02:00,2016,2016-01-01T00:00:00+01:00,2016-12-31T00:00:00+01:00
1449039,WHS4_100,COUNTRY,BGD,SEAR,YEAR,South-East Asia,,2016,,,,,,,,98,98.0,,,,2025-07-14T16:23:12.92+02:00,2016,2016-01-01T00:00:00+01:00,2016-12-31T00:00:00+01:00
1470688,WHS4_100,COUNTRY,GHA,AFR,YEAR,Africa,,2012,,,,,,,,92,92.0,,,,2025-07-14T16:23:12.92+02:00,2012,2012-01-01T00:00:00+01:00,2012-12-31T00:00:00+01:00
1493448,WHS4_100,COUNTRY,GHA,AFR,YEAR,Africa,,2016,,,,,,,,93,93.0,,,,2025-07-14T16:23:12.92+02:00,2016,2016-01-01T00:00:00+01:00,2016-12-31T00:00:00+01:00
1539542,WHS4_100,COUNTRY,PHL,WPR,YEAR,Western Pacific,,2022,,,,,,,,84,84.0,,,,2025-07-14T16:23:12.92+02:00,2022,2022-01-01T00:00:00+01:00,2022-12-31T00:00:00+01:00
1569470,WHS4_100,COUNTRY,SGP,WPR,YEAR,Western Pacific,,2012,,,,,,,,97,97.0,,,,2025-07-14T16:23:12.92+02:00,2012,2012-01-01T00:00:00+01:00,2012-12-31T00:00:00+01:00
1626708,WHS4_100,COUNTRY,CHL,AMR,YEAR,Americas,,2023,,,,,,,,96,96.0,,,,2025-07-14T16:23:12.92+02:00,2023,2023-01-01T00:00:00+01:00,2023-12-31T00:00:00+01:00
1670845,WHS4_100,COUNTRY,RWA,AFR,YEAR,Africa,,2019,,,,,,,,98,98.0,,,,2025-07-14T16:23:12.92+02:00,2019,2019-01-01T00:00:00+01:00,2019-12-31T00:00:00+01:00
1679595,WHS4_100,COUNTRY,EGY,EMR,YEAR,Eastern Mediterranean,,2023,,,,,,,,96,96.0,,,,2025-07-14T16:23:12.92+02:00,2023,2023-01-01T00:00:00+01:00,2023-12-31T00:00:00+01:00
1718744,WHS4_100,COUNTRY,TUR,EUR,YEAR,Europe,,2014,,,,,,,,96,96.0,,,,2025-07-14T16:23:12.92+02:00,2014,2014-01-01T00:00:00+01:00,2014-12-31T00:00:00+01:00
1765869,WHS4_100,COUNTRY,TUR,EUR,YEAR,Europe,,2020,,,,,,,,98,98.0,,,,2025-07-14T16:23:12.92+02:00,2020,2020-01-01T00:00:00+01:00,2020-12-31T00:00:00+01:00
1849091,WHS4_100,COUNTRY,AFG,EMR,YEAR,Eastern Mediterranean,,2018,,,,,,,,68,68.0,,,,2025-07-14T16:23:12.92+02:00,2018,2018-01-01T00:00:00+01:00,2018-12-31T00:00:00+01:00
1851836,WHS4_100,COUNTRY,IND,SEAR,YEAR,South-East Asia,,2023,,,,,,,,91,91.0,,,,2025-07-14T16:23:12.92+02:00,2023,2023-01-01T00:00:00+01:00,2023-12-31T00:00:00+01:00
1862756,WHS4_100,COUNTRY,BRA,AMR,YEAR,Americas,,2017,,,,,,,,83,83.0,,,,2025-07-14T16:23:12.92+02:00,2017,2017-01-01T00:00:00+01:00,2017-12-31T00:00:00+01:00
1884084,WHS4_100,COUNTRY,ZAF,AFR,YEAR,Africa,,2017,,,,,,,,84,84.0,,,,2025-07-14T16:23:12.92+02:00,2017,2017-01-01T00:00:00+01:00,2017-12-31T00:00:00+01:00
1919068,WHS4_100,COUNTRY,JPN,WPR,YEAR,Western Pacific,,2020,,,,,,,,96,96.0,,,,2025-07-14T16:23:12.92+02:00,2020,2020-01-01T00:00:00+01:00,2020-12-31T00:00:00+01:00
1921966,WHS4_100,COUNTRY,KEN,AFR,YEAR,Africa,,2022,,,,,,,,94,94.0,,,,2025-07-14T16:23:12.92+02:00,2022,2022-01-01T00:00:00+01:00,2022-12-31T00:00:00+01:00
1958296,WHS4_100,COUNTRY,GHA,AFR,YEAR,Africa,,2024,,,,,,,,95,95.0,,,,2025-07-14T16:23:12.92+02:00,2024,2024-01-01T00:00:00+01:00,2024-12-31T00:00:00+01:00
1958776,WHS4_100,COUNTRY,AFG,EMR,YEAR,Eastern Mediterranean,,2016,,,,,,,,66,66.0,,,,2025-07-14T16:23:12.92+02:00,2016,2016-01-01T00:00:00+01:00,2016-12-31T00:00:00+01:00
2001206,WHS4_100,COUNTRY,AFG,EMR,YEAR,Eastern Mediterranean,,2024,,,,,,,,59,59.0,,,,2025-07-14T16:23:12.92+02:00,2024,2024-01-01T00:00:00+01:00,2024-12-31T00:00:00+01:00
2017213,WHS4_100,COUNTRY,RWA,AFR,YEAR,Africa,,2014,,,,,,,,98,98.0,,,,2025-07-14T16:23:12.92+02:00,2014,2014-01-01T00:00:00+01:00,2014-12-31T00:00:00+01:00
2021024,WHS4_100,COUNTRY,TUR,EUR,YEAR,Europe,,2024,,,,,,,,99,99.0,,,,2025-07-14T16:23:12.92+02:00,2024,2024-01-01T00:00:00+01:00,2024-12-31T00:00:00+01:00
2029865,WHS4_100,COUNTRY,PHL,WPR,YEAR,Western Pacific,,2023,,,,,,,,89,89.0,,,,2025-07-14T16:23:12.92+02:00,2023,2023-01-01T00:00:00+01:00,2023-12-31T00:00:00+01:00
2128821,WHS4_100,COUNTRY,MEX,AMR,YEAR,Americas,,2010,,,,,,,,95,95.0,,,,2025-07-14T16:23:12.92+02:00,2010,2010-01-01T00:00:00+01:00,2010-12-31T00:00:00+01:00
2134563,WHS4_100,COUNTRY,SGP,WPR,YEAR,Western Pacific,,2022,,,,,,,,97,97.0,,,,2025-07-14T16:23:12.92+02:00,2022,2022-01-01T00:00:00+01:00,2022-12-31T00:00:00+01:00
2135108,WHS4_100,COUNTRY,IND,SEAR,YEAR,South-East Asia,,2024,,,,,,,,94,94.0,,,,2025-07-14T16:23:12.92+02:00,2024,2024-01-01T00:00:00+01:00,2024-12-31T00:00:00+01:00
2136822,WHS4_100,COUNTRY,MEX,AMR,YEAR,Americas,,2023,,,,,,,,85,85.0,,,,2025-07-14T16:23:12.92+02:00,2023,2023-01-01T00:00:00+01:00,2023-12-31T00:00:00+01:00
2152937,WHS4_100,COUNTRY,BGD,SEAR,YEAR,South-East Asia,,2019,,,,,,,,98,98.0,,,,2025-07-14T16:23:12.92+02:00,2019,2019-01-01T00:00:00+01:00,2019-12-31T00:00:00+01:00
2169500,WHS4_100,COUNTRY,THA,SEAR,YEAR,South-East Asia,,2014,,,,,,,,99,99.0,,,,2025-07-14T16:23:12.92+02:00,2014,2014-01-01T00:00:00+01:00,2014-12-31T00:00:00+01:00
2184811,WHS4_100,COUNTRY,BRA,AMR,YEAR,Americas,,2019,,,,,,,,70,70.0,,,,2025-07-14T16:23:12.92+02:00,2019,2019-01-01T00:00:00+01:00,2019-12-31T00:00:00+01:00
2191842,WHS4_100,COUNTRY,MDG,AFR,YEAR,Africa,,2024,,,,,,,,60,60.0,,,,2025-07-14T16:23:12.92+02:00,2024,2024-01-01T00:00:00+01:00,2024-12-31T00:00:00+01:00
2210650,WHS4_100,COUNTRY,POL,EUR,YEAR,Europe,,2024,,,,,,,,94,94.0,,,,2025-07-14T16:23:12.92+02:00,2024,2024-01-01T00:00:00+01:00,2024-12-31T00:00:00+01:00
2217869,WHS4_100,COUNTRY,UGA,AFR,YEAR,Africa,,2010,,,,,,,,80,80.0,,,,2025-07-14T16:23:12.92+02:00,2010,2010-01-01T00:00:00+01:00,2010-12-31T00:00:00+01:00
2218419,WHS4_100,COUNTRY,BRA,AMR,YEAR,Americas,,2012,,,,,,,,95,95.0,,,,2025-07-14T16:23:12.92+02:00,2012,2012-01-01T00:00:00+01:00,2012-12-31T00:00:00+01:00
2244999,WHS4_100,COUNTRY,BGD,SEAR,YEAR,South-East Asia,,2015,,,,,,,,98,98.0,,,,2025-07-14T16:23:12.92+02:00,2015,2015-01-01T00:00:00+01:00,2015-12-31T00:00:00+01:00
2249413,WHS4_100,COUNTRY,CHL,AMR,YEAR,Americas,,2011,,,,,,,,94,94.0,,,,2025-07-14T16:23:12.92+02:00,2011,2011-01-01T00:00:00+01:00,2011-12-31T00:00:00+01:00
2273602,WHS4_100,COUNTRY,MEX,AMR,YEAR,Americas,,2016,,,,,,,,93,93.0,,,,2025-07-14T16:23:12.92+02:00,2016,2016-01-01T00:00:00+01:00,2016-12-31T00:00:00+01:00
2295218,WHS4_100,COUNTRY,ZAF,AFR,YEAR,Africa,,2023,,,,,,,,79,79.0,,,,2025-07-14T16:23:12.92+02:00,2023,2023-01-01T00:00:00+01:00,2023-12-31T00:00:00+01:00
2314830,WHS4_100,COUNTRY,BGD,SEAR,YEAR,South-East Asia,,2021,,,,,,,,97,97.0,,,,2025-07-14T16:23:12.92+02:00,2021,2021-01-01T00:00:00+01:00,2021-12-31T00:00:00+01:00
2382684,WHS4_100,COUNTRY,BGD,SEAR,YEAR,South-East Asia,,2012,,,,,,,,94,94.0,,,,2025-07-14T16:23:12.92+02:00,2012,2012-01-01T00:00:00+01:00,2012-12-31T00:00:00+01:00
2390621,WHS4_100,COUNTRY,COL,AMR,YEAR,Americas,,2024,,,,,,,,89,89.0,,,,2025-07-14T16:23:12.92+02:00,2024,2024-01-01T00:00:00+01:00,2024-12-31T00:00:00+01:00
2471734,WHS4_100,COUNTRY,GHA,AFR,YEAR,Africa,,2017,,,,,,,,99,99.0,,,,2025-07-14T16:23:12.92+02:00,2017,2017-01-01T00:00:00+01:00,2017-12-31T00:00:00+01:00
2485031,WHS4_100,COUNTRY,NGA,AFR,YEAR,Africa,,2012,,,,,,,,36,36.0,,,,2025-07-14T16:23:12.92+02:00,2012,2012-01-01T00:00:00+01:00,2012-12-31T00:00:00+01:00
2503237,WHS4_100,COUNTRY,KEN,AFR,YEAR,Africa,,2011,,,,,,,,96,96.0,,,,2025-07-14T16:23:12.92+02:00,2011,2011-01-01T00:00:00+01:00,2011-12-31T00:00:00+01:00
2503813,WHS4_100,COUNTRY,IND,SEAR,YEAR,South-East Asia,,2019,,,,,,,,91,91.0,,,,2025-07-14T16:23:12.92+02:00,2019,2019-01-01T00:00:00+01:00,2019-12-31T00:00:00+01:00
2599281,WHS4_100,COUNTRY,ZAF,AFR,YEAR,Africa,,2019,,,,,,,,85,85.0,,,,2025-07-14T16:23:12.92+02:00,2019,2019-01-01T00:00:00+01:00,2019-12-31T00:00:00+01:00
2624194,WHS4_100,COUNTRY,PHL,WPR,YEAR,Western Pacific,,2024,,,,,,,,71,71.0,,,,2025-07-14T16:23:12.92+02:00,2024,2024-01-01T00:00:00+01:00,2024-12-31T00:00:00+01:00
2687008,WHS4_100,COUNTRY,CHL,AMR,YEAR,Americas,,2010,,,,,,,,92,92.0,,,,2025-07-14T16:23:12.92+02:00,2010,2010-01-01T00:00:00+01:00,2010-12-31T00:00:00+01:00
2714638,WHS4_100,COUNTRY,IDN,WPR,YEAR,Western Pacific,,2013,,,,,,,,92,92.0,,,,2025-07-14T16:23:12.92+02:00,2013,2013-01-01T00:00:00+01:00,2013-12-31T00:00:00+01:00
2948791,WHS4_100,COUNTRY,IDN,WPR,YEAR,Western Pacific,,2017,,,,,,,,85,85.0,,,,2025-07-14T16:23:12.92+02:00,2017,2017-01-01T00:00:00+01:00,2017-12-31T00:00:00+01:00
2953717,WHS4_100,COUNTRY,COL,AMR,YEAR,Americas,,2010,,,,,,,,88,88.0,,,,2025-07-14T16:23:12.92+02:00,2010,2010-01-01T00:00:00+01:00,2010-12-31T00:00:00+01:00
2979207,WHS4_100,COUNTRY,PAK,EMR,YEAR,Eastern Mediterranean,,2016,,,,,,,,75,75.0,,,,2025-07-14T16:23:12.92+02:00,2016,2016-01-01T00:00:00+01:00,2016-12-31T00:00:00+01:00
3042356,WHS4_100,COUNTRY,CHN,WPR,YEAR,Western Pacific,,2017,,,,,,,,99,99.0,,,,2025-07-14T16:23:12.92+02:00,2017,2017-01-01T00:00:00+01:00,2017-12-31T00:00:00+01:00
3080125,WHS4_100,COUNTRY,EGY,EMR,YEAR,Eastern Mediterranean,,2019,,,,,,,,95,95.0,,,,2025-07-14T16:23:12.92+02:00,2019,2019-01-01T00:00:00+01:00,2019-12-31T00:00:00+01:00
3118133,WHS4_100,COUNTRY,UGA,AFR,YEAR,Africa,,2024,,,,,,,,91,91.0,,,,2025-07-14T16:23:12.92+02:00,2024,2024-01-01T00:00:00+01:00,2024-12-31T00:00:00+01:00
3128129,WHS4_100,COUNTRY,KEN,AFR,YEAR,Africa,,2016,,,,,,,,88,88.0,,,,2025-07-14T16:23:12.92+02:00,2016,2016-01-01T00:00:00+01:00,2016-12-31T00:00:00+01:00
3158687,WHS4_100,COUNTRY,POL,EUR,YEAR,Europe,,2012,,,,,,,,99,99.0,,,,2025-07-14T16:23:12.92+02:00,2012,2012-01-01T00:00:00+01:00,2012-12-31T00:00:00+01:00
3337133,WHS4_100,COUNTRY,BRA,AMR,YEAR,Americas,,2021,,,,,,,,68,68.0,,,,2025-07-14T16:23:12.92+02:00,2021,2021-01-01T00:00:00+01:00,2021-12-31T00:00:00+01:00
3354720,WHS4_100,COUNTRY,KEN,AFR,YEAR,Africa,,2019,,,,,,,,93,93.0,,,,2025-07-14T16:23:12.92+02:00,2019,2019-01-01T00:00:00+01:00,2019-12-31T00:00:00+01:00
3367652,WHS4_100,COUNTRY,GHA,AFR,YEAR,Africa,,2018,,,,,,,,97,97.0,,,,2025-07-14T16:23:12.92+02:00,2018,2018-01-01T00:00:00+01:00,2018-12-31T00:00:00+01:00
3379704,WHS4_100,COUNTRY,UGA,AFR,YEAR,Africa,,2015,,,,,,,,89,89.0,,,,2025-07-14T16:23:12.92+02:00,2015,2015-01-01T00:00:00+01:00,2015-12-31T00:00:00+01:00
3456616,WHS4_100,COUNTRY,BRA,AMR,YEAR,Americas,,2018,,,,,,,,87,87.0,,,,2025-07-14T16:23:12.92+02:00,2018,2018-01-01T00:00:00+01:00,2018-12-31T00:00:00+01:00
3474785,WHS4_100,COUNTRY,POL,EUR,YEAR,Europe,,2016,,,,,,,,98,98.0,,,,2025-07-14T16:23:12.92+02:00,2016,2016-01-01T00:00:00+01:00,2016-12-31T00:00:00+01:00
3482274,WHS4_100,COUNTRY,SGP,WPR,YEAR,Western Pacific,,2010,,,,,,,,96,96.0,,,,2025-07-14T16:23:12.92+02:00,2010,2010-01-01T00:00:00+01:00,2010-12-31T00:00:00+01:00
3524381,WHS4_100,COUNTRY,SGP,WPR,YEAR,Western Pacific,,2023,,,,,,,,98,98.0,,,,2025-07-14T16:23:12.92+02:00,2023,2023-01-01T00:00:00+01:00,2023-12-31T00:00:00+01:00
3587058,WHS4_100,COUNTRY,PAK,EMR,YEAR,Eastern Mediterranean,,2014,,,,,,,,69,69.0,,,,2025-07-14T16:23:12.92+02:00,2014,2014-01-01T00:00:00+01:00,2014-12-31T00:00:00+01:00
3590037,WHS4_100,COUNTRY,JPN,WPR,YEAR,Western Pacific,,2011,,,,,,,,97,97.0,,,,2025-07-14T16:23:12.92+02:00,2011,2011-01-01T00:00:00+01:00,2011-12-31T00:00:00+01:00
3673310,WHS4_100,COUNTRY,GHA,AFR,YEAR,Africa,,2015,,,,,,,,89,89.0,,,,2025-07-14T16:23:12.92+02:00,2015,2015-01-01T00:00:00+01:00,2015-12-31T00:00:00+01:00
3737057,WHS4_100,COUNTRY,POL,EUR,YEAR,Europe,,2019,,,,,,,,95,95.0,,,,2025-07-14T16:23:12.92+02:00,2019,2019-01-01T00:00:00+01:00,2019-12-31T00:00:00+01:00
3768693,WHS4_100,COUNTRY,ZAF,AFR,YEAR,Africa,,2013,,,,,,,,81,81.0,,,,2025-07-14T16:23:12.92+02:00,2013,2013-01-01T00:00:00+01:00,2013-12-31T00:00:00+01:00
3794415,WHS4_100,COUNTRY,NGA,AFR,YEAR,Africa,,2019,,,,,,,,66,66.0,,,,2025-07-14T16:23:12.92+02:00,2019,2019-01-01T00:00:00+01:00,2019-12-31T00:00:00+01:00
3831391,WHS4_100,COUNTRY,CHL,AMR,YEAR,Americas,,2020,,,,,,,,93,93.0,,,,2025-07-14T16:23:12.92+02:00,2020,2020-01-01T00:00:00+01:00,2020-12-31T00:00:00+01:00
3842692,WHS4_100,COUNTRY,BGD,SEAR,YEAR,South-East Asia,,2018,,,,,,,,98,98.0,,,,2025-07-14T16:23:12.92+02:00,2018,2018-01-01T00:00:00+01:00,2018-12-31T00:00:00+01:00
3901708,WHS4_100,COUNTRY,ZAF,AFR,YEAR,Africa,,2015,,,,,,,,85,85.0,,,,2025-07-14T16:23:12.92+02:00,2015,2015-01-01T00:00:00+01:00,2015-12-31T00:00:00+01:00
3927020,WHS4_100,COUNTRY,PAK,EMR,YEAR,Eastern Mediterranean,,2021,,,,,,,,83,83.0,,,,2025-07-14T16:23:12.92+02:00,2021,2021-01-01T00:00:00+01:00,2021-12-31T00:00:00+01:00
4040849,WHS4_100,COUNTRY,JPN,WPR,YEAR,Western Pacific,,2013,,,,,,,,96,96.0,,,,2025-07-14T16:23:12.92+02:00,2013,2013-01-01T00:00:00+01:00,2013-12-31T00:00:00+01:00
4098391,WHS4_100,COUNTRY,SGP,WPR,YEAR,Western Pacific,,2018,,,,,,,,97,97.0,,,,2025-07-14T16:23:12.92+02:00,2018,2018-01-01T00:00:00+01:00,2018-12-31T00:00:00+01:00
4121696,WHS4_100,COUNTRY,BGD,SEAR,YEAR,South-East Asia,,2013,,,,,,,,96,96.0,,,,2025-07-14T16:23:12.92+02:00,2013,2013-01-01T00:00:00+01:00,2013-12-31T00:00:00+01:00
4121725,WHS4_100,COUNTRY,PAK,EMR,YEAR,Eastern Mediterranean,,2012,,,,,,,,64,64.0,,,,2025-07-14T16:23:12.92+02:00,2012,2012-01-01T00:00:00+01:00,2012-12-31T00:00:00+01:00
4160982,WHS4_100,COUNTRY,SGP,WPR,YEAR,Western Pacific,,2021,,,,,,,,98,98.0,,,,2025-07-14T16:23:12.92+02:00,2021,2021-01-01T00:00:00+01:00,2021-12-31T00:00:00+01:00
4171431,WHS4_100,COUNTRY,GHA,AFR,YEAR,Africa,,2011,,,,,,,,91,91.0,,,,2025-07-14T16:23:12.92+02:00,2011,2011-01-01T00:00:00+01:00,2011-12-31T00:00:00+01:00
4298177,WHS4_100,COUNTRY,CHL,AMR,YEAR,Americas,,2015,,,,,,,,96,96.0,,,,2025-07-14T16:23:12.92+02:00,2015,2015-01-01T00:00:00+01:00,2015-12-31T00:00:00+01:00
4342782,WHS4_100,COUNTRY,POL,EUR,YEAR,Europe,,2022,,,,,,,,94,94.0,,,,2025-07-14T16:23:12.92+02:00,2022,2022-01-01T00:00:00+01:00,2022-12-31T00:00:00+01:00
4357469,WHS4_100,COUNTRY,JPN,WPR,YEAR,Western Pacific,,2019,,,,,,,,98,98.0,,,,2025-07-14T16:23:12.92+02:00,2019,2019-01-01T00:00:00+01:00,2019-12-31T00:00:00+01:00
4361307,WHS4_100,COUNTRY,UGA,AFR,YEAR,Africa,,2018,,,,,,,,93,93.0,,,,2025-07-14T16:23:12.92+02:00,2018,2018-01-01T00:00:00+01:00,2018-12-31T00:00:00+01:00
4407722,WHS4_100,COUNTRY,BRA,AMR,YEAR,Americas,,2014,,,,,,,,93,93.0,,,,2025-07-14T16:23:12.92+02:00,2014,2014-01-01T00:00:00+01:00,2014-12-31T00:00:00+01:00
4547237,WHS4_100,COUNTRY,CHN,WPR,YEAR,Western Pacific,,2019,,,,,,,,99,99.0,,,,2025-07-14T16:23:12.92+02:00,2019,2019-01-01T00:00:00+01:00,2019-12-31T00:00:00+01:00
4548101,WHS4_100,COUNTRY,PAK,EMR,YEAR,Eastern Mediterranean,,2013,,,,,,,,65,65.0,,,,2025-07-14T16:23:12.92+02:00,2013,2013-01-01T00:00:00+01:00,2013-12-31T00:00:00+01:00
4577591,WHS4_100,COUNTRY,SGP,WPR,YEAR,Western Pacific,,2014,,,,,,,,96,96.0,,,,2025-07-14T16:23:12.92+02:00,2014,2014-01-01T00:00:00+01:00,2014-12-31T00:00:00+01:00
4618816,WHS4_100,COUNTRY,CHL,AMR,YEAR,Americas,,2016,,,,,,,,95,95.0,,,,2025-07-14T16:23:12.92+02:00,2016,2016-01-01T00:00:00+01:00,2016-12-31T00:00:00+01:00
4643615,WHS4_100,COUNTRY,COL,AMR,YEAR,Americas,,2021,,,,,,,,87,87.0,,,,2025-07-14T16:23:12.92+02:00,2021,2021-01-01T00:00:00+01:00,2021-12-31T00:00:00+01:00
4667373,WHS4_100,COUNTRY,CHL,AMR,YEAR,Americas,,2018,,,,,,,,95,95.0,,,,2025-07-14T16:23:12.92+02:00,2018,2018-01-01T00:00:00+01:00,2018-12-31T00:00:00+01:00
4733004,WHS4_100,COUNTRY,UGA,AFR,YEAR,Africa,,2013,,,,,,,,84,84.0,,,,2025-07-14T16:23:12.92+02:00,2013,2013-01-01T00:00:00+01:00,2013-12-31T00:00:00+01:00
4749810,WHS4_100,COUNTRY,KEN,AFR,YEAR,Africa,,2012,,,,,,,,94,94.0,,,,2025-07-14T16:23:12.92+02:00,2012,2012-01-01T00:00:00+01:00,2012-12-31T00:00:00+01:00
4794614,WHS4_100,COUNTRY,PHL,WPR,YEAR,Western Pacific,,2010,,,,,,,,88,88.0,,,,2025-07-14T16:23:12.92+02:00,2010,2010-01-01T00:00:00+01:00,2010-12-31T00:00:00+01:00
4807604,WHS4_100,COUNTRY,RWA,AFR,YEAR,Africa,,2012,,,,,,,,98,98.0,,,,2025-07-14T16:23:12.92+02:00,2012,2012-01-01T00:00:00+01:00,2012-12-31T00:00:00+01:00
4824978,WHS4_100,COUNTRY,TUR,EUR,YEAR,Europe,,2016,,,,,,,,98,98.0,,,,2025-07-14T16:23:12.92+02:00,2016,2016-01-01T00:00:00+01:00,2016-12-31T00:00:00+01:00
4830974,WHS4_100,COUNTRY,TUR,EUR,YEAR,Europe,,2012,,,,,,,,97,97.0,,,,2025-07-14T16:23:12.92+02:00,2012,2012-01-01T00:00:00+01:00,2012-12-31T00:00:00+01:00
4831195,WHS4_100,COUNTRY,THA,SEAR,YEAR,South-East Asia,,2024,,,,,,,,92,92.0,,,,2025-07-14T16:23:12.92+02:00,2024,2024-01-01T00:00:00+01:00,2024-12-31T00:00:00+01:00
4894586,WHS4_100,COUNTRY,MEX,AMR,YEAR,Americas,,2021,,,,,,,,78,78.0,,,,2025-07-14T16:23:12.92+02:00,2021,2021-01-01T00:00:00+01:00,2021-12-31T00:00:00+01:00
4907757,WHS4_100,COUNTRY,MDG,AFR,YEAR,Africa,,2012,,,,,,,,68,68.0,,,,2025-07-14T16:23:12.92+02:00,2012,2012-01-01T00:00:00+01:00,2012-12-31T00:00:00+01:00
4991755,WHS4_100,COUNTRY,RWA,AFR,YEAR,Africa,,2018,,,,,,,,97,97.0,,,,2025-07-14T16:23:12.92+02:00,2018,2018-01-01T00:00:00+01:00,2018-12-31T00:00:00+01:00
5046679,WHS4_100,COUNTRY,JPN,WPR,YEAR,Western Pacific,,2024,,,,,,,,99,99.0,,,,2025-07-14T16:23:12.92+02:00,2024,2024-01-01T00:00:00+01:00,2024-12-31T00:00:00+01:00
5154245,WHS4_100,COUNTRY,ZAF,AFR,YEAR,Africa,,2022,,,,,,,,85,85.0,,,,2025-07-14T16:23:12.92+02:00,2022,2022-01-01T00:00:00+01:00,2022-12-31T00:00:00+01:00
5179813,WHS4_100,COUNTRY,POL,EUR,YEAR,Europe,,2023,,,,,,,,95,95.0,,,,2025-07-14T16:23:12.92+02:00,2023,2023-01-01T00:00:00+01:00,2023-12-31T00:00:00+01:00
5188337,WHS4_100,COUNTRY,IND,SEAR,YEAR,South-East Asia,,2012,,,,,,,,82,82.0,,,,2025-07-14T16:23:12.92+02:00,2012,2012-01-01T00:00:00+01:00,2012-12-31T00:00:00+01:00
5198899,WHS4_100,COUNTRY,COL,AMR,YEAR,Americas,,2022,,,,,,,,87,87.0,,,,2025-07-14T16:23:12.92+02:00,2022,2022-01-01T00:00:00+01:00,2022-12-31T00:00:00+01:00
5221410,WHS4_100,COUNTRY,PHL,WPR,YEAR,Western Pacific,,2011,,,,,,,,89,89.0,,,,2025-07-14T16:23:12.92+02:00,2011,2011-01-01T00:00:00+01:00,2011-12-31T00:00:00+01:00
5251627,WHS4_100,COUNTRY,BGD,SEAR,YEAR,South-East Asia,,2011,,,,,,,,96,96.0,,,,2025-07-14T16:23:12.92+02:00,2011,2011-01-01T00:00:00+01:00,2011-12-31T00:00:00+01:00
5252381,WHS4_100,COUNTRY,MEX,AMR,YEAR,Americas,,2019,,,,,,,,82,82.0,,,,2025-07-14T16:23:12.92+02:00,2019,2019-01-01T00:00:00+01:00,2019-12-31T00:00:00+01:00
5427299,WHS4_100,COUNTRY,THA,SEAR,YEAR,South-East Asia,,2012,,,,,,,,99,99.0,,,,2025-07-14T16:23:12.92+02:00,2012,2012-01-01T00:00:00+01:00,2012-12-31T00:00:00+01:00
5473243,WHS4_100,COUNTRY,THA,SEAR,YEAR,South-East Asia,,2011,,,,,,,,99,99.0,,,,2025-07-14T16:23:12.92+02:00,2011,2011-01-01T00:00:00+01:00,2011-12-31T00:00:00+01:00
5535210,WHS4_100,COUNTRY,EGY,EMR,YEAR,Eastern Mediterranean,,2021,,,,,,,,96,96.0,,,,2025-07-14T16:23:12.92+02:00,2021,2021-01-01T00:00:00+01:00,2021-12-31T00:00:00+01:00
5535257,WHS4_100,COUNTRY,EGY,EMR,YEAR,Eastern Mediterranean,,2020,,,,,,,,94,94.0,,,,2025-07-14T16:23:12.92+02:00,2020,2020-01-01T00:00:00+01:00,2020-12-31T00:00:00+01:00
5566640,WHS4_100,COUNTRY,CHN,WPR,YEAR,Western Pacific,,2022,,,,,,,,99,99.0,,,,2025-07-14T16:23:12.92+02:00,2022,2022-01-01T00:00:00+01:00,2022-12-31T00:00:00+01:00
5572929,WHS4_100,COUNTRY,MDG,AFR,YEAR,Africa,,2011,,,,,,,,73,73.0,,,,2025-07-14T16:23:12.92+02:00,2011,2011-01-01T00:00:00+01:00,2011-12-31T00:00:00+01:00
5681898,WHS4_100,COUNTRY,MEX,AMR,YEAR,Americas,,2013,,,,,,,,83,83.0,,,,2025-07-14T16:23:12.92+02:00,2013,2013-01-01T00:00:00+01:00,2013-12-31T00:00:00+01:00
5695082,WHS4_100,COUNTRY,TUR,EUR,YEAR,Europe,,2022,,,,,,,,99,99.0,,,,2025-07-14T16:23:12.92+02:00,2022,2022-01-01T00:00:00+01:00,2022-12-31T00:00:00+01:00
5695943,WHS4_100,COUNTRY,IDN,WPR,YEAR,Western Pacific,,2024,,,,,,,,78,78.0,,,,2025-07-14T16:23:12.92+02:00,2024,2024-01-01T00:00:00+01:00,2024-12-31T00:00:00+01:00
5720219,WHS4_100,COUNTRY,IDN,WPR,YEAR,Western Pacific,,2018,,,,,,,,85,85.0,,,,2025-07-14T16:23:12.92+02:00,2018,2018-01-01T00:00:00+01:00,2018-12-31T00:00:00+01:00
5731396,WHS4_100,COUNTRY,MDG,AFR,YEAR,Africa,,2013,,,,,,,,70,70.0,,,,2025-07-14T16:23:12.92+02:00,2013,2013-01-01T00:00:00+01:00,2013-12-31T00:00:00+01:00
5778551,WHS4_100,COUNTRY,COL,AMR,YEAR,Americas,,2023,,,,,,,,90,90.0,,,,2025-07-14T16:23:12.92+02:00,2023,2023-01-01T00:00:00+01:00,2023-12-31T00:00:00+01:00
5877626,WHS4_100,COUNTRY,NGA,AFR,YEAR,Africa,,2020,,,,,,,,62,62.0,,,,2025-07-14T16:23:12.92+02:00,2020,2020-01-01T00:00:00+01:00,2020-12-31T00:00:00+01:00
5878692,WHS4_100,COUNTRY,POL,EUR,YEAR,Europe,,2017,,,,,,,,96,96.0,,,,2025-07-14T16:23:12.92+02:00,2017,2017-01-01T00:00:00+01:00,2017-12-31T00:00:00+01:00
6030201,WHS4_100,COUNTRY,THA,SEAR,YEAR,South-East Asia,,2013,,,,,,,,99,99.0,,,,2025-07-14T16:23:12.92+02:00,2013,2013-01-01T00:00:00+01:00,2013-12-31T00:00:00+01:00
6095463,WHS4_100,COUNTRY,UGA,AFR,YEAR,Africa,,2021,,,,,,,,91,91.0,,,,2025-07-14T16:23:12.92+02:00,2021,2021-01-01T00:00:00+01:00,2021-12-31T00:00:00+01:00
6100712,WHS4_100,COUNTRY,KOR,WPR,YEAR,Western Pacific,,2020,,,,,,,,98,98.0,,,,2025-07-14T16:23:12.92+02:00,2020,2020-01-01T00:00:00+01:00,2020-12-31T00:00:00+01:00
6102731,WHS4_100,COUNTRY,KOR,WPR,YEAR,Western Pacific,,2016,,,,,,,,98,98.0,,,,2025-07-14T16:23:12.92+02:00,2016,2016-01-01T00:00:00+01:00,2016-12-31T00:00:00+01:00
6221449,WHS4_100,COUNTRY,CHN,WPR,YEAR,Western Pacific,,2023,,,,,,,,96,96.0,,,,2025-07-14T16:23:12.92+02:00,2023,2023-01-01T00:00:00+01:00,2023-12-31T00:00:00+01:00
6233705,WHS4_100,COUNTRY,SGP,WPR,YEAR,Western Pacific,,2013,,,,,,,,97,97.0,,,,2025-07-14T16:23:12.92+02:00,2013,2013-01-01T00:00:00+01:00,2013-12-31T00:00:00+01:00
6246466,WHS4_100,COUNTRY,KOR,WPR,YEAR,Western Pacific,,2018,,,,,,,,98,98.0,,,,2025-07-14T16:23:12.92+02:00,2018,2018-01-01T00:00:00+01:00,2018-12-31T00:00:00+01:00
6259897,WHS4_100,COUNTRY,RWA,AFR,YEAR,Africa,,2013,,,,,,,,98,98.0,,,,2025-07-14T16:23:12.92+02:00,2013,2013-01-01T00:00:00+01:00,2013-12-31T00:00:00+01:00
6312015,WHS4_100,COUNTRY,IND,SEAR,YEAR,South-East Asia,,2015,,,,,,,,87,87.0,,,,2025-07-14T16:23:12.92+02:00,2015,2015-01-01T00:00:00+01:00,2015-12-31T00:00:00+01:00
6329408,WHS4_100,COUNTRY,KEN,AFR,YEAR,Africa,,2013,,,,,,,,87,87.0,,,,2025-07-14T16:23:12.92+02:00,2013,2013-01-01T00:00:00+01:00,2013-12-31T00:00:00+01:00
6343514,WHS4_100,COUNTRY,CHN,WPR,YEAR,Western Pacific,,2013,,,,,,,,99,99.0,,,,2025-07-14T16:23:12.92+02:00,2013,2013-01-01T00:00:00+01:00,2013-12-31T00:00:00+01:00
6380412,WHS4_100,COUNTRY,GHA,AFR,YEAR,Africa,,2021,,,,,,,,98,98.0,,,,2025-07-14T16:23:12.92+02:00,2021,2021-01-01T00:00:00+01:00,2021-12-31T00:00:00+01:00
6457446,WHS4_100,COUNTRY,IDN,WPR,YEAR,Western Pacific,,2019,,,,,,,,85,85.0,,,,2025-07-14T16:23:12.92+02:00,2019,2019-01-01T00:00:00+01:00,2019-12-31T00:00:00+01:00
6469875,WHS4_100,COUNTRY,ZAF,AFR,YEAR,Africa,,2024,,,,,,,,74,74.0,,,,2025-07-14T16:23:12.92+02:00,2024,2024-01-01T00:00:00+01:00,2024-12-31T00:00:00+01:00
6506803,WHS4_100,COUNTRY,IND,SEAR,YEAR,South-East Asia,,2018,,,,,,,,90,90.0,,,,2025-07-14T16:23:12.92+02:00,2018,2018-01-01T00:00:00+01:00,2018-12-31T00:00:00+01:00
6590193,WHS4_100,COUNTRY,MEX,AMR,YEAR,Americas,,2022,,,,,,,,83,83.0,,,,2025-07-14T16:23:12.92+02:00,2022,2022-01-01T00:00:00+01:00,2022-12-31T00:00:00+01:00
6629459,WHS4_100,COUNTRY,GHA,AFR,YEAR,Africa,,2020,,,,,,,,94,94.0,,,,2025-07-14T16:23:12.92+02:00,2020,2020-01-01T00:00:00+01:00,2020-12-31T00:00:00+01:00
6670581,WHS4_100,COUNTRY,AFG,EMR,YEAR,Eastern Mediterranean,,2017,,,,,,,,64,64.0,,,,2025-07-14T16:23:12.92+02:00,2017,2017-01-01T00:00:00+01:00,2017-12-31T00:00:00+01:00
6697302,WHS4_100,COUNTRY,POL,EUR,YEAR,Europe,,2011,,,,,,,,99,99.0,,,,2025-07-14T16:23:12.92+02:00,2011,2011-01-01T00:00:00+01:00,2011-12-31T00:00:00+01:00
6741993,WHS4_100,COUNTRY,PHL,WPR,YEAR,Western Pacific,,2012,,,,,,,,89,89.0,,,,2025-07-14T16:23:12.92+02:00,2012,2012-01-01T00:00:00+01:00,2012-12-31T00:00:00+01:00
6780348,WHS4_100,COUNTRY,CHN,WPR,YEAR,Western Pacific,,2014,,,,,,,,99,99.0,,,,2025-07-14T16:23:12.92+02:00,2014,2014-01-01T00:00:00+01:00,2014-12-31T00:00:00+01:00
6807691,WHS4_100,COUNTRY,JPN,WPR,YEAR,Western Pacific,,2017,,,,,,,,99,99.0,,,,2025-07-14T16:23:12.92+02:00,2017,2017-01-01T00:00:00+01:00,2017-12-31T00:00:00+01:00
6857072,WHS4_100,COUNTRY,IDN,WPR,YEAR,Western Pacific,,2011,,,,,,,,81,81.0,,,,2025-07-14T16:23:12.92+02:00,2011,2011-01-01T00:00:00+01:00,2011-12-31T00:00:00+01:00
6868588,WHS4_100,COUNTRY,TUR,EUR,YEAR,Europe,,2011,,,,,,,,97,97.0,,,,2025-07-14T16:23:12.92+02:00,2011,2011-01-01T00:00:00+01:00,2011-12-31T00:00:00+01:00
6887973,WHS4_100,COUNTRY,PAK,EMR,YEAR,Eastern Mediterranean,,2019,,,,,,,,84,84.0,,,,2025-07-14T16:23:12.92+02:00,2019,2019-01-01T00:00:00+01:00,2019-12-31T00:00:00+01:00
6959278,WHS4_100,COUNTRY,KOR,WPR,YEAR,Western Pacific,,2021,,,,,,,,98,98.0,,,,2025-07-14T16:23:12.92+02:00,2021,2021-01-01T00:00:00+01:00,2021-12-31T00:00:00+01:00
6962749,WHS4_100,COUNTRY,KOR,WPR,YEAR,Western Pacific,,2014,,,,,,,,99,99.0,,,,2025-07-14T16:23:12.92+02:00,2014,2014-01-01T00:00:00+01:00,2014-12-31T00:00:00+01:00
7127604,WHS4_100,COUNTRY,PHL,WPR,YEAR,Western Pacific,,2020,,,,,,,,83,83.0,,,,2025-07-14T16:23:12.92+02:00,2020,2020-01-01T00:00:00+01:00,2020-12-31T00:00:00+01:00
7149315,WHS4_100,COUNTRY,KEN,AFR,YEAR,Africa,,2021,,,,,,,,95,95.0,,,,2025-07-14T16:23:12.92+02:00,2021,2021-01-01T00:00:00+01:00,2021-12-31T00:00:00+01:00
7186390,WHS4_100,COUNTRY,THA,SEAR,YEAR,South-East Asia,,2018,,,,,,,,97,97.0,,,,2025-07-14T16:23:12.92+02:00,2018,2018-01-01T00:00:00+01:00,2018-12-31T00:00:00+01:00
7187869,WHS4_100,COUNTRY,BRA,AMR,YEAR,Americas,,2013,,,,,,,,97,97.0,,,,2025-07-14T16:23:12.92+02:00,2013,2013-01-01T00:00:00+01:00,2013-12-31T00:00:00+01:00
7235310,WHS4_100,COUNTRY,AFG,EMR,YEAR,Eastern Mediterranean,,2019,,,,,,,,65,65.0,,,,2025-07-14T16:23:12.92+02:00,2019,2019-01-01T00:00:00+01:00,2019-12-31T00:00:00+01:00
7251643,WHS4_100,COUNTRY,EGY,EMR,YEAR,Eastern Mediterranean,,2012,,,,,,,,93,93.0,,,,2025-07-14T16:23:12.92+02:00,2012,2012-01-01T00:00:00+01:00,2012-12-31T00:00:00+01:00
7343848,WHS4_100,COUNTRY,EGY,EMR,YEAR,Eastern Mediterranean,,2014,,,,,,,,94,94.0,,,,2025-07-14T16:23:12.92+02:00,2014,2014-01-01T00:00:00+01:00,2014-12-31T00:00:00+01:00
7351330,WHS4_100,COUNTRY,JPN,WPR,YEAR,Western Pacific,,2015,,,,,,,,96,96.0,,,,2025-07-14T16:23:12.92+02:00,2015,2015-01-01T00:00:00+01:00,2015-12-31T00:00:00+01:00
7472989,WHS4_100,COUNTRY,EGY,EMR,YEAR,Eastern Mediterranean,,2011,,,,,,,,96,96.0,,,,2025-07-14T16:23:12.92+02:00,2011,2011-01-01T00:00:00+01:00,2011-12-31T00:00:00+01:00
7508121,WHS4_100,COUNTRY,POL,EUR,YEAR,Europe,,2018,,,,,,,,95,95.0,,,,2025-07-14T16:23:12.92+02:00,2018,2018-01-01T00:00:00+01:00,2018-12-31T00:00:00+01:00
7522966,WHS4_100,COUNTRY,EGY,EMR,YEAR,Eastern Mediterranean,,2018,,,,,,,,95,95.0,,,,2025-07-14T16:23:12.92+02:00,2018,2018-01-01T00:00:00+01:00,2018-12-31T00:00:00+01:00
7619969,WHS4_100,COUNTRY,COL,AMR,YEAR,Americas,,2011,,,,,,,,85,85.0,,,,2025-07-14T16:23:12.92+02:00,2011,2011-01-01T00:00:00+01:00,2011-12-31T00:00:00+01:00
7657376,WHS4_100,COUNTRY,COL,AMR,YEAR,Americas,,2019,,,,,,,,94,94.0,,,,2025-07-14T16:23:12.92+02:00,2019,2019-01-01T00:00:00+01:00,2019-12-31T00:00:00+01:00
7657901,WHS4_100,COUNTRY,IDN,WPR,YEAR,Western Pacific,,2016,,,,,,,,84,84.0,,,,2025-07-14T16:23:12.92+02:00,2016,2016-01-01T00:00:00+01:00,2016-12-31T00:00:00+01:00
7663765,WHS4_100,COUNTRY,TUR,EUR,YEAR,Europe,,2015,,,,,,,,97,97.0,,,,2025-07-14T16:23:12.92+02:00,2015,2015-01-01T00:00:00+01:00,2015-12-31T00:00:00+01:00
7675608,WHS4_100,COUNTRY,KOR,WPR,YEAR,Western Pacific,,2022,,,,,,,,98,98.0,,,,2025-07-14T16:23:12.92+02:00,2022,2022-01-01T00:00:00+01:00,2022-12-31T00:00:00+01:00
8847210,WHS4_100,COUNTRY,PHL,WPR,YEAR,Western Pacific,,2015,,,,,,,,76,76.0,,,,2025-07-14T16:23:12.92+02:00,2015,2015-01-01T00:00:00+01:00,2015-12-31T00:00:00+01:00
8854741,WHS4_100,COUNTRY,JPN,WPR,YEAR,Western Pacific,,2022,,,,,,,,99,99.0,,,,2025-07-14T16:23:12.92+02:00,2022,2022-01-01T00:00:00+01:00,2022-12-31T00:00:00+01:00
8873201,WHS4_100,COUNTRY,AFG,EMR,YEAR,Eastern Mediterranean,,2022,,,,,,,,58,58.0,,,,2025-07-14T16:23:12.92+02:00,2022,2022-01-01T00:00:00+01:00,2022-12-31T00:00:00+01:00
8942849,WHS4_100,COUNTRY,PHL,WPR,YEAR,Western Pacific,,2021,,,,,,,,69,69.0,,,,2025-07-14T16:23:12.92+02:00,2021,2021-01-01T00:00:00+01:00,2021-12-31T00:00:00+01:00
9062913,WHS4_100,COUNTRY,CHL,AMR,YEAR,Americas,,2024,,,,,,,,95,95.0,,,,2025-07-14T16:23:12.92+02:00,2024,2024-01-01T00:00:00+01:00,2024-12-31T00:00:00+01:00
9521960,WHS4_100,COUNTRY,MEX,AMR,YEAR,Americas,,2024,,,,,,,,78,78.0,,,,2025-07-14T16:23:12.92+02:00,2024,2024-01-01T00:00:00+01:00,2024-12-31T00:00:00+01:00
9579957,WHS4_100,COUNTRY,CHN,WPR,YEAR,Western Pacific,,2020,,,,,,,,99,99.0,,,,2025-07-14T16:23:12.92+02:00,2020,2020-01-01T00:00:00+01:00,2020-12-31T00:00:00+01:00
9654291,WHS4_100,COUNTRY,CHN,WPR,YEAR,Western Pacific,,2015,,,,,,,,99,99.0,,,,2025-07-14T16:23:12.92+02:00,2015,2015-01-01T00:00:00+01:00,2015-12-31T00:00:00+01:00
9655320,WHS4_100,COUNTRY,POL,EUR,YEAR,Europe,,2015,,,,,,,,98,98.0,,,,2025-07-14T16:23:12.92+02:00,2015,2015-01-01T00:00:00+01:00,2015-12-31T00:00:00+01:00
9836812,WHS4_100,COUNTRY,KOR,WPR,YEAR,Western Pacific,,2023,,,,,,,,98,98.0,,,,2025-07-14T16:23:12.92+02:00,2023,2023-01-01T00:00:00+01:00,2023-12-31T00:00:00+01:00
9995765,WHS4_100,COUNTRY,THA,SEAR,YEAR,South-East Asia,,2022,,,,,,,,92,92.0,,,,2025-07-14T16:23:12.92+02:00,2022,2022-01-01T00:00:00+01:00,2022-12-31T00:00:00+01:00
10121375,WHS4_100,COUNTRY,MDG,AFR,YEAR,Africa,,2018,,,,,,,,74,74.0,,,,2025-07-14T16:23:12.92+02:00,2018,2018-01-01T00:00:00+01:00,2018-12-31T00:00:00+01:00
10160103,WHS4_100,COUNTRY,TUR,EUR,YEAR,Europe,,2019,,,,,,,,99,99.0,,,,2025-07-14T16:23:12.92+02:00,2019,2019-01-01T00:00:00+01:00,2019-12-31T00:00:00+01:00
7738938,WHS4_100,COUNTRY,RWA,AFR,YEAR,Africa,,2023,,,,,,,,94,94.0,,,,2025-07-14T16:23:12.92+02:00,2023,2023-01-01T00:00:00+01:00,2023-12-31T00:00:00+01:00
7821806,WHS4_100,COUNTRY,UGA,AFR,YEAR,Africa,,2012,,,,,,,,83,83.0,,,,2025-07-14T16:23:12.92+02:00,2012,2012-01-01T00:00:00+01:00,2012-12-31T00:00:00+01:00
7847654,WHS4_100,COUNTRY,COL,AMR,YEAR,Americas,,2014,,,,,,,,90,90.0,,,,2025-07-14T16:23:12.92+02:00,2014,2014-01-01T00:00:00+01:00,2014-12-31T00:00:00+01:00
7929137,WHS4_100,COUNTRY,NGA,AFR,YEAR,Africa,,2015,,,,,,,,42,42.0,,,,2025-07-14T16:23:12.92+02:00,2015,2015-01-01T00:00:00+01:00,2015-12-31T00:00:00+01:00
8275485,WHS4_100,COUNTRY,MEX,AMR,YEAR,Americas,,2011,,,,,,,,97,97.0,,,,2025-07-14T16:23:12.92+02:00,2011,2011-01-01T00:00:00+01:00,2011-12-31T00:00:00+01:00
8349155,WHS4_100,COUNTRY,RWA,AFR,YEAR,Africa,,2024,,,,,,,,98,98.0,,,,2025-07-14T16:23:12.92+02:00,2024,2024-01-01T00:00:00+01:00,2024-12-31T00:00:00+01:00
8355585,WHS4_100,COUNTRY,CHN,WPR,YEAR,Western Pacific,,2010,,,,,,,,99,99.0,,,,2025-07-14T16:23:12.92+02:00,2010,2010-01-01T00:00:00+01:00,2010-12-31T00:00:00+01:00
8363349,WHS4_100,COUNTRY,SGP,WPR,YEAR,Western Pacific,,2019,,,,,,,,97,97.0,,,,2025-07-14T16:23:12.92+02:00,2019,2019-01-01T00:00:00+01:00,2019-12-31T00:00:00+01:00
8368128,WHS4_100,COUNTRY,TUR,EUR,YEAR,Europe,,2010,,,,,,,,97,97.0,,,,2025-07-14T16:23:12.92+02:00,2010,2010-01-01T00:00:00+01:00,2010-12-31T00:00:00+01:00
8463438,WHS4_100,COUNTRY,COL,AMR,YEAR,Americas,,2020,,,,,,,,88,88.0,,,,2025-07-14T16:23:12.92+02:00,2020,2020-01-01T00:00:00+01:00,2020-12-31T00:00:00+01:00
8569089,WHS4_100,COUNTRY,IND,SEAR,YEAR,South-East Asia,,2016,,,,,,,,88,88.0,,,,2025-07-14T16:23:12.92+02:00,2016,2016-01-01T00:00:00+01:00,2016-12-31T00:00:00+01:00
8676563,WHS4_100,COUNTRY,KOR,WPR,YEAR,Western Pacific,,2012,,,,,,,,99,99.0,,,,2025-07-14T16:23:12.92+02:00,2012,2012-01-01T00:00:00+01:00,2012-12-31T00:00:00+01:00
8689601,WHS4_100,COUNTRY,CHN,WPR,YEAR,Western Pacific,,2012,,,,,,,,99,99.0,,,,2025-07-14T16:23:12.92+02:00,2012,2012-01-01T00:00:00+01:00,2012-12-31T00:00:00+01:00
8694925,WHS4_100,COUNTRY,CHL,AMR,YEAR,Americas,,2014,,,,,,,,95,95.0,,,,2025-07-14T16:23:12.92+02:00,2014,2014-01-01T00:00:00+01:00,2014-12-31T00:00:00+01:00
8695932,WHS4_100,COUNTRY,KOR,WPR,YEAR,Western Pacific,,2015,,,,,,,,98,98.0,,,,2025-07-14T16:23:12.92+02:00,2015,2015-01-01T00:00:00+01:00,2015-12-31T00:00:00+01:00
8702802,WHS4_100,COUNTRY,AFG,EMR,YEAR,Eastern Mediterranean,,2012,,,,,,,,67,67.0,,,,2025-07-14T16:23:12.92+02:00,2012,2012-01-01T00:00:00+01:00,2012-12-31T00:00:00+01:00
146902,WHS4_100,COUNTRY,KOR,WPR,YEAR,Western Pacific,,2011,,,,,,,,99,99.0,,,,2025-07-14T16:23:12.92+02:00,2011,2011-01-01T00:00:00+01:00,2011-12-31T00:00:00+01:00
223407,WHS4_100,COUNTRY,AFG,EMR,YEAR,Eastern Mediterranean,,2020,,,,,,,,61,61.0,,,,2025-07-14T16:23:12.92+02:00,2020,2020-01-01T00:00:00+01:00,2020-12-31T00:00:00+01:00
350472,WHS4_100,COUNTRY,SGP,WPR,YEAR,Western Pacific,,2024,,,,,,,,97,97.0,,,,2025-07-14T16:23:12.92+02:00,2024,2024-01-01T00:00:00+01:00,2024-12-31T00:00:00+01:00
363090,WHS4_100,COUNTRY,BGD,SEAR,YEAR,South-East Asia,,2010,,,,,,,,94,94.0,,,,2025-07-14T16:23:12.92+02:00,2010,2010-01-01T00:00:00+01:00,2010-12-31T00:00:00+01:00
507771,WHS4_100,COUNTRY,PAK,EMR,YEAR,Eastern Mediterranean,,2020,,,,,,,,80,80.0,,,,2025-07-14T16:23:12.92+02:00,2020,2020-01-01T00:00:00+01:00,2020-12-31T00:00:00+01:00
519809,WHS4_100,COUNTRY,AFG,EMR,YEAR,Eastern Mediterranean,,2010,,,,,,,,66,66.0,,,,2025-07-14T16:23:12.92+02:00,2010,2010-01-01T00:00:00+01:00,2010-12-31T00:00:00+01:00
769010,WHS4_100,COUNTRY,KOR,WPR,YEAR,Western Pacific,,2019,,,,,,,,98,98.0,,,,2025-07-14T16:23:12.92+02:00,2019,2019-01-01T00:00:00+01:00,2019-12-31T00:00:00+01:00
927165,WHS4_100,COUNTRY,CHL,AMR,YEAR,Americas,,2017,,,,,,,,93,93.0,,,,2025-07-14T16:23:12.92+02:00,2017,2017-01-01T00:00:00+01:00,2017-12-31T00:00:00+01:00
1016009,WHS4_100,COUNTRY,IND,SEAR,YEAR,South-East Asia,,2017,,,,,,,,89,89.0,,,,2025-07-14T16:23:12.92+02:00,2017,2017-01-01T00:00:00+01:00,2017-12-31T00:00:00+01:00
1123271,WHS4_100,COUNTRY,COL,AMR,YEAR,Americas,,2015,,,,,,,,91,91.0,,,,2025-07-14T16:23:12.92+02:00,2015,2015-01-01T00:00:00+01:00,2015-12-31T00:00:00+01:00
1250494,WHS4_100,COUNTRY,THA,SEAR,YEAR,South-East Asia,,2016,,,,,,,,99,99.0,,,,2025-07-14T16:23:12.92+02:00,2016,2016-01-01T00:00:00+01:00,2016-12-31T00:00:00+01:00
1372192,WHS4_100,COUNTRY,PAK,EMR,YEAR,Eastern Mediterranean,,2011,,,,,,,,63,63.0,,,,2025-07-14T16:23:12.92+02:00,2011,2011-01-01T00:00:00+01:00,2011-12-31T00:00:00+01:00
1403354,WHS4_100,COUNTRY,IDN,WPR,YEAR,Western Pacific,,2015,,,,,,,,84,84.0,,,,2025-07-14T16:23:12.92+02:00,2015,2015-01-01T00:00:00+01:00,2015-12-31T00:00:00+01:00
1517666,WHS4_100,COUNTRY,IND,SEAR,YEAR,South-East Asia,,2011,,,,,,,,82,82.0,,,,2025-07-14T16:23:12.92+02:00,2011,2011-01-01T00:00:00+01:00,2011-12-31T00:00:00+01:00
1523654,WHS4_100,COUNTRY,BGD,SEAR,YEAR,South-East Asia,,2020,,,,,,,,97,97.0,,,,2025-07-14T16:23:12.92+02:00,2020,2020-01-01T00:00:00+01:00,2020-12-31T00:00:00+01:00
1656916,WHS4_100,COUNTRY,POL,EUR,YEAR,Europe,,2021,,,,,,,,94,94.0,,,,2025-07-14T16:23:12.92+02:00,2021,2021-01-01T00:00:00+01:00,2021-12-31T00:00:00+01:00
1657707,WHS4_100,COUNTRY,KEN,AFR,YEAR,Africa,,2017,,,,,,,,81,81.0,,,,2025-07-14T16:23:12.92+02:00,2017,2017-01-01T00:00:00+01:00,2017-12-31T00:00:00+01:00
1758405,WHS4_100,COUNTRY,AFG,EMR,YEAR,Eastern Mediterranean,,2013,,,,,,,,64,64.0,,,,2025-07-14T16:23:12.92+02:00,2013,2013-01-01T00:00:00+01:00,2013-12-31T00:00:00+01:00
1816216,WHS4_100,COUNTRY,EGY,EMR,YEAR,Eastern Mediterranean,,2010,,,,,,,,97,97.0,,,,2025-07-14T16:23:12.92+02:00,2010,2010-01-01T00:00:00+01:00,2010-12-31T00:00:00+01:00
1853808,WHS4_100,COUNTRY,TUR,EUR,YEAR,Europe,,2017,,,,,,,,96,96.0,,,,2025-07-14T16:23:12.92+02:00,2017,2017-01-01T00:00:00+01:00,2017-12-31T00:00:00+01:00
1878298,WHS4_100,COUNTRY,CHN,WPR,YEAR,Western Pacific,,2016,,,,,,,,99,99.0,,,,2025-07-14T16:23:12.92+02:00,2016,2016-01-01T00:00:00+01:00,2016-12-31T00:00:00+01:00
1917334,WHS4_100,COUNTRY,JPN,WPR,YEAR,Western Pacific,,2012,,,,,,,,97,97.0,,,,2025-07-14T16:23:12.92+02:00,2012,2012-01-01T00:00:00+01:00,2012-12-31T00:00:00+01:00
1973417,WHS4_100,COUNTRY,UGA,AFR,YEAR,Africa,,2011,,,,,,,,82,82.0,,,,2025-07-14T16:23:12.92+02:00,2011,2011-01-01T00:00:00+01:00,2011-12-31T00:00:00+01:00
2335464,WHS4_100,COUNTRY,BGD,SEAR,YEAR,South-East Asia,,2017,,,,,,,,98,98.0,,,,2025-07-14T16:23:12.92+02:00,2017,2017-01-01T00:00:00+01:00,2017-12-31T00:00:00+01:00
2374042,WHS4_100,COUNTRY,THA,SEAR,YEAR,South-East Asia,,2017,,,,,,,,99,99.0,,,,2025-07-14T16:23:12.92+02:00,2017,2017-01-01T00:00:00+01:00,2017-12-31T00:00:00+01:00
2405110,WHS4_100,COUNTRY,JPN,WPR,YEAR,Western Pacific,,2021,,,,,,,,99,99.0,,,,2025-07-14T16:23:12.92+02:00,2021,2021-01-01T00:00:00+01:00,2021-12-31T00:00:00+01:00
2476277,WHS4_100,COUNTRY,CHL,AMR,YEAR,Americas,,2022,,,,,,,,96,96.0,,,,2025-07-14T16:23:12.92+02:00,2022,2022-01-01T00:00:00+01:00,2022-12-31T00:00:00+01:00
2520895,WHS4_100,COUNTRY,CHN,WPR,YEAR,Western Pacific,,2024,,,,,,,,97,97.0,,,,2025-07-14T16:23:12.92+02:00,2024,2024-01-01T00:00:00+01:00,2024-12-31T00:00:00+01:00
2634691,WHS4_100,COUNTRY,NGA,AFR,YEAR,Africa,,2013,,,,,,,,39,39.0,,,,2025-07-14T16:23:12.92+02:00,2013,2013-01-01T00:00:00+01:00,2013-12-31T00:00:00+01:00
2641365,WHS4_100,COUNTRY,MEX,AMR,YEAR,Americas,,2018,,,,,,,,88,88.0,,,,2025-07-14T16:23:12.92+02:00,2018,2018-01-01T00:00:00+01:00,2018-12-31T00:00:00+01:00
2697466,WHS4_100,COUNTRY,SGP,WPR,YEAR,Western Pacific,,2015,,,,,,,,96,96.0,,,,2025-07-14T16:23:12.92+02:00,2015,2015-01-01T00:00:00+01:00,2015-12-31T00:00:00+01:00
2717209,WHS4_100,COUNTRY,ZAF,AFR,YEAR,Africa,,2011,,,,,,,,75,75.0,,,,2025-07-14T16:23:12.92+02:00,2011,2011-01-01T00:00:00+01:00,2011-12-31T00:00:00+01:00
2868482,WHS4_100,COUNTRY,IND,SEAR,YEAR,South-East Asia,,2020,,,,,,,,85,85.0,,,,2025-07-14T16:23:12.92+02:00,2020,2020-01-01T00:00:00+01:00,2020-12-31T00:00:00+01:00
2894478,WHS4_100,COUNTRY,TUR,EUR,YEAR,Europe,,2021,,,,,,,,95,95.0,,,,2025-07-14T16:23:12.92+02:00,2021,2021-01-01T00:00:00+01:00,2021-12-31T00:00:00+01:00
3009980,WHS4_100,COUNTRY,RWA,AFR,YEAR,Africa,,2022,,,,,,,,98,98.0,,,,2025-07-14T16:23:12.92+02:00,2022,2022-01-01T00:00:00+01:00,2022-12-31T00:00:00+01:00
3116451,WHS4_100,COUNTRY,PAK,EMR,YEAR,Eastern Mediterranean,,2024,,,,,,,,87,87.0,,,,2025-07-14T16:23:12.92+02:00,2024,2024-01-01T00:00:00+01:00,2024-12-31T00:00:00+01:00
3503073,WHS4_100,COUNTRY,NGA,AFR,YEAR,Africa,,2018,,,,,,,,61,61.0,,,,2025-07-14T16:23:12.92+02:00,2018,2018-01-01T00:00:00+01:00,2018-12-31T00:00:00+01:00
3585555,WHS4_100,COUNTRY,IND,SEAR,YEAR,South-East Asia,,2022,,,,,,,,93,93.0,,,,2025-07-14T16:23:12.92+02:00,2022,2022-01-01T00:00:00+01:00,2022-12-31T00:00:00+01:00
3598486,WHS4_100,COUNTRY,COL,AMR,YEAR,Americas,,2018,,,,,,,,92,92.0,,,,2025-07-14T16:23:12.92+02:00,2018,2018-01-01T00:00:00+01:00,2018-12-31T00:00:00+01:00
3744715,WHS4_100,COUNTRY,RWA,AFR,YEAR,Africa,,2010,,,,,,,,97,97.0,,,,2025-07-14T16:23:12.92+02:00,2010,2010-01-01T00:00:00+01:00,2010-12-31T00:00:00+01:00
3794572,WHS4_100,COUNTRY,CHN,WPR,YEAR,Western Pacific,,2018,,,,,,,,99,99.0,,,,2025-07-14T16:23:12.92+02:00,2018,2018-01-01T00:00:00+01:00,2018-12-31T00:00:00+01:00
3972683,WHS4_100,COUNTRY,PHL,WPR,YEAR,Western Pacific,,2019,,,,,,,,84,84.0,,,,2025-07-14T16:23:12.92+02:00,2019,2019-01-01T00:00:00+01:00,2019-12-31T00:00:00+01:00
4074108,WHS4_100,COUNTRY,TUR,EUR,YEAR,Europe,,2018,,,,,,,,98,98.0,,,,2025-07-14T16:23:12.92+02:00,2018,2018-01-01T00:00:00+01:00,2018-12-31T00:00:00+01:00
4107317,WHS4_100,COUNTRY,BRA,AMR,YEAR,Americas,,2024,,,,,,,,91,91.0,,,,2025-07-14T16:23:12.92+02:00,2024,2024-01-01T00:00:00+01:00,2024-12-31T00:00:00+01:00
4157786,WHS4_100,COUNTRY,UGA,AFR,YEAR,Africa,,2023,,,,,,,,91,91.0,,,,2025-07-14T16:23:12.92+02:00,2023,2023-01-01T00:00:00+01:00,2023-12-31T00:00:00+01:00
4181854,WHS4_100,COUNTRY,BGD,SEAR,YEAR,South-East Asia,,2014,,,,,,,,97,97.0,,,,2025-07-14T16:23:12.92+02:00,2014,2014-01-01T00:00:00+01:00,2014-12-31T00:00:00+01:00
4195328,WHS4_100,COUNTRY,MDG,AFR,YEAR,Africa,,2010,,,,,,,,70,70.0,,,,2025-07-14T16:23:12.92+02:00,2010,2010-01-01T00:00:00+01:00,2010-12-31T00:00:00+01:00
4271004,WHS4_100,COUNTRY,BRA,AMR,YEAR,Americas,,2022,,,,,,,,77,77.0,,,,2025-07-14T16:23:12.92+02:00,2022,2022-01-01T00:00:00+01:00,2022-12-31T00:00:00+01:00
4296075,WHS4_100,COUNTRY,IDN,WPR,YEAR,Western Pacific,,2021,,,,,,,,67,67.0,,,,2025-07-14T16:23:12.92+02:00,2021,2021-01-01T00:00:00+01:00,2021-12-31T00:00:00+01:00
4365785,WHS4_100,COUNTRY,NGA,AFR,YEAR,Africa,,2011,,,,,,,,53,53.0,,,,2025-07-14T16:23:12.92+02:00,2011,2011-01-01T00:00:00+01:00,2011-12-31T00:00:00+01:00
4392105,WHS4_100,COUNTRY,GHA,AFR,YEAR,Africa,,2014,,,,,,,,98,98.0,,,,2025-07-14T16:23:12.92+02:00,2014,2014-01-01T00:00:00+01:00,2014-12-31T00:00:00+01:00
4397804,WHS4_100,COUNTRY,BRA,AMR,YEAR,Americas,,2011,,,,,,,,99,99.0,,,,2025-07-14T16:23:12.92+02:00,2011,2011-01-01T00:00:00+01:00,2011-12-31T00:00:00+01:00
4500458,WHS4_100,COUNTRY,ZAF,AFR,YEAR,Africa,,2012,,,,,,,,71,71.0,,,,2025-07-14T16:23:12.92+02:00,2012,2012-01-01T00:00:00+01:00,2012-12-31T00:00:00+01:00
4512897,WHS4_100,COUNTRY,IDN,WPR,YEAR,Western Pacific,,2020,,,,,,,,77,77.0,,,,2025-07-14T16:23:12.92+02:00,2020,2020-01-01T00:00:00+01:00,2020-12-31T00:00:00+01:00
4537501,WHS4_100,COUNTRY,NGA,AFR,YEAR,Africa,,2021,,,,,,,,61,61.0,,,,2025-07-14T16:23:12.92+02:00,2021,2021-01-01T00:00:00+01:00,2021-12-31T00:00:00+01:00
4538677,WHS4_100,COUNTRY,NGA,AFR,YEAR,Africa,,2023,,,,,,,,67,67.0,,,,2025-07-14T16:23:12.92+02:00,2023,2023-01-01T00:00:00+01:00,2023-12-31T00:00:00+01:00
4644981,WHS4_100,COUNTRY,KEN,AFR,YEAR,Africa,,2023,,,,,,,,93,93.0,,,,2025-07-14T16:23:12.92+02:00,2023,2023-01-01T00:00:00+01:00,2023-12-31T00:00:00+01:00
4804573,WHS4_100,COUNTRY,JPN,WPR,YEAR,Western Pacific,,2016,,,,,,,,99,99.0,,,,2025-07-14T16:23:12.92+02:00,2016,2016-01-01T00:00:00+01:00,2016-12-31T00:00:00+01:00
4842179,WHS4_100,COUNTRY,MDG,AFR,YEAR,Africa,,2020,,,,,,,,67,67.0,,,,2025-07-14T16:23:12.92+02:00,2020,2020-01-01T00:00:00+01:00,2020-12-31T00:00:00+01:00
4911921,WHS4_100,COUNTRY,MDG,AFR,YEAR,Africa,,2016,,,,,,,,68,68.0,,,,2025-07-14T16:23:12.92+02:00,2016,2016-01-01T00:00:00+01:00,2016-12-31T00:00:00+01:00
4918744,WHS4_100,COUNTRY,MEX,AMR,YEAR,Americas,,2014,,,,,,,,87,87.0,,,,2025-07-14T16:23:12.92+02:00,2014,2014-01-01T00:00:00+01:00,2014-12-31T00:00:00+01:00
5057976,WHS4_100,COUNTRY,THA,SEAR,YEAR,South-East Asia,,2020,,,,,,,,97,97.0,,,,2025-07-14T16:23:12.92+02:00,2020,2020-01-01T00:00:00+01:00,2020-12-31T00:00:00+01:00
5158687,WHS4_100,COUNTRY,JPN,WPR,YEAR,Western Pacific,,2010,,,,,,,,97,97.0,,,,2025-07-14T16:23:12.92+02:00,2010,2010-01-01T00:00:00+01:00,2010-12-31T00:00:00+01:00
5349459,WHS4_100,COUNTRY,KEN,AFR,YEAR,Africa,,2010,,,,,,,,90,90.0,,,,2025-07-14T16:23:12.92+02:00,2010,2010-01-01T00:00:00+01:00,2010-12-31T00:00:00+01:00
5456883,WHS4_100,COUNTRY,GHA,AFR,YEAR,Africa,,2013,,,,,,,,90,90.0,,,,2025-07-14T16:23:12.92+02:00,2013,2013-01-01T00:00:00+01:00,2013-12-31T00:00:00+01:00
5458315,WHS4_100,COUNTRY,JPN,WPR,YEAR,Western Pacific,,2023,,,,,,,,98,98.0,,,,2025-07-14T16:23:12.92+02:00,2023,2023-01-01T00:00:00+01:00,2023-12-31T00:00:00+01:00
5464066,WHS4_100,COUNTRY,NGA,AFR,YEAR,Africa,,2024,,,,,,,,67,67.0,,,,2025-07-14T16:23:12.92+02:00,2024,2024-01-01T00:00:00+01:00,2024-12-31T00:00:00+01:00
5496260,WHS4_100,COUNTRY,KEN,AFR,YEAR,Africa,,2020,,,,,,,,93,93.0,,,,2025-07-14T16:23:12.92+02:00,2020,2020-01-01T00:00:00+01:00,2020-12-31T00:00:00+01:00
5558155,WHS4_100,COUNTRY,PHL,WPR,YEAR,Western Pacific,,2013,,,,,,,,85,85.0,,,,2025-07-14T16:23:12.92+02:00,2013,2013-01-01T00:00:00+01:00,2013-12-31T00:00:00+01:00
5800096,WHS4_100,COUNTRY,EGY,EMR,YEAR,Eastern Mediterranean,,2022,,,,,,,,97,97.0,,,,2025-07-14T16:23:12.92+02:00,2022,2022-01-01T00:00:00+01:00,2022-12-31T00:00:00+01:00
5844706,WHS4_100,COUNTRY,RWA,AFR,YEAR,Africa,,2015,,,,,,,,98,98.0,,,,2025-07-14T16:23:12.92+02:00,2015,2015-01-01T00:00:00+01:00,2015-12-31T00:00:00+01:00
5850484,WHS4_100,COUNTRY,THA,SEAR,YEAR,South-East Asia,,2023,,,,,,,,92,92.0,,,,2025-07-14T16:23:12.92+02:00,2023,2023-01-01T00:00:00+01:00,2023-12-31T00:00:00+01:00
5957928,WHS4_100,COUNTRY,IDN,WPR,YEAR,Western Pacific,,2023,,,,,,,,83,83.0,,,,2025-07-14T16:23:12.92+02:00,2023,2023-01-01T00:00:00+01:00,2023-12-31T00:00:00+01:00
6053769,WHS4_100,COUNTRY,POL,EUR,YEAR,Europe,,2010,,,,,,,,99,99.0,,,,2025-07-14T16:23:12.92+02:00,2010,2010-01-01T00:00:00+01:00,2010-12-31T00:00:00+01:00
6219486,WHS4_100,COUNTRY,KEN,AFR,YEAR,Africa,,2018,,,,,,,,91,91.0,,,,2025-07-14T16:23:12.92+02:00,2018,2018-01-01T00:00:00+01:00,2018-12-31T00:00:00+01:00
6339990,WHS4_100,COUNTRY,AFG,EMR,YEAR,Eastern Mediterranean,,2021,,,,,,,,55,55.0,,,,2025-07-14T16:23:12.92+02:00,2021,2021-01-01T00:00:00+01:00,2021-12-31T00:00:00+01:00
6440916,WHS4_100,COUNTRY,ZAF,AFR,YEAR,Africa,,2020,,,,,,,,84,84.0,,,,2025-07-14T16:23:12.92+02:00,2020,2020-01-01T00:00:00+01:00,2020-12-31T00:00:00+01:00
6643566,WHS4_100,COUNTRY,AFG,EMR,YEAR,Eastern Mediterranean,,2015,,,,,,,,64,64.0,,,,2025-07-14T16:23:12.92+02:00,2015,2015-01-01T00:00:00+01:00,2015-12-31T00:00:00+01:00
6739849,WHS4_100,COUNTRY,POL,EUR,YEAR,Europe,,2014,,,,,,,,98,98.0,,,,2025-07-14T16:23:12.92+02:00,2014,2014-01-01T00:00:00+01:00,2014-12-31T00:00:00+01:00
6750714,WHS4_100,COUNTRY,CHN,WPR,YEAR,Western Pacific,,2011,,,,,,,,99,99.0,,,,2025-07-14T16:23:12.92+02:00,2011,2011-01-01T00:00:00+01:00,2011-12-31T00:00:00+01:00
6879723,WHS4_100,COUNTRY,KEN,AFR,YEAR,Africa,,2015,,,,,,,,89,89.0,,,,2025-07-14T16:23:12.92+02:00,2015,2015-01-01T00:00:00+01:00,2015-12-31T00:00:00+01:00
6905060,WHS4_100,COUNTRY,BGD,SEAR,YEAR,South-East Asia,,2024,,,,,,,,97,97.0,,,,2025-07-14T16:23:12.92+02:00,2024,2024-01-01T00:00:00+01:00,2024-12-31T00:00:00+01:00
7061949,WHS4_100,COUNTRY,BRA,AMR,YEAR,Americas,,2023,,,,,,,,90,90.0,,,,2025-07-14T16:23:12.92+02:00,2023,2023-01-01T00:00:00+01:00,2023-12-31T00:00:00+01:00
7101141,WHS4_100,COUNTRY,IND,SEAR,YEAR,South-East Asia,,2010,,,,,,,,79,79.0,,,,2025-07-14T16:23:12.92+02:00,2010,2010-01-01T00:00:00+01:00,2010-12-31T00:00:00+01:00
7284434,WHS4_100,COUNTRY,MDG,AFR,YEAR,Africa,,2017,,,,,,,,65,65.0,,,,2025-07-14T16:23:12.92+02:00,2017,2017-01-01T00:00:00+01:00,2017-12-31T00:00:00+01:00
7315929,WHS4_100,COUNTRY,MDG,AFR,YEAR,Africa,,2021,,,,,,,,55,55.0,,,,2025-07-14T16:23:12.92+02:00,2021,2021-01-01T00:00:00+01:00,2021-12-31T00:00:00+01:00
7329468,WHS4_100,COUNTRY,GHA,AFR,YEAR,Africa,,2022,,,,,,,,99,99.0,,,,2025-07-14T16:23:12.92+02:00,2022,2022-01-01T00:00:00+01:00,2022-12-31T00:00:00+01:00
7564405,WHS4_100,COUNTRY,MDG,AFR,YEAR,Africa,,2014,,,,,,,,68,68.0,,,,2025-07-14T16:23:12.92+02:00,2014,2014-01-01T00:00:00+01:00,2014-12-31T00:00:00+01:00
7628171,WHS4_100,COUNTRY,GHA,AFR,YEAR,Africa,,2010,,,,,,,,94,94.0,,,,2025-07-14T16:23:12.92+02:00,2010,2010-01-01T00:00:00+01:00,2010-12-31T00:00:00+01:00
7634957,WHS4_100,COUNTRY,KOR,WPR,YEAR,Western Pacific,,2010,,,,,,,,94,94.0,,,,2025-07-14T16:23:12.92+02:00,2010,2010-01-01T00:00:00+01:00,2010-12-31T00:00:00+01:00
7696286,WHS4_100,COUNTRY,THA,SEAR,YEAR,South-East Asia,,2019,,,,,,,,97,97.0,,,,2025-07-14T16:23:12.92+02:00,2019,2019-01-01T00:00:00+01:00,2019-12-31T00:00:00+01:00
