Id,IndicatorCode,SpatialDimType,SpatialDim,ParentLocationCode,TimeDimType,ParentLocation,Dim1Type,Dim1,TimeDim,Dim2Type,Dim2,Dim3Type,Dim3,DataSourceDimType,DataSourceDim,Value,NumericValue,Low,High,Comments,Date,TimeDimensionValue,TimeDimensionBegin,TimeDimensionEnd
8802052,WHS4_544,COUNTRY,UGA,AFR,YEAR,Africa,,,2013,,,,,,,78,78.0,,,,2025-07-14T16:23:12.92+02:00,2013,2013-01-01T00:00:00+01:00,2013-12-31T00:00:00+01:00
8832237,WHS4_544,COUNTRY,CHN,WPR,YEAR,Western Pacific,,,2021,,,,,,,99,99.0,,,,2025-07-14T16:23:12.92+02:00,2021,2021-01-01T00:00:00+01:00,2021-12-31T00:00:00+01:00
8855845,WHS4_544,COUNTRY,AFG,EMR,YEAR,Eastern Mediterranean,,,2013,,,,,,,64,64.0,,,,2025-07-14T16:23:12.92+02:00,2013,2013-01-01T00:00:00+01:00,2013-12-31T00:00:00+01:00
8875628,WHS4_544,COUNTRY,NGA,AFR,YEAR,Africa,,,2013,,,,,,,41,41.0,,,,2025-07-14T16:23:12.92+02:00,2013,2013-01-01T00:00:00+01:00,2013-12-31T00:00:00+01:00
8921057,WHS4_544,COUNTRY,THA,SEAR,YEAR,South-East Asia,,,2015,,,,,,,99,99.0,,,,2025-07-14T16:23:12.92+02:00,2015,2015-01-01T00:00:00+01:00,2015-12-31T00:00:00+01:00
8927886,WHS4_544,COUNTRY,JPN,WPR,YEAR,Western Pacific,,,2012,,,,,,,99,99.0,,,,2025-07-14T16:23:12.92+02:00,2012,2012-01-01T00:00:00+01:00,2012-12-31T00:00:00+01:00
8931968,WHS4_544,COUNTRY,UGA,AFR,YEAR,Africa,,,2022,,,,,,,90,90.0,,,,2025-07-14T16:23:12.92+02:00,2022,2022-01-01T00:00:00+01:00,2022-12-31T00:00:00+01:00
8958496,WHS4_544,COUNTRY,POL,EUR,YEAR,Europe,,,2010,,,,,,,96,96.0,,,,2025-07-14T16:23:12.92+02:00,2010,2010-01-01T00:00:00+01:00,2010-12-31T00:00:00+01:00
9059038,WHS4_544,COUNTRY,KEN,AFR,YEAR,Africa,,,2020,,,,,,,92,92.0,,,,2025-07-14T16:23:12.92+02:00,2020,2020-01-01T00:00:00+01:00,2020-12-31T00:00:00+01:00
9071650,WHS4_544,COUNTRY,IDN,WPR,YEAR,Western Pacific,,,2024,,,,,,,87,87.0,,,,2025-07-14T16:23:12.92+02:00,2024,2024-01-01T00:00:00+01:00,2024-12-31T00:00:00+01:00
9083370,WHS4_544,COUNTRY,NGA,AFR,YEAR,Africa,,,2011,,,,,,,48,48.0,,,,2025-07-14T16:23:12.92+02:00,2011,2011-01-01T00:00:00+01:00,2011-12-31T00:00:00+01:00
9115098,WHS4_544,COUNTRY,RWA,AFR,YEAR,Africa,,,2015,,,,,,,99,99.0,,,,2025-07-14T16:23:12.92+02:00,2015,2015-01-01T00:00:00+01:00,2015-12-31T00:00:00+01:00
9173683,WHS4_544,COUNTRY,AFG,EMR,YEAR,Eastern Mediterranean,,,2010,,,,,,,66,66.0,,,,2025-07-14T16:23:12.92+02:00,2010,2010-01-01T00:00:00+01:00,2010-12-31T00:00:00+01:00
9177838,WHS4_544,COUNTRY,IDN,WPR,YEAR,Western Pacific,,,2012,,,,,,,87,87.0,,,,2025-07-14T16:23:12.92+02:00,2012,2012-01-01T00:00:00+01:00,2012-12-31T00:00:00+01:00
9187931,WHS4_544,COUNTRY,POL,EUR,YEAR,Europe,,,2014,,,,,,,94,94.0,,,,2025-07-14T16:23:12.92+02:00,2014,2014-01-01T00:00:00+01:00,2014-12-31T00:00:00+01:00
9206863,WHS4_544,COUNTRY,AFG,EMR,YEAR,Eastern Mediterranean,,,2023,,,,,,,59,59.0,,,,2025-07-14T16:23:12.92+02:00,2023,2023-01-01T00:00:00+01:00,2023-12-31T00:00:00+01:00
9249130,WHS4_544,COUNTRY,KOR,WPR,YEAR,Western Pacific,,,2013,,,,,,,99,99.0,,,,2025-07-14T16:23:12.92+02:00,2013,2013-01-01T00:00:00+01:00,2013-12-31T00:00:00+01:00
9272489,WHS4_544,COUNTRY,UGA,AFR,YEAR,Africa,,,2018,,,,,,,88,88.0,,,,2025-07-14T16:23:12.92+02:00,2018,2018-01-01T00:00:00+01:00,2018-12-31T00:00:00+01:00
9283622,WHS4_544,COUNTRY,CHN,WPR,YEAR,Western Pacific,,,2014,,,,,,,99,99.0,,,,2025-07-14T16:23:12.92+02:00,2014,2014-01-01T00:00:00+01:00,2014-12-31T00:00:00+01:00
9300962,WHS4_544,COUNTRY,ZAF,AFR,YEAR,Africa,,,2013,,,,,,,79,79.0,,,,2025-07-14T16:23:12.92+02:00,2013,2013-01-01T00:00:00+01:00,2013-12-31T00:00:00+01:00
9307604,WHS4_544,COUNTRY,MDG,AFR,YEAR,Africa,,,2013,,,,,,,72,72.0,,,,2025-07-14T16:23:12.92+02:00,2013,2013-01-01T00:00:00+01:00,2013-12-31T00:00:00+01:00
9333432,WHS4_544,COUNTRY,THA,SEAR,YEAR,South-East Asia,,,2018,,,,,,,97,97.0,,,,2025-07-14T16:23:12.92+02:00,2018,2018-01-01T00:00:00+01:00,2018-12-31T00:00:00+01:00
9350778,WHS4_544,COUNTRY,MDG,AFR,YEAR,Africa,,,2011,,,,,,,73,73.0,,,,2025-07-14T16:23:12.92+02:00,2011,2011-01-01T00:00:00+01:00,2011-12-31T00:00:00+01:00
9353770,WHS4_544,COUNTRY,COL,AMR,YEAR,Americas,,,2022,,,,,,,86,86.0,,,,2025-07-14T16:23:12.92+02:00,2022,2022-01-01T00:00:00+01:00,2022-12-31T00:00:00+01:00
9378825,WHS4_544,COUNTRY,UGA,AFR,YEAR,Africa,,,2023,,,,,,,89,89.0,,,,2025-07-14T16:23:12.92+02:00,2023,2023-01-01T00:00:00+01:00,2023-12-31T00:00:00+01:00
9464645,WHS4_544,COUNTRY,MDG,AFR,YEAR,Africa,,,2010,,,,,,,70,70.0,,,,2025-07-14T16:23:12.92+02:00,2010,2010-01-01T00:00:00+01:00,2010-12-31T00:00:00+01:00
9484301,WHS4_544,COUNTRY,BGD,SEAR,YEAR,South-East Asia,,,2012,,,,,,,94,94.0,,,,2025-07-14T16:23:12.92+02:00,2012,2012-01-01T00:00:00+01:00,2012-12-31T00:00:00+01:00
9487584,WHS4_544,COUNTRY,MEX,AMR,YEAR,Americas,,,2013,,,,,,,83,83.0,,,,2025-07-14T16:23:12.92+02:00,2013,2013-01-01T00:00:00+01:00,2013-12-31T00:00:00+01:00
9573106,WHS4_544,COUNTRY,MDG,AFR,YEAR,Africa,,,2015,,,,,,,68,68.0,,,,2025-07-14T16:23:12.92+02:00,2015,2015-01-01T00:00:00+01:00,2015-12-31T00:00:00+01:00
9617577,WHS4_544,COUNTRY,KOR,WPR,YEAR,Western Pacific,,,2017,,,,,,,97,97.0,,,,2025-07-14T16:23:12.92+02:00,2017,2017-01-01T00:00:00+01:00,2017-12-31T00:00:00+01:00
9658109,WHS4_544,COUNTRY,COL,AMR,YEAR,Americas,,,2011,,,,,,,85,85.0,,,,2025-07-14T16:23:12.92+02:00,2011,2011-01-01T00:00:00+01:00,2011-12-31T00:00:00+01:00
9681743,WHS4_544,COUNTRY,TUR,EUR,YEAR,Europe,,,2018,,,,,,,98,98.0,,,,2025-07-14T16:23:12.92+02:00,2018,2018-01-01T00:00:00+01:00,2018-12-31T00:00:00+01:00
9695943,WHS4_544,COUNTRY,KEN,AFR,YEAR,Africa,,,2012,,,,,,,93,93.0,,,,2025-07-14T16:23:12.92+02:00,2012,2012-01-01T00:00:00+01:00,2012-12-31T00:00:00+01:00
9716305,WHS4_544,COUNTRY,KEN,AFR,YEAR,Africa,,,2017,,,,,,,75,75.0,,,,2025-07-14T16:23:12.92+02:00,2017,2017-01-01T00:00:00+01:00,2017-12-31T00:00:00+01:00
9716844,WHS4_544,COUNTRY,SGP,WPR,YEAR,Western Pacific,,,2013,,,,,,,97,97.0,,,,2025-07-14T16:23:12.92+02:00,2013,2013-01-01T00:00:00+01:00,2013-12-31T00:00:00+01:00
9725848,WHS4_544,COUNTRY,NGA,AFR,YEAR,Africa,,,2016,,,,,,,53,53.0,,,,2025-07-14T16:23:12.92+02:00,2016,2016-01-01T00:00:00+01:00,2016-12-31T00:00:00+01:00
9730903,WHS4_544,COUNTRY,POL,EUR,YEAR,Europe,,,2012,,,,,,,95,95.0,,,,2025-07-14T16:23:12.92+02:00,2012,2012-01-01T00:00:00+01:00,2012-12-31T00:00:00+01:00
9732469,WHS4_544,COUNTRY,RWA,AFR,YEAR,Africa,,,2020,,,,,,,91,91.0,,,,2025-07-14T16:23:12.92+02:00,2020,2020-01-01T00:00:00+01:00,2020-12-31T00:00:00+01:00
9737501,WHS4_544,COUNTRY,BRA,AMR,YEAR,Americas,,,2020,,,,,,,74,74.0,,,,2025-07-14T16:23:12.92+02:00,2020,2020-01-01T00:00:00+01:00,2020-12-31T00:00:00+01:00
9784824,WHS4_544,COUNTRY,GHA,AFR,YEAR,Africa,,,2018,,,,,,,98,98.0,,,,2025-07-14T16:23:12.92+02:00,2018,2018-01-01T00:00:00+01:00,2018-12-31T00:00:00+01:00
9801945,WHS4_544,COUNTRY,POL,EUR,YEAR,Europe,,,2013,,,,,,,95,95.0,,,,2025-07-14T16:23:12.92+02:00,2013,2013-01-01T00:00:00+01:00,2013-12-31T00:00:00+01:00
9811270,WHS4_544,COUNTRY,KOR,WPR,YEAR,Western Pacific,,,2019,,,,,,,98,98.0,,,,2025-07-14T16:23:12.92+02:00,2019,2019-01-01T00:00:00+01:00,2019-12-31T00:00:00+01:00
9811521,WHS4_544,COUNTRY,IND,SEAR,YEAR,South-East Asia,,,2014,,,,,,,84,84.0,,,,2025-07-14T16:23:12.92+02:00,2014,2014-01-01T00:00:00+01:00,2014-12-31T00:00:00+01:00
9812406,WHS4_544,COUNTRY,CHN,WPR,YEAR,Western Pacific,,,2019,,,,,,,99,99.0,,,,2025-07-14T16:23:12.92+02:00,2019,2019-01-01T00:00:00+01:00,2019-12-31T00:00:00+01:00
9816468,WHS4_544,COUNTRY,MEX,AMR,YEAR,Americas,,,2011,,,,,,,97,97.0,,,,2025-07-14T16:23:12.92+02:00,2011,2011-01-01T00:00:00+01:00,2011-12-31T00:00:00+01:00
9816519,WHS4_544,COUNTRY,JPN,WPR,YEAR,Western Pacific,,,2019,,,,,,,98,98.0,,,,2025-07-14T16:23:12.92+02:00,2019,2019-01-01T00:00:00+01:00,2019-12-31T00:00:00+01:00
9828246,WHS4_544,COUNTRY,PAK,EMR,YEAR,Eastern Mediterranean,,,2021,,,,,,,83,83.0,,,,2025-07-14T16:23:12.92+02:00,2021,2021-01-01T00:00:00+01:00,2021-12-31T00:00:00+01:00
9888328,WHS4_544,COUNTRY,ZAF,AFR,YEAR,Africa,,,2024,,,,,,,74,74.0,,,,2025-07-14T16:23:12.92+02:00,2024,2024-01-01T00:00:00+01:00,2024-12-31T00:00:00+01:00
9903564,WHS4_544,COUNTRY,CHN,WPR,YEAR,Western Pacific,,,2022,,,,,,,99,99.0,,,,2025-07-14T16:23:12.92+02:00,2022,2022-01-01T00:00:00+01:00,2022-12-31T00:00:00+01:00
9908414,WHS4_544,COUNTRY,BRA,AMR,YEAR,Americas,,,2014,,,,,,,96,96.0,,,,2025-07-14T16:23:12.92+02:00,2014,2014-01-01T00:00:00+01:00,2014-12-31T00:00:00+01:00
9917294,WHS4_544,COUNTRY,CHN,WPR,YEAR,Western Pacific,,,2017,,,,,,,99,99.0,,,,2025-07-14T16:23:12.92+02:00,2017,2017-01-01T00:00:00+01:00,2017-12-31T00:00:00+01:00
9992498,WHS4_544,COUNTRY,KEN,AFR,YEAR,Africa,,,2015,,,,,,,79,79.0,,,,2025-07-14T16:23:12.92+02:00,2015,2015-01-01T00:00:00+01:00,2015-12-31T00:00:00+01:00
10007078,WHS4_544,COUNTRY,IND,SEAR,YEAR,South-East Asia,,,2012,,,,,,,79,79.0,,,,2025-07-14T16:23:12.92+02:00,2012,2012-01-01T00:00:00+01:00,2012-12-31T00:00:00+01:00
10011598,WHS4_544,COUNTRY,AFG,EMR,YEAR,Eastern Mediterranean,,,2020,,,,,,,61,61.0,,,,2025-07-14T16:23:12.92+02:00,2020,2020-01-01T00:00:00+01:00,2020-12-31T00:00:00+01:00
10017172,WHS4_544,COUNTRY,POL,EUR,YEAR,Europe,,,2020,,,,,,,85,85.0,,,,2025-07-14T16:23:12.92+02:00,2020,2020-01-01T00:00:00+01:00,2020-12-31T00:00:00+01:00
10047186,WHS4_544,COUNTRY,KOR,WPR,YEAR,Western Pacific,,,2016,,,,,,,98,98.0,,,,2025-07-14T16:23:12.92+02:00,2016,2016-01-01T00:00:00+01:00,2016-12-31T00:00:00+01:00
10070557,WHS4_544,COUNTRY,SGP,WPR,YEAR,Western Pacific,,,2021,,,,,,,98,98.0,,,,2025-07-14T16:23:12.92+02:00,2021,2021-01-01T00:00:00+01:00,2021-12-31T00:00:00+01:00
10076054,WHS4_544,COUNTRY,IND,SEAR,YEAR,South-East Asia,,,2020,,,,,,,85,85.0,,,,2025-07-14T16:23:12.92+02:00,2020,2020-01-01T00:00:00+01:00,2020-12-31T00:00:00+01:00
10097328,WHS4_544,COUNTRY,KOR,WPR,YEAR,Western Pacific,,,2015,,,,,,,98,98.0,,,,2025-07-14T16:23:12.92+02:00,2015,2015-01-01T00:00:00+01:00,2015-12-31T00:00:00+01:00
10123033,WHS4_544,COUNTRY,JPN,WPR,YEAR,Western Pacific,,,2024,,,,,,,98,98.0,,,,2025-07-14T16:23:12.92+02:00,2024,2024-01-01T00:00:00+01:00,2024-12-31T00:00:00+01:00
10146507,WHS4_544,COUNTRY,KOR,WPR,YEAR,Western Pacific,,,2012,,,,,,,99,99.0,,,,2025-07-14T16:23:12.92+02:00,2012,2012-01-01T00:00:00+01:00,2012-12-31T00:00:00+01:00
7875646,WHS4_544,COUNTRY,POL,EUR,YEAR,Europe,,,2011,,,,,,,96,96.0,,,,2025-07-14T16:23:12.92+02:00,2011,2011-01-01T00:00:00+01:00,2011-12-31T00:00:00+01:00
7898976,WHS4_544,COUNTRY,BRA,AMR,YEAR,Americas,,,2012,,,,,,,96,96.0,,,,2025-07-14T16:23:12.92+02:00,2012,2012-01-01T00:00:00+01:00,2012-12-31T00:00:00+01:00
7899681,WHS4_544,COUNTRY,PHL,WPR,YEAR,Western Pacific,,,2016,,,,,,,81,81.0,,,,2025-07-14T16:23:12.92+02:00,2016,2016-01-01T00:00:00+01:00,2016-12-31T00:00:00+01:00
7931450,WHS4_544,COUNTRY,MEX,AMR,YEAR,Americas,,,2021,,,,,,,78,78.0,,,,2025-07-14T16:23:12.92+02:00,2021,2021-01-01T00:00:00+01:00,2021-12-31T00:00:00+01:00
7933644,WHS4_544,COUNTRY,AFG,EMR,YEAR,Eastern Mediterranean,,,2019,,,,,,,63,63.0,,,,2025-07-14T16:23:12.92+02:00,2019,2019-01-01T00:00:00+01:00,2019-12-31T00:00:00+01:00
7948139,WHS4_544,COUNTRY,NGA,AFR,YEAR,Africa,,,2018,,,,,,,61,61.0,,,,2025-07-14T16:23:12.92+02:00,2018,2018-01-01T00:00:00+01:00,2018-12-31T00:00:00+01:00
7948939,WHS4_544,COUNTRY,MDG,AFR,YEAR,Africa,,,2017,,,,,,,69,69.0,,,,2025-07-14T16:23:12.92+02:00,2017,2017-01-01T00:00:00+01:00,2017-12-31T00:00:00+01:00
7996757,WHS4_544,COUNTRY,PHL,WPR,YEAR,Western Pacific,,,2014,,,,,,,82,82.0,,,,2025-07-14T16:23:12.92+02:00,2014,2014-01-01T00:00:00+01:00,2014-12-31T00:00:00+01:00
8013794,WHS4_544,COUNTRY,MDG,AFR,YEAR,Africa,,,2014,,,,,,,71,71.0,,,,2025-07-14T16:23:12.92+02:00,2014,2014-01-01T00:00:00+01:00,2014-12-31T00:00:00+01:00
8014195,WHS4_544,COUNTRY,IDN,WPR,YEAR,Western Pacific,,,2021,,,,,,,68,68.0,,,,2025-07-14T16:23:12.92+02:00,2021,2021-01-01T00:00:00+01:00,2021-12-31T00:00:00+01:00
8054668,WHS4_544,COUNTRY,EGY,EMR,YEAR,Eastern Mediterranean,,,2018,,,,,,,95,95.0,,,,2025-07-14T16:23:12.92+02:00,2018,2018-01-01T00:00:00+01:00,2018-12-31T00:00:00+01:00
8072455,WHS4_544,COUNTRY,ZAF,AFR,YEAR,Africa,,,2010,,,,,,,72,72.0,,,,2025-07-14T16:23:12.92+02:00,2010,2010-01-01T00:00:00+01:00,2010-12-31T00:00:00+01:00
8077925,WHS4_544,COUNTRY,PAK,EMR,YEAR,Eastern Mediterranean,,,2013,,,,,,,65,65.0,,,,2025-07-14T16:23:12.92+02:00,2013,2013-01-01T00:00:00+01:00,2013-12-31T00:00:00+01:00
8084896,WHS4_544,COUNTRY,PHL,WPR,YEAR,Western Pacific,,,2021,,,,,,,66,66.0,,,,2025-07-14T16:23:12.92+02:00,2021,2021-01-01T00:00:00+01:00,2021-12-31T00:00:00+01:00
8100698,WHS4_544,COUNTRY,IDN,WPR,YEAR,Western Pacific,,,2018,,,,,,,87,87.0,,,,2025-07-14T16:23:12.92+02:00,2018,2018-01-01T00:00:00+01:00,2018-12-31T00:00:00+01:00
8125222,WHS4_544,COUNTRY,IDN,WPR,YEAR,Western Pacific,,,2016,,,,,,,85,85.0,,,,2025-07-14T16:23:12.92+02:00,2016,2016-01-01T00:00:00+01:00,2016-12-31T00:00:00+01:00
8136055,WHS4_544,COUNTRY,COL,AMR,YEAR,Americas,,,2017,,,,,,,92,92.0,,,,2025-07-14T16:23:12.92+02:00,2017,2017-01-01T00:00:00+01:00,2017-12-31T00:00:00+01:00
8139335,WHS4_544,COUNTRY,RWA,AFR,YEAR,Africa,,,2017,,,,,,,98,98.0,,,,2025-07-14T16:23:12.92+02:00,2017,2017-01-01T00:00:00+01:00,2017-12-31T00:00:00+01:00
8155831,WHS4_544,COUNTRY,MEX,AMR,YEAR,Americas,,,2020,,,,,,,72,72.0,,,,2025-07-14T16:23:12.92+02:00,2020,2020-01-01T00:00:00+01:00,2020-12-31T00:00:00+01:00
8236134,WHS4_544,COUNTRY,PHL,WPR,YEAR,Western Pacific,,,2012,,,,,,,88,88.0,,,,2025-07-14T16:23:12.92+02:00,2012,2012-01-01T00:00:00+01:00,2012-12-31T00:00:00+01:00
8243576,WHS4_544,COUNTRY,BRA,AMR,YEAR,Americas,,,2023,,,,,,,85,85.0,,,,2025-07-14T16:23:12.92+02:00,2023,2023-01-01T00:00:00+01:00,2023-12-31T00:00:00+01:00
8254310,WHS4_544,COUNTRY,COL,AMR,YEAR,Americas,,,2010,,,,,,,88,88.0,,,,2025-07-14T16:23:12.92+02:00,2010,2010-01-01T00:00:00+01:00,2010-12-31T00:00:00+01:00
8334851,WHS4_544,COUNTRY,PHL,WPR,YEAR,Western Pacific,,,2019,,,,,,,85,85.0,,,,2025-07-14T16:23:12.92+02:00,2019,2019-01-01T00:00:00+01:00,2019-12-31T00:00:00+01:00
8349682,WHS4_544,COUNTRY,MEX,AMR,YEAR,Americas,,,2022,,,,,,,83,83.0,,,,2025-07-14T16:23:12.92+02:00,2022,2022-01-01T00:00:00+01:00,2022-12-31T00:00:00+01:00
8351525,WHS4_544,COUNTRY,RWA,AFR,YEAR,Africa,,,2018,,,,,,,97,97.0,,,,2025-07-14T16:23:12.92+02:00,2018,2018-01-01T00:00:00+01:00,2018-12-31T00:00:00+01:00
8393565,WHS4_544,COUNTRY,ZAF,AFR,YEAR,Africa,,,2017,,,,,,,84,84.0,,,,2025-07-14T16:23:12.92+02:00,2017,2017-01-01T00:00:00+01:00,2017-12-31T00:00:00+01:00
8482635,WHS4_544,COUNTRY,IND,SEAR,YEAR,South-East Asia,,,2023,,,,,,,91,91.0,,,,2025-07-14T16:23:12.92+02:00,2023,2023-01-01T00:00:00+01:00,2023-12-31T00:00:00+01:00
8493216,WHS4_544,COUNTRY,SGP,WPR,YEAR,Western Pacific,,,2012,,,,,,,97,97.0,,,,2025-07-14T16:23:12.92+02:00,2012,2012-01-01T00:00:00+01:00,2012-12-31T00:00:00+01:00
8495654,WHS4_544,COUNTRY,PAK,EMR,YEAR,Eastern Mediterranean,,,2010,,,,,,,52,52.0,,,,2025-07-14T16:23:12.92+02:00,2010,2010-01-01T00:00:00+01:00,2010-12-31T00:00:00+01:00
8550246,WHS4_544,COUNTRY,MDG,AFR,YEAR,Africa,,,2018,,,,,,,71,71.0,,,,2025-07-14T16:23:12.92+02:00,2018,2018-01-01T00:00:00+01:00,2018-12-31T00:00:00+01:00
8577871,WHS4_544,COUNTRY,AFG,EMR,YEAR,Eastern Mediterranean,,,2015,,,,,,,65,65.0,,,,2025-07-14T16:23:12.92+02:00,2015,2015-01-01T00:00:00+01:00,2015-12-31T00:00:00+01:00
8584907,WHS4_544,COUNTRY,TUR,EUR,YEAR,Europe,,,2019,,,,,,,99,99.0,,,,2025-07-14T16:23:12.92+02:00,2019,2019-01-01T00:00:00+01:00,2019-12-31T00:00:00+01:00
8634872,WHS4_544,COUNTRY,NGA,AFR,YEAR,Africa,,,2022,,,,,,,55,55.0,,,,2025-07-14T16:23:12.92+02:00,2022,2022-01-01T00:00:00+01:00,2022-12-31T00:00:00+01:00
4188,WHS4_544,COUNTRY,PAK,EMR,YEAR,Eastern Mediterranean,,,2023,,,,,,,86,86.0,,,,2025-07-14T16:23:12.92+02:00,2023,2023-01-01T00:00:00+01:00,2023-12-31T00:00:00+01:00
13587,WHS4_544,COUNTRY,GHA,AFR,YEAR,Africa,,,2013,,,,,,,91,91.0,,,,2025-07-14T16:23:12.92+02:00,2013,2013-01-01T00:00:00+01:00,2013-12-31T00:00:00+01:00
78234,WHS4_544,COUNTRY,KOR,WPR,YEAR,Western Pacific,,,2024,,,,,,,97,97.0,,,,2025-07-14T16:23:12.92+02:00,2024,2024-01-01T00:00:00+01:00,2024-12-31T00:00:00+01:00
80644,WHS4_544,COUNTRY,AFG,EMR,YEAR,Eastern Mediterranean,,,2022,,,,,,,60,60.0,,,,2025-07-14T16:23:12.92+02:00,2022,2022-01-01T00:00:00+01:00,2022-12-31T00:00:00+01:00
176510,WHS4_544,COUNTRY,IND,SEAR,YEAR,South-East Asia,,,2018,,,,,,,90,90.0,,,,2025-07-14T16:23:12.92+02:00,2018,2018-01-01T00:00:00+01:00,2018-12-31T00:00:00+01:00
193983,WHS4_544,COUNTRY,POL,EUR,YEAR,Europe,,,2015,,,,,,,93,93.0,,,,2025-07-14T16:23:12.92+02:00,2015,2015-01-01T00:00:00+01:00,2015-12-31T00:00:00+01:00
194031,WHS4_544,COUNTRY,RWA,AFR,YEAR,Africa,,,2013,,,,,,,98,98.0,,,,2025-07-14T16:23:12.92+02:00,2013,2013-01-01T00:00:00+01:00,2013-12-31T00:00:00+01:00
202136,WHS4_544,COUNTRY,EGY,EMR,YEAR,Eastern Mediterranean,,,2016,,,,,,,95,95.0,,,,2025-07-14T16:23:12.92+02:00,2016,2016-01-01T00:00:00+01:00,2016-12-31T00:00:00+01:00
287523,WHS4_544,COUNTRY,CHN,WPR,YEAR,Western Pacific,,,2010,,,,,,,99,99.0,,,,2025-07-14T16:23:12.92+02:00,2010,2010-01-01T00:00:00+01:00,2010-12-31T00:00:00+01:00
376502,WHS4_544,COUNTRY,TUR,EUR,YEAR,Europe,,,2013,,,,,,,98,98.0,,,,2025-07-14T16:23:12.92+02:00,2013,2013-01-01T00:00:00+01:00,2013-12-31T00:00:00+01:00
416811,WHS4_544,COUNTRY,UGA,AFR,YEAR,Africa,,,2020,,,,,,,88,88.0,,,,2025-07-14T16:23:12.92+02:00,2020,2020-01-01T00:00:00+01:00,2020-12-31T00:00:00+01:00
425373,WHS4_544,COUNTRY,BRA,AMR,YEAR,Americas,,,2024,,,,,,,82,82.0,,,,2025-07-14T16:23:12.92+02:00,2024,2024-01-01T00:00:00+01:00,2024-12-31T00:00:00+01:00
429104,WHS4_544,COUNTRY,COL,AMR,YEAR,Americas,,,2012,,,,,,,91,91.0,,,,2025-07-14T16:23:12.92+02:00,2012,2012-01-01T00:00:00+01:00,2012-12-31T00:00:00+01:00
435227,WHS4_544,COUNTRY,SGP,WPR,YEAR,Western Pacific,,,2024,,,,,,,97,97.0,,,,2025-07-14T16:23:12.92+02:00,2024,2024-01-01T00:00:00+01:00,2024-12-31T00:00:00+01:00
446113,WHS4_544,COUNTRY,EGY,EMR,YEAR,Eastern Mediterranean,,,2022,,,,,,,97,97.0,,,,2025-07-14T16:23:12.92+02:00,2022,2022-01-01T00:00:00+01:00,2022-12-31T00:00:00+01:00
469031,WHS4_544,COUNTRY,MDG,AFR,YEAR,Africa,,,2021,,,,,,,55,55.0,,,,2025-07-14T16:23:12.92+02:00,2021,2021-01-01T00:00:00+01:00,2021-12-31T00:00:00+01:00
481357,WHS4_544,COUNTRY,BRA,AMR,YEAR,Americas,,,2016,,,,,,,72,72.0,,,,2025-07-14T16:23:12.92+02:00,2016,2016-01-01T00:00:00+01:00,2016-12-31T00:00:00+01:00
487592,WHS4_544,COUNTRY,UGA,AFR,YEAR,Africa,,,2014,,,,,,,78,78.0,,,,2025-07-14T16:23:12.92+02:00,2014,2014-01-01T00:00:00+01:00,2014-12-31T00:00:00+01:00
505032,WHS4_544,COUNTRY,MDG,AFR,YEAR,Africa,,,2016,,,,,,,72,72.0,,,,2025-07-14T16:23:12.92+02:00,2016,2016-01-01T00:00:00+01:00,2016-12-31T00:00:00+01:00
550889,WHS4_544,COUNTRY,TUR,EUR,YEAR,Europe,,,2024,,,,,,,99,99.0,,,,2025-07-14T16:23:12.92+02:00,2024,2024-01-01T00:00:00+01:00,2024-12-31T00:00:00+01:00
584350,WHS4_544,COUNTRY,CHL,AMR,YEAR,Americas,,,2011,,,,,,,93,93.0,,,,2025-07-14T16:23:12.92+02:00,2011,2011-01-01T00:00:00+01:00,2011-12-31T00:00:00+01:00
607046,WHS4_544,COUNTRY,KEN,AFR,YEAR,Africa,,,2019,,,,,,,88,88.0,,,,2025-07-14T16:23:12.92+02:00,2019,2019-01-01T00:00:00+01:00,2019-12-31T00:00:00+01:00
632018,WHS4_544,COUNTRY,IND,SEAR,YEAR,South-East Asia,,,2011,,,,,,,79,79.0,,,,2025-07-14T16:23:12.92+02:00,2011,2011-01-01T00:00:00+01:00,2011-12-31T00:00:00+01:00
633725,WHS4_544,COUNTRY,BGD,SEAR,YEAR,South-East Asia,,,2018,,,,,,,98,98.0,,,,2025-07-14T16:23:12.92+02:00,2018,2018-01-01T00:00:00+01:00,2018-12-31T00:00:00+01:00
634791,WHS4_544,COUNTRY,ZAF,AFR,YEAR,Africa,,,2015,,,,,,,85,85.0,,,,2025-07-14T16:23:12.92+02:00,2015,2015-01-01T00:00:00+01:00,2015-12-31T00:00:00+01:00
638647,WHS4_544,COUNTRY,COL,AMR,YEAR,Americas,,,2016,,,,,,,91,91.0,,,,2025-07-14T16:23:12.92+02:00,2016,2016-01-01T00:00:00+01:00,2016-12-31T00:00:00+01:00
676556,WHS4_544,COUNTRY,RWA,AFR,YEAR,Africa,,,2019,,,,,,,98,98.0,,,,2025-07-14T16:23:12.92+02:00,2019,2019-01-01T00:00:00+01:00,2019-12-31T00:00:00+01:00
678701,WHS4_544,COUNTRY,COL,AMR,YEAR,Americas,,,2013,,,,,,,91,91.0,,,,2025-07-14T16:23:12.92+02:00,2013,2013-01-01T00:00:00+01:00,2013-12-31T00:00:00+01:00
684708,WHS4_544,COUNTRY,IDN,WPR,YEAR,Western Pacific,,,2010,,,,,,,82,82.0,,,,2025-07-14T16:23:12.92+02:00,2010,2010-01-01T00:00:00+01:00,2010-12-31T00:00:00+01:00
690722,WHS4_544,COUNTRY,MEX,AMR,YEAR,Americas,,,2010,,,,,,,95,95.0,,,,2025-07-14T16:23:12.92+02:00,2010,2010-01-01T00:00:00+01:00,2010-12-31T00:00:00+01:00
710528,WHS4_544,COUNTRY,POL,EUR,YEAR,Europe,,,2024,,,,,,,86,86.0,,,,2025-07-14T16:23:12.92+02:00,2024,2024-01-01T00:00:00+01:00,2024-12-31T00:00:00+01:00
713381,WHS4_544,COUNTRY,SGP,WPR,YEAR,Western Pacific,,,2019,,,,,,,97,97.0,,,,2025-07-14T16:23:12.92+02:00,2019,2019-01-01T00:00:00+01:00,2019-12-31T00:00:00+01:00
762613,WHS4_544,COUNTRY,IND,SEAR,YEAR,South-East Asia,,,2024,,,,,,,93,93.0,,,,2025-07-14T16:23:12.92+02:00,2024,2024-01-01T00:00:00+01:00,2024-12-31T00:00:00+01:00
780098,WHS4_544,COUNTRY,CHL,AMR,YEAR,Americas,,,2010,,,,,,,92,92.0,,,,2025-07-14T16:23:12.92+02:00,2010,2010-01-01T00:00:00+01:00,2010-12-31T00:00:00+01:00
791511,WHS4_544,COUNTRY,BRA,AMR,YEAR,Americas,,,2021,,,,,,,68,68.0,,,,2025-07-14T16:23:12.92+02:00,2021,2021-01-01T00:00:00+01:00,2021-12-31T00:00:00+01:00
792975,WHS4_544,COUNTRY,THA,SEAR,YEAR,South-East Asia,,,2013,,,,,,,99,99.0,,,,2025-07-14T16:23:12.92+02:00,2013,2013-01-01T00:00:00+01:00,2013-12-31T00:00:00+01:00
845009,WHS4_544,COUNTRY,EGY,EMR,YEAR,Eastern Mediterranean,,,2019,,,,,,,95,95.0,,,,2025-07-14T16:23:12.92+02:00,2019,2019-01-01T00:00:00+01:00,2019-12-31T00:00:00+01:00
853972,WHS4_544,COUNTRY,CHL,AMR,YEAR,Americas,,,2014,,,,,,,95,95.0,,,,2025-07-14T16:23:12.92+02:00,2014,2014-01-01T00:00:00+01:00,2014-12-31T00:00:00+01:00
886899,WHS4_544,COUNTRY,THA,SEAR,YEAR,South-East Asia,,,2022,,,,,,,93,93.0,,,,2025-07-14T16:23:12.92+02:00,2022,2022-01-01T00:00:00+01:00,2022-12-31T00:00:00+01:00
888369,WHS4_544,COUNTRY,BGD,SEAR,YEAR,South-East Asia,,,2010,,,,,,,94,94.0,,,,2025-07-14T16:23:12.92+02:00,2010,2010-01-01T00:00:00+01:00,2010-12-31T00:00:00+01:00
889525,WHS4_544,COUNTRY,PHL,WPR,YEAR,Western Pacific,,,2015,,,,,,,79,79.0,,,,2025-07-14T16:23:12.92+02:00,2015,2015-01-01T00:00:00+01:00,2015-12-31T00:00:00+01:00
908585,WHS4_544,COUNTRY,JPN,WPR,YEAR,Western Pacific,,,2016,,,,,,,99,99.0,,,,2025-07-14T16:23:12.92+02:00,2016,2016-01-01T00:00:00+01:00,2016-12-31T00:00:00+01:00
916251,WHS4_544,COUNTRY,TUR,EUR,YEAR,Europe,,,2015,,,,,,,97,97.0,,,,2025-07-14T16:23:12.92+02:00,2015,2015-01-01T00:00:00+01:00,2015-12-31T00:00:00+01:00
923602,WHS4_544,COUNTRY,GHA,AFR,YEAR,Africa,,,2011,,,,,,,91,91.0,,,,2025-07-14T16:23:12.92+02:00,2011,2011-01-01T00:00:00+01:00,2011-12-31T00:00:00+01:00
1015924,WHS4_544,COUNTRY,GHA,AFR,YEAR,Africa,,,2021,,,,,,,98,98.0,,,,2025-07-14T16:23:12.92+02:00,2021,2021-01-01T00:00:00+01:00,2021-12-31T00:00:00+01:00
1066717,WHS4_544,COUNTRY,THA,SEAR,YEAR,South-East Asia,,,2020,,,,,,,97,97.0,,,,2025-07-14T16:23:12.92+02:00,2020,2020-01-01T00:00:00+01:00,2020-12-31T00:00:00+01:00
1073785,WHS4_544,COUNTRY,EGY,EMR,YEAR,Eastern Mediterranean,,,2017,,,,,,,94,94.0,,,,2025-07-14T16:23:12.92+02:00,2017,2017-01-01T00:00:00+01:00,2017-12-31T00:00:00+01:00
1114195,WHS4_544,COUNTRY,IND,SEAR,YEAR,South-East Asia,,,2013,,,,,,,82,82.0,,,,2025-07-14T16:23:12.92+02:00,2013,2013-01-01T00:00:00+01:00,2013-12-31T00:00:00+01:00
1114520,WHS4_544,COUNTRY,TUR,EUR,YEAR,Europe,,,2011,,,,,,,97,97.0,,,,2025-07-14T16:23:12.92+02:00,2011,2011-01-01T00:00:00+01:00,2011-12-31T00:00:00+01:00
1216746,WHS4_544,COUNTRY,UGA,AFR,YEAR,Africa,,,2016,,,,,,,88,88.0,,,,2025-07-14T16:23:12.92+02:00,2016,2016-01-01T00:00:00+01:00,2016-12-31T00:00:00+01:00
1298286,WHS4_544,COUNTRY,NGA,AFR,YEAR,Africa,,,2010,,,,,,,54,54.0,,,,2025-07-14T16:23:12.92+02:00,2010,2010-01-01T00:00:00+01:00,2010-12-31T00:00:00+01:00
1308166,WHS4_544,COUNTRY,IDN,WPR,YEAR,Western Pacific,,,2013,,,,,,,92,92.0,,,,2025-07-14T16:23:12.92+02:00,2013,2013-01-01T00:00:00+01:00,2013-12-31T00:00:00+01:00
1315327,WHS4_544,COUNTRY,KOR,WPR,YEAR,Western Pacific,,,2011,,,,,,,98,98.0,,,,2025-07-14T16:23:12.92+02:00,2011,2011-01-01T00:00:00+01:00,2011-12-31T00:00:00+01:00
1325078,WHS4_544,COUNTRY,PAK,EMR,YEAR,Eastern Mediterranean,,,2017,,,,,,,75,75.0,,,,2025-07-14T16:23:12.92+02:00,2017,2017-01-01T00:00:00+01:00,2017-12-31T00:00:00+01:00
1351621,WHS4_544,COUNTRY,KEN,AFR,YEAR,Africa,,,2013,,,,,,,92,92.0,,,,2025-07-14T16:23:12.92+02:00,2013,2013-01-01T00:00:00+01:00,2013-12-31T00:00:00+01:00
1404923,WHS4_544,COUNTRY,CHL,AMR,YEAR,Americas,,,2017,,,,,,,93,93.0,,,,2025-07-14T16:23:12.92+02:00,2017,2017-01-01T00:00:00+01:00,2017-12-31T00:00:00+01:00
1507300,WHS4_544,COUNTRY,THA,SEAR,YEAR,South-East Asia,,,2017,,,,,,,99,99.0,,,,2025-07-14T16:23:12.92+02:00,2017,2017-01-01T00:00:00+01:00,2017-12-31T00:00:00+01:00
1519251,WHS4_544,COUNTRY,PAK,EMR,YEAR,Eastern Mediterranean,,,2016,,,,,,,75,75.0,,,,2025-07-14T16:23:12.92+02:00,2016,2016-01-01T00:00:00+01:00,2016-12-31T00:00:00+01:00
1524649,WHS4_544,COUNTRY,IDN,WPR,YEAR,Western Pacific,,,2011,,,,,,,81,81.0,,,,2025-07-14T16:23:12.92+02:00,2011,2011-01-01T00:00:00+01:00,2011-12-31T00:00:00+01:00
1528070,WHS4_544,COUNTRY,POL,EUR,YEAR,Europe,,,2022,,,,,,,85,85.0,,,,2025-07-14T16:23:12.92+02:00,2022,2022-01-01T00:00:00+01:00,2022-12-31T00:00:00+01:00
1553744,WHS4_544,COUNTRY,GHA,AFR,YEAR,Africa,,,2022,,,,,,,90,90.0,,,,2025-07-14T16:23:12.92+02:00,2022,2022-01-01T00:00:00+01:00,2022-12-31T00:00:00+01:00
1569974,WHS4_544,COUNTRY,PAK,EMR,YEAR,Eastern Mediterranean,,,2018,,,,,,,75,75.0,,,,2025-07-14T16:23:12.92+02:00,2018,2018-01-01T00:00:00+01:00,2018-12-31T00:00:00+01:00
1583605,WHS4_544,COUNTRY,MDG,AFR,YEAR,Africa,,,2019,,,,,,,69,69.0,,,,2025-07-14T16:23:12.92+02:00,2019,2019-01-01T00:00:00+01:00,2019-12-31T00:00:00+01:00
1611938,WHS4_544,COUNTRY,KEN,AFR,YEAR,Africa,,,2016,,,,,,,83,83.0,,,,2025-07-14T16:23:12.92+02:00,2016,2016-01-01T00:00:00+01:00,2016-12-31T00:00:00+01:00
1625681,WHS4_544,COUNTRY,TUR,EUR,YEAR,Europe,,,2012,,,,,,,97,97.0,,,,2025-07-14T16:23:12.92+02:00,2012,2012-01-01T00:00:00+01:00,2012-12-31T00:00:00+01:00
1649294,WHS4_544,COUNTRY,BRA,AMR,YEAR,Americas,,,2019,,,,,,,85,85.0,,,,2025-07-14T16:23:12.92+02:00,2019,2019-01-01T00:00:00+01:00,2019-12-31T00:00:00+01:00
1653047,WHS4_544,COUNTRY,CHN,WPR,YEAR,Western Pacific,,,2012,,,,,,,99,99.0,,,,2025-07-14T16:23:12.92+02:00,2012,2012-01-01T00:00:00+01:00,2012-12-31T00:00:00+01:00
1713551,WHS4_544,COUNTRY,CHL,AMR,YEAR,Americas,,,2012,,,,,,,90,90.0,,,,2025-07-14T16:23:12.92+02:00,2012,2012-01-01T00:00:00+01:00,2012-12-31T00:00:00+01:00
1717086,WHS4_544,COUNTRY,IND,SEAR,YEAR,South-East Asia,,,2016,,,,,,,86,86.0,,,,2025-07-14T16:23:12.92+02:00,2016,2016-01-01T00:00:00+01:00,2016-12-31T00:00:00+01:00
1767376,WHS4_544,COUNTRY,ZAF,AFR,YEAR,Africa,,,2016,,,,,,,85,85.0,,,,2025-07-14T16:23:12.92+02:00,2016,2016-01-01T00:00:00+01:00,2016-12-31T00:00:00+01:00
1776070,WHS4_544,COUNTRY,IDN,WPR,YEAR,Western Pacific,,,2020,,,,,,,76,76.0,,,,2025-07-14T16:23:12.92+02:00,2020,2020-01-01T00:00:00+01:00,2020-12-31T00:00:00+01:00
1779386,WHS4_544,COUNTRY,UGA,AFR,YEAR,Africa,,,2024,,,,,,,89,89.0,,,,2025-07-14T16:23:12.92+02:00,2024,2024-01-01T00:00:00+01:00,2024-12-31T00:00:00+01:00
1787867,WHS4_544,COUNTRY,MDG,AFR,YEAR,Africa,,,2022,,,,,,,55,55.0,,,,2025-07-14T16:23:12.92+02:00,2022,2022-01-01T00:00:00+01:00,2022-12-31T00:00:00+01:00
1868287,WHS4_544,COUNTRY,NGA,AFR,YEAR,Africa,,,2014,,,,,,,42,42.0,,,,2025-07-14T16:23:12.92+02:00,2014,2014-01-01T00:00:00+01:00,2014-12-31T00:00:00+01:00
1885075,WHS4_544,COUNTRY,EGY,EMR,YEAR,Eastern Mediterranean,,,2020,,,,,,,95,95.0,,,,2025-07-14T16:23:12.92+02:00,2020,2020-01-01T00:00:00+01:00,2020-12-31T00:00:00+01:00
1936567,WHS4_544,COUNTRY,ZAF,AFR,YEAR,Africa,,,2012,,,,,,,69,69.0,,,,2025-07-14T16:23:12.92+02:00,2012,2012-01-01T00:00:00+01:00,2012-12-31T00:00:00+01:00
1941043,WHS4_544,COUNTRY,NGA,AFR,YEAR,Africa,,,2019,,,,,,,66,66.0,,,,2025-07-14T16:23:12.92+02:00,2019,2019-01-01T00:00:00+01:00,2019-12-31T00:00:00+01:00
1982090,WHS4_544,COUNTRY,MEX,AMR,YEAR,Americas,,,2014,,,,,,,87,87.0,,,,2025-07-14T16:23:12.92+02:00,2014,2014-01-01T00:00:00+01:00,2014-12-31T00:00:00+01:00
1989170,WHS4_544,COUNTRY,IDN,WPR,YEAR,Western Pacific,,,2014,,,,,,,90,90.0,,,,2025-07-14T16:23:12.92+02:00,2014,2014-01-01T00:00:00+01:00,2014-12-31T00:00:00+01:00
2057723,WHS4_544,COUNTRY,PAK,EMR,YEAR,Eastern Mediterranean,,,2019,,,,,,,84,84.0,,,,2025-07-14T16:23:12.92+02:00,2019,2019-01-01T00:00:00+01:00,2019-12-31T00:00:00+01:00
2096736,WHS4_544,COUNTRY,CHL,AMR,YEAR,Americas,,,2015,,,,,,,96,96.0,,,,2025-07-14T16:23:12.92+02:00,2015,2015-01-01T00:00:00+01:00,2015-12-31T00:00:00+01:00
2159875,WHS4_544,COUNTRY,THA,SEAR,YEAR,South-East Asia,,,2024,,,,,,,93,93.0,,,,2025-07-14T16:23:12.92+02:00,2024,2024-01-01T00:00:00+01:00,2024-12-31T00:00:00+01:00
2207501,WHS4_544,COUNTRY,PHL,WPR,YEAR,Western Pacific,,,2017,,,,,,,82,82.0,,,,2025-07-14T16:23:12.92+02:00,2017,2017-01-01T00:00:00+01:00,2017-12-31T00:00:00+01:00
2248528,WHS4_544,COUNTRY,COL,AMR,YEAR,Americas,,,2023,,,,,,,90,90.0,,,,2025-07-14T16:23:12.92+02:00,2023,2023-01-01T00:00:00+01:00,2023-12-31T00:00:00+01:00
2277919,WHS4_544,COUNTRY,AFG,EMR,YEAR,Eastern Mediterranean,,,2011,,,,,,,68,68.0,,,,2025-07-14T16:23:12.92+02:00,2011,2011-01-01T00:00:00+01:00,2011-12-31T00:00:00+01:00
2278170,WHS4_544,COUNTRY,PAK,EMR,YEAR,Eastern Mediterranean,,,2015,,,,,,,72,72.0,,,,2025-07-14T16:23:12.92+02:00,2015,2015-01-01T00:00:00+01:00,2015-12-31T00:00:00+01:00
2300313,WHS4_544,COUNTRY,EGY,EMR,YEAR,Eastern Mediterranean,,,2023,,,,,,,96,96.0,,,,2025-07-14T16:23:12.92+02:00,2023,2023-01-01T00:00:00+01:00,2023-12-31T00:00:00+01:00
2330481,WHS4_544,COUNTRY,UGA,AFR,YEAR,Africa,,,2017,,,,,,,90,90.0,,,,2025-07-14T16:23:12.92+02:00,2017,2017-01-01T00:00:00+01:00,2017-12-31T00:00:00+01:00
2368869,WHS4_544,COUNTRY,JPN,WPR,YEAR,Western Pacific,,,2017,,,,,,,97,97.0,,,,2025-07-14T16:23:12.92+02:00,2017,2017-01-01T00:00:00+01:00,2017-12-31T00:00:00+01:00
2386300,WHS4_544,COUNTRY,KOR,WPR,YEAR,Western Pacific,,,2022,,,,,,,97,97.0,,,,2025-07-14T16:23:12.92+02:00,2022,2022-01-01T00:00:00+01:00,2022-12-31T00:00:00+01:00
2387984,WHS4_544,COUNTRY,AFG,EMR,YEAR,Eastern Mediterranean,,,2014,,,,,,,63,63.0,,,,2025-07-14T16:23:12.92+02:00,2014,2014-01-01T00:00:00+01:00,2014-12-31T00:00:00+01:00
2396089,WHS4_544,COUNTRY,CHN,WPR,YEAR,Western Pacific,,,2015,,,,,,,99,99.0,,,,2025-07-14T16:23:12.92+02:00,2015,2015-01-01T00:00:00+01:00,2015-12-31T00:00:00+01:00
2401064,WHS4_544,COUNTRY,CHN,WPR,YEAR,Western Pacific,,,2018,,,,,,,99,99.0,,,,2025-07-14T16:23:12.92+02:00,2018,2018-01-01T00:00:00+01:00,2018-12-31T00:00:00+01:00
2439052,WHS4_544,COUNTRY,BGD,SEAR,YEAR,South-East Asia,,,2021,,,,,,,97,97.0,,,,2025-07-14T16:23:12.92+02:00,2021,2021-01-01T00:00:00+01:00,2021-12-31T00:00:00+01:00
2562001,WHS4_544,COUNTRY,PHL,WPR,YEAR,Western Pacific,,,2011,,,,,,,88,88.0,,,,2025-07-14T16:23:12.92+02:00,2011,2011-01-01T00:00:00+01:00,2011-12-31T00:00:00+01:00
2592167,WHS4_544,COUNTRY,KOR,WPR,YEAR,Western Pacific,,,2014,,,,,,,99,99.0,,,,2025-07-14T16:23:12.92+02:00,2014,2014-01-01T00:00:00+01:00,2014-12-31T00:00:00+01:00
2681491,WHS4_544,COUNTRY,TUR,EUR,YEAR,Europe,,,2016,,,,,,,98,98.0,,,,2025-07-14T16:23:12.92+02:00,2016,2016-01-01T00:00:00+01:00,2016-12-31T00:00:00+01:00
2695354,WHS4_544,COUNTRY,SGP,WPR,YEAR,Western Pacific,,,2023,,,,,,,98,98.0,,,,2025-07-14T16:23:12.92+02:00,2023,2023-01-01T00:00:00+01:00,2023-12-31T00:00:00+01:00
2732798,WHS4_544,COUNTRY,PHL,WPR,YEAR,Western Pacific,,,2024,,,,,,,88,88.0,,,,2025-07-14T16:23:12.92+02:00,2024,2024-01-01T00:00:00+01:00,2024-12-31T00:00:00+01:00
2755003,WHS4_544,COUNTRY,ZAF,AFR,YEAR,Africa,,,2011,,,,,,,71,71.0,,,,2025-07-14T16:23:12.92+02:00,2011,2011-01-01T00:00:00+01:00,2011-12-31T00:00:00+01:00
2763322,WHS4_544,COUNTRY,EGY,EMR,YEAR,Eastern Mediterranean,,,2011,,,,,,,96,96.0,,,,2025-07-14T16:23:12.92+02:00,2011,2011-01-01T00:00:00+01:00,2011-12-31T00:00:00+01:00
2776917,WHS4_544,COUNTRY,PHL,WPR,YEAR,Western Pacific,,,2022,,,,,,,83,83.0,,,,2025-07-14T16:23:12.92+02:00,2022,2022-01-01T00:00:00+01:00,2022-12-31T00:00:00+01:00
2804670,WHS4_544,COUNTRY,KOR,WPR,YEAR,Western Pacific,,,2020,,,,,,,98,98.0,,,,2025-07-14T16:23:12.92+02:00,2020,2020-01-01T00:00:00+01:00,2020-12-31T00:00:00+01:00
2816258,WHS4_544,COUNTRY,PAK,EMR,YEAR,Eastern Mediterranean,,,2022,,,,,,,85,85.0,,,,2025-07-14T16:23:12.92+02:00,2022,2022-01-01T00:00:00+01:00,2022-12-31T00:00:00+01:00
2827349,WHS4_544,COUNTRY,UGA,AFR,YEAR,Africa,,,2012,,,,,,,79,79.0,,,,2025-07-14T16:23:12.92+02:00,2012,2012-01-01T00:00:00+01:00,2012-12-31T00:00:00+01:00
2889894,WHS4_544,COUNTRY,GHA,AFR,YEAR,Africa,,,2020,,,,,,,92,92.0,,,,2025-07-14T16:23:12.92+02:00,2020,2020-01-01T00:00:00+01:00,2020-12-31T00:00:00+01:00
2891452,WHS4_544,COUNTRY,GHA,AFR,YEAR,Africa,,,2023,,,,,,,91,91.0,,,,2025-07-14T16:23:12.92+02:00,2023,2023-01-01T00:00:00+01:00,2023-12-31T00:00:00+01:00
2898317,WHS4_544,COUNTRY,COL,AMR,YEAR,Americas,,,2019,,,,,,,94,94.0,,,,2025-07-14T16:23:12.92+02:00,2019,2019-01-01T00:00:00+01:00,2019-12-31T00:00:00+01:00
2940084,WHS4_544,COUNTRY,BGD,SEAR,YEAR,South-East Asia,,,2013,,,,,,,96,96.0,,,,2025-07-14T16:23:12.92+02:00,2013,2013-01-01T00:00:00+01:00,2013-12-31T00:00:00+01:00
2955866,WHS4_544,COUNTRY,JPN,WPR,YEAR,Western Pacific,,,2023,,,,,,,98,98.0,,,,2025-07-14T16:23:12.92+02:00,2023,2023-01-01T00:00:00+01:00,2023-12-31T00:00:00+01:00
2977383,WHS4_544,COUNTRY,RWA,AFR,YEAR,Africa,,,2012,,,,,,,98,98.0,,,,2025-07-14T16:23:12.92+02:00,2012,2012-01-01T00:00:00+01:00,2012-12-31T00:00:00+01:00
2988539,WHS4_544,COUNTRY,JPN,WPR,YEAR,Western Pacific,,,2020,,,,,,,96,96.0,,,,2025-07-14T16:23:12.92+02:00,2020,2020-01-01T00:00:00+01:00,2020-12-31T00:00:00+01:00
3018872,WHS4_544,COUNTRY,JPN,WPR,YEAR,Western Pacific,,,2011,,,,,,,96,96.0,,,,2025-07-14T16:23:12.92+02:00,2011,2011-01-01T00:00:00+01:00,2011-12-31T00:00:00+01:00
3021123,WHS4_544,COUNTRY,KEN,AFR,YEAR,Africa,,,2023,,,,,,,92,92.0,,,,2025-07-14T16:23:12.92+02:00,2023,2023-01-01T00:00:00+01:00,2023-12-31T00:00:00+01:00
3024215,WHS4_544,COUNTRY,SGP,WPR,YEAR,Western Pacific,,,2018,,,,,,,97,97.0,,,,2025-07-14T16:23:12.92+02:00,2018,2018-01-01T00:00:00+01:00,2018-12-31T00:00:00+01:00
3097268,WHS4_544,COUNTRY,RWA,AFR,YEAR,Africa,,,2023,,,,,,,94,94.0,,,,2025-07-14T16:23:12.92+02:00,2023,2023-01-01T00:00:00+01:00,2023-12-31T00:00:00+01:00
3129669,WHS4_544,COUNTRY,IDN,WPR,YEAR,Western Pacific,,,2023,,,,,,,82,82.0,,,,2025-07-14T16:23:12.92+02:00,2023,2023-01-01T00:00:00+01:00,2023-12-31T00:00:00+01:00
3272102,WHS4_544,COUNTRY,BGD,SEAR,YEAR,South-East Asia,,,2015,,,,,,,98,98.0,,,,2025-07-14T16:23:12.92+02:00,2015,2015-01-01T00:00:00+01:00,2015-12-31T00:00:00+01:00
3282049,WHS4_544,COUNTRY,THA,SEAR,YEAR,South-East Asia,,,2012,,,,,,,99,99.0,,,,2025-07-14T16:23:12.92+02:00,2012,2012-01-01T00:00:00+01:00,2012-12-31T00:00:00+01:00
3324601,WHS4_544,COUNTRY,GHA,AFR,YEAR,Africa,,,2016,,,,,,,95,95.0,,,,2025-07-14T16:23:12.92+02:00,2016,2016-01-01T00:00:00+01:00,2016-12-31T00:00:00+01:00
3330987,WHS4_544,COUNTRY,EGY,EMR,YEAR,Eastern Mediterranean,,,2014,,,,,,,94,94.0,,,,2025-07-14T16:23:12.92+02:00,2014,2014-01-01T00:00:00+01:00,2014-12-31T00:00:00+01:00
3361600,WHS4_544,COUNTRY,NGA,AFR,YEAR,Africa,,,2020,,,,,,,62,62.0,,,,2025-07-14T16:23:12.92+02:00,2020,2020-01-01T00:00:00+01:00,2020-12-31T00:00:00+01:00
3365565,WHS4_544,COUNTRY,ZAF,AFR,YEAR,Africa,,,2023,,,,,,,79,79.0,,,,2025-07-14T16:23:12.92+02:00,2023,2023-01-01T00:00:00+01:00,2023-12-31T00:00:00+01:00
3378516,WHS4_544,COUNTRY,PHL,WPR,YEAR,Western Pacific,,,2013,,,,,,,85,85.0,,,,2025-07-14T16:23:12.92+02:00,2013,2013-01-01T00:00:00+01:00,2013-12-31T00:00:00+01:00
3405541,WHS4_544,COUNTRY,TUR,EUR,YEAR,Europe,,,2010,,,,,,,97,97.0,,,,2025-07-14T16:23:12.92+02:00,2010,2010-01-01T00:00:00+01:00,2010-12-31T00:00:00+01:00
3469094,WHS4_544,COUNTRY,SGP,WPR,YEAR,Western Pacific,,,2014,,,,,,,96,96.0,,,,2025-07-14T16:23:12.92+02:00,2014,2014-01-01T00:00:00+01:00,2014-12-31T00:00:00+01:00
3505447,WHS4_544,COUNTRY,AFG,EMR,YEAR,Eastern Mediterranean,,,2021,,,,,,,55,55.0,,,,2025-07-14T16:23:12.92+02:00,2021,2021-01-01T00:00:00+01:00,2021-12-31T00:00:00+01:00
3517957,WHS4_544,COUNTRY,SGP,WPR,YEAR,Western Pacific,,,2020,,,,,,,98,98.0,,,,2025-07-14T16:23:12.92+02:00,2020,2020-01-01T00:00:00+01:00,2020-12-31T00:00:00+01:00
3522184,WHS4_544,COUNTRY,RWA,AFR,YEAR,Africa,,,2014,,,,,,,98,98.0,,,,2025-07-14T16:23:12.92+02:00,2014,2014-01-01T00:00:00+01:00,2014-12-31T00:00:00+01:00
3533100,WHS4_544,COUNTRY,THA,SEAR,YEAR,South-East Asia,,,2016,,,,,,,99,99.0,,,,2025-07-14T16:23:12.92+02:00,2016,2016-01-01T00:00:00+01:00,2016-12-31T00:00:00+01:00
3568038,WHS4_544,COUNTRY,JPN,WPR,YEAR,Western Pacific,,,2022,,,,,,,99,99.0,,,,2025-07-14T16:23:12.92+02:00,2022,2022-01-01T00:00:00+01:00,2022-12-31T00:00:00+01:00
3646268,WHS4_544,COUNTRY,IND,SEAR,YEAR,South-East Asia,,,2010,,,,,,,76,76.0,,,,2025-07-14T16:23:12.92+02:00,2010,2010-01-01T00:00:00+01:00,2010-12-31T00:00:00+01:00
3651312,WHS4_544,COUNTRY,UGA,AFR,YEAR,Africa,,,2015,,,,,,,85,85.0,,,,2025-07-14T16:23:12.92+02:00,2015,2015-01-01T00:00:00+01:00,2015-12-31T00:00:00+01:00
3670509,WHS4_544,COUNTRY,SGP,WPR,YEAR,Western Pacific,,,2010,,,,,,,96,96.0,,,,2025-07-14T16:23:12.92+02:00,2010,2010-01-01T00:00:00+01:00,2010-12-31T00:00:00+01:00
3717098,WHS4_544,COUNTRY,JPN,WPR,YEAR,Western Pacific,,,2021,,,,,,,99,99.0,,,,2025-07-14T16:23:12.92+02:00,2021,2021-01-01T00:00:00+01:00,2021-12-31T00:00:00+01:00
3733440,WHS4_544,COUNTRY,MEX,AMR,YEAR,Americas,,,2024,,,,,,,78,78.0,,,,2025-07-14T16:23:12.92+02:00,2024,2024-01-01T00:00:00+01:00,2024-12-31T00:00:00+01:00
3785290,WHS4_544,COUNTRY,BRA,AMR,YEAR,Americas,,,2015,,,,,,,98,98.0,,,,2025-07-14T16:23:12.92+02:00,2015,2015-01-01T00:00:00+01:00,2015-12-31T00:00:00+01:00
3798527,WHS4_544,COUNTRY,BRA,AMR,YEAR,Americas,,,2022,,,,,,,75,75.0,,,,2025-07-14T16:23:12.92+02:00,2022,2022-01-01T00:00:00+01:00,2022-12-31T00:00:00+01:00
3837554,WHS4_544,COUNTRY,CHL,AMR,YEAR,Americas,,,2019,,,,,,,96,96.0,,,,2025-07-14T16:23:12.92+02:00,2019,2019-01-01T00:00:00+01:00,2019-12-31T00:00:00+01:00
3840183,WHS4_544,COUNTRY,JPN,WPR,YEAR,Western Pacific,,,2013,,,,,,,99,99.0,,,,2025-07-14T16:23:12.92+02:00,2013,2013-01-01T00:00:00+01:00,2013-12-31T00:00:00+01:00
3934300,WHS4_544,COUNTRY,BRA,AMR,YEAR,Americas,,,2010,,,,,,,99,99.0,,,,2025-07-14T16:23:12.92+02:00,2010,2010-01-01T00:00:00+01:00,2010-12-31T00:00:00+01:00
3938937,WHS4_544,COUNTRY,MDG,AFR,YEAR,Africa,,,2024,,,,,,,62,62.0,,,,2025-07-14T16:23:12.92+02:00,2024,2024-01-01T00:00:00+01:00,2024-12-31T00:00:00+01:00
3951974,WHS4_544,COUNTRY,GHA,AFR,YEAR,Africa,,,2024,,,,,,,91,91.0,,,,2025-07-14T16:23:12.92+02:00,2024,2024-01-01T00:00:00+01:00,2024-12-31T00:00:00+01:00
3985996,WHS4_544,COUNTRY,IDN,WPR,YEAR,Western Pacific,,,2017,,,,,,,88,88.0,,,,2025-07-14T16:23:12.92+02:00,2017,2017-01-01T00:00:00+01:00,2017-12-31T00:00:00+01:00
4023081,WHS4_544,COUNTRY,BGD,SEAR,YEAR,South-East Asia,,,2022,,,,,,,97,97.0,,,,2025-07-14T16:23:12.92+02:00,2022,2022-01-01T00:00:00+01:00,2022-12-31T00:00:00+01:00
4029196,WHS4_544,COUNTRY,COL,AMR,YEAR,Americas,,,2024,,,,,,,89,89.0,,,,2025-07-14T16:23:12.92+02:00,2024,2024-01-01T00:00:00+01:00,2024-12-31T00:00:00+01:00
4056541,WHS4_544,COUNTRY,BRA,AMR,YEAR,Americas,,,2011,,,,,,,98,98.0,,,,2025-07-14T16:23:12.92+02:00,2011,2011-01-01T00:00:00+01:00,2011-12-31T00:00:00+01:00
4120687,WHS4_544,COUNTRY,GHA,AFR,YEAR,Africa,,,2014,,,,,,,94,94.0,,,,2025-07-14T16:23:12.92+02:00,2014,2014-01-01T00:00:00+01:00,2014-12-31T00:00:00+01:00
4158656,WHS4_544,COUNTRY,NGA,AFR,YEAR,Africa,,,2015,,,,,,,42,42.0,,,,2025-07-14T16:23:12.92+02:00,2015,2015-01-01T00:00:00+01:00,2015-12-31T00:00:00+01:00
4194164,WHS4_544,COUNTRY,TUR,EUR,YEAR,Europe,,,2021,,,,,,,95,95.0,,,,2025-07-14T16:23:12.92+02:00,2021,2021-01-01T00:00:00+01:00,2021-12-31T00:00:00+01:00
4194349,WHS4_544,COUNTRY,MEX,AMR,YEAR,Americas,,,2015,,,,,,,87,87.0,,,,2025-07-14T16:23:12.92+02:00,2015,2015-01-01T00:00:00+01:00,2015-12-31T00:00:00+01:00
4271108,WHS4_544,COUNTRY,BRA,AMR,YEAR,Americas,,,2013,,,,,,,96,96.0,,,,2025-07-14T16:23:12.92+02:00,2013,2013-01-01T00:00:00+01:00,2013-12-31T00:00:00+01:00
4350492,WHS4_544,COUNTRY,CHL,AMR,YEAR,Americas,,,2013,,,,,,,90,90.0,,,,2025-07-14T16:23:12.92+02:00,2013,2013-01-01T00:00:00+01:00,2013-12-31T00:00:00+01:00
4438718,WHS4_544,COUNTRY,THA,SEAR,YEAR,South-East Asia,,,2010,,,,,,,99,99.0,,,,2025-07-14T16:23:12.92+02:00,2010,2010-01-01T00:00:00+01:00,2010-12-31T00:00:00+01:00
4489285,WHS4_544,COUNTRY,ZAF,AFR,YEAR,Africa,,,2020,,,,,,,84,84.0,,,,2025-07-14T16:23:12.92+02:00,2020,2020-01-01T00:00:00+01:00,2020-12-31T00:00:00+01:00
4490983,WHS4_544,COUNTRY,PAK,EMR,YEAR,Eastern Mediterranean,,,2012,,,,,,,64,64.0,,,,2025-07-14T16:23:12.92+02:00,2012,2012-01-01T00:00:00+01:00,2012-12-31T00:00:00+01:00
4498679,WHS4_544,COUNTRY,GHA,AFR,YEAR,Africa,,,2017,,,,,,,94,94.0,,,,2025-07-14T16:23:12.92+02:00,2017,2017-01-01T00:00:00+01:00,2017-12-31T00:00:00+01:00
4518681,WHS4_544,COUNTRY,GHA,AFR,YEAR,Africa,,,2010,,,,,,,94,94.0,,,,2025-07-14T16:23:12.92+02:00,2010,2010-01-01T00:00:00+01:00,2010-12-31T00:00:00+01:00
4541618,WHS4_544,COUNTRY,NGA,AFR,YEAR,Africa,,,2017,,,,,,,55,55.0,,,,2025-07-14T16:23:12.92+02:00,2017,2017-01-01T00:00:00+01:00,2017-12-31T00:00:00+01:00
4575769,WHS4_544,COUNTRY,RWA,AFR,YEAR,Africa,,,2010,,,,,,,93,93.0,,,,2025-07-14T16:23:12.92+02:00,2010,2010-01-01T00:00:00+01:00,2010-12-31T00:00:00+01:00
4580625,WHS4_544,COUNTRY,CHN,WPR,YEAR,Western Pacific,,,2020,,,,,,,99,99.0,,,,2025-07-14T16:23:12.92+02:00,2020,2020-01-01T00:00:00+01:00,2020-12-31T00:00:00+01:00
4645303,WHS4_544,COUNTRY,POL,EUR,YEAR,Europe,,,2021,,,,,,,84,84.0,,,,2025-07-14T16:23:12.92+02:00,2021,2021-01-01T00:00:00+01:00,2021-12-31T00:00:00+01:00
4686679,WHS4_544,COUNTRY,KOR,WPR,YEAR,Western Pacific,,,2023,,,,,,,97,97.0,,,,2025-07-14T16:23:12.92+02:00,2023,2023-01-01T00:00:00+01:00,2023-12-31T00:00:00+01:00
4719393,WHS4_544,COUNTRY,IND,SEAR,YEAR,South-East Asia,,,2015,,,,,,,86,86.0,,,,2025-07-14T16:23:12.92+02:00,2015,2015-01-01T00:00:00+01:00,2015-12-31T00:00:00+01:00
4730715,WHS4_544,COUNTRY,COL,AMR,YEAR,Americas,,,2015,,,,,,,91,91.0,,,,2025-07-14T16:23:12.92+02:00,2015,2015-01-01T00:00:00+01:00,2015-12-31T00:00:00+01:00
4758453,WHS4_544,COUNTRY,POL,EUR,YEAR,Europe,,,2017,,,,,,,90,90.0,,,,2025-07-14T16:23:12.92+02:00,2017,2017-01-01T00:00:00+01:00,2017-12-31T00:00:00+01:00
4830544,WHS4_544,COUNTRY,CHL,AMR,YEAR,Americas,,,2018,,,,,,,95,95.0,,,,2025-07-14T16:23:12.92+02:00,2018,2018-01-01T00:00:00+01:00,2018-12-31T00:00:00+01:00
4877973,WHS4_544,COUNTRY,MEX,AMR,YEAR,Americas,,,2019,,,,,,,82,82.0,,,,2025-07-14T16:23:12.92+02:00,2019,2019-01-01T00:00:00+01:00,2019-12-31T00:00:00+01:00
4906418,WHS4_544,COUNTRY,EGY,EMR,YEAR,Eastern Mediterranean,,,2012,,,,,,,93,93.0,,,,2025-07-14T16:23:12.92+02:00,2012,2012-01-01T00:00:00+01:00,2012-12-31T00:00:00+01:00
4936851,WHS4_544,COUNTRY,CHN,WPR,YEAR,Western Pacific,,,2024,,,,,,,97,97.0,,,,2025-07-14T16:23:12.92+02:00,2024,2024-01-01T00:00:00+01:00,2024-12-31T00:00:00+01:00
5005830,WHS4_544,COUNTRY,SGP,WPR,YEAR,Western Pacific,,,2016,,,,,,,96,96.0,,,,2025-07-14T16:23:12.92+02:00,2016,2016-01-01T00:00:00+01:00,2016-12-31T00:00:00+01:00
5032852,WHS4_544,COUNTRY,TUR,EUR,YEAR,Europe,,,2022,,,,,,,99,99.0,,,,2025-07-14T16:23:12.92+02:00,2022,2022-01-01T00:00:00+01:00,2022-12-31T00:00:00+01:00
5033288,WHS4_544,COUNTRY,RWA,AFR,YEAR,Africa,,,2011,,,,,,,93,93.0,,,,2025-07-14T16:23:12.92+02:00,2011,2011-01-01T00:00:00+01:00,2011-12-31T00:00:00+01:00
5040860,WHS4_544,COUNTRY,NGA,AFR,YEAR,Africa,,,2024,,,,,,,69,69.0,,,,2025-07-14T16:23:12.92+02:00,2024,2024-01-01T00:00:00+01:00,2024-12-31T00:00:00+01:00
5073542,WHS4_544,COUNTRY,PAK,EMR,YEAR,Eastern Mediterranean,,,2024,,,,,,,87,87.0,,,,2025-07-14T16:23:12.92+02:00,2024,2024-01-01T00:00:00+01:00,2024-12-31T00:00:00+01:00
5088431,WHS4_544,COUNTRY,KOR,WPR,YEAR,Western Pacific,,,2018,,,,,,,98,98.0,,,,2025-07-14T16:23:12.92+02:00,2018,2018-01-01T00:00:00+01:00,2018-12-31T00:00:00+01:00
5091931,WHS4_544,COUNTRY,GHA,AFR,YEAR,Africa,,,2012,,,,,,,91,91.0,,,,2025-07-14T16:23:12.92+02:00,2012,2012-01-01T00:00:00+01:00,2012-12-31T00:00:00+01:00
5108180,WHS4_544,COUNTRY,PAK,EMR,YEAR,Eastern Mediterranean,,,2011,,,,,,,63,63.0,,,,2025-07-14T16:23:12.92+02:00,2011,2011-01-01T00:00:00+01:00,2011-12-31T00:00:00+01:00
5121789,WHS4_544,COUNTRY,RWA,AFR,YEAR,Africa,,,2021,,,,,,,88,88.0,,,,2025-07-14T16:23:12.92+02:00,2021,2021-01-01T00:00:00+01:00,2021-12-31T00:00:00+01:00
5126950,WHS4_544,COUNTRY,MDG,AFR,YEAR,Africa,,,2023,,,,,,,63,63.0,,,,2025-07-14T16:23:12.92+02:00,2023,2023-01-01T00:00:00+01:00,2023-12-31T00:00:00+01:00
5127034,WHS4_544,COUNTRY,TUR,EUR,YEAR,Europe,,,2014,,,,,,,96,96.0,,,,2025-07-14T16:23:12.92+02:00,2014,2014-01-01T00:00:00+01:00,2014-12-31T00:00:00+01:00
5146605,WHS4_544,COUNTRY,KEN,AFR,YEAR,Africa,,,2014,,,,,,,90,90.0,,,,2025-07-14T16:23:12.92+02:00,2014,2014-01-01T00:00:00+01:00,2014-12-31T00:00:00+01:00
5172107,WHS4_544,COUNTRY,TUR,EUR,YEAR,Europe,,,2023,,,,,,,99,99.0,,,,2025-07-14T16:23:12.92+02:00,2023,2023-01-01T00:00:00+01:00,2023-12-31T00:00:00+01:00
5192022,WHS4_544,COUNTRY,EGY,EMR,YEAR,Eastern Mediterranean,,,2024,,,,,,,97,97.0,,,,2025-07-14T16:23:12.92+02:00,2024,2024-01-01T00:00:00+01:00,2024-12-31T00:00:00+01:00
5192188,WHS4_544,COUNTRY,IND,SEAR,YEAR,South-East Asia,,,2019,,,,,,,90,90.0,,,,2025-07-14T16:23:12.92+02:00,2019,2019-01-01T00:00:00+01:00,2019-12-31T00:00:00+01:00
5194785,WHS4_544,COUNTRY,CHN,WPR,YEAR,Western Pacific,,,2011,,,,,,,99,99.0,,,,2025-07-14T16:23:12.92+02:00,2011,2011-01-01T00:00:00+01:00,2011-12-31T00:00:00+01:00
5214066,WHS4_544,COUNTRY,MEX,AMR,YEAR,Americas,,,2023,,,,,,,85,85.0,,,,2025-07-14T16:23:12.92+02:00,2023,2023-01-01T00:00:00+01:00,2023-12-31T00:00:00+01:00
5265100,WHS4_544,COUNTRY,RWA,AFR,YEAR,Africa,,,2022,,,,,,,97,97.0,,,,2025-07-14T16:23:12.92+02:00,2022,2022-01-01T00:00:00+01:00,2022-12-31T00:00:00+01:00
5270152,WHS4_544,COUNTRY,BGD,SEAR,YEAR,South-East Asia,,,2014,,,,,,,97,97.0,,,,2025-07-14T16:23:12.92+02:00,2014,2014-01-01T00:00:00+01:00,2014-12-31T00:00:00+01:00
5286099,WHS4_544,COUNTRY,CHL,AMR,YEAR,Americas,,,2024,,,,,,,95,95.0,,,,2025-07-14T16:23:12.92+02:00,2024,2024-01-01T00:00:00+01:00,2024-12-31T00:00:00+01:00
5332507,WHS4_544,COUNTRY,ZAF,AFR,YEAR,Africa,,,2019,,,,,,,85,85.0,,,,2025-07-14T16:23:12.92+02:00,2019,2019-01-01T00:00:00+01:00,2019-12-31T00:00:00+01:00
5379431,WHS4_544,COUNTRY,BRA,AMR,YEAR,Americas,,,2017,,,,,,,84,84.0,,,,2025-07-14T16:23:12.92+02:00,2017,2017-01-01T00:00:00+01:00,2017-12-31T00:00:00+01:00
5396738,WHS4_544,COUNTRY,AFG,EMR,YEAR,Eastern Mediterranean,,,2018,,,,,,,67,67.0,,,,2025-07-14T16:23:12.92+02:00,2018,2018-01-01T00:00:00+01:00,2018-12-31T00:00:00+01:00
5437024,WHS4_544,COUNTRY,PHL,WPR,YEAR,Western Pacific,,,2020,,,,,,,82,82.0,,,,2025-07-14T16:23:12.92+02:00,2020,2020-01-01T00:00:00+01:00,2020-12-31T00:00:00+01:00
5437888,WHS4_544,COUNTRY,JPN,WPR,YEAR,Western Pacific,,,2018,,,,,,,98,98.0,,,,2025-07-14T16:23:12.92+02:00,2018,2018-01-01T00:00:00+01:00,2018-12-31T00:00:00+01:00
5464047,WHS4_544,COUNTRY,NGA,AFR,YEAR,Africa,,,2023,,,,,,,70,70.0,,,,2025-07-14T16:23:12.92+02:00,2023,2023-01-01T00:00:00+01:00,2023-12-31T00:00:00+01:00
5488391,WHS4_544,COUNTRY,UGA,AFR,YEAR,Africa,,,2011,,,,,,,79,79.0,,,,2025-07-14T16:23:12.92+02:00,2011,2011-01-01T00:00:00+01:00,2011-12-31T00:00:00+01:00
5504639,WHS4_544,COUNTRY,BRA,AMR,YEAR,Americas,,,2018,,,,,,,85,85.0,,,,2025-07-14T16:23:12.92+02:00,2018,2018-01-01T00:00:00+01:00,2018-12-31T00:00:00+01:00
5518202,WHS4_544,COUNTRY,RWA,AFR,YEAR,Africa,,,2016,,,,,,,99,99.0,,,,2025-07-14T16:23:12.92+02:00,2016,2016-01-01T00:00:00+01:00,2016-12-31T00:00:00+01:00
5539467,WHS4_544,COUNTRY,BGD,SEAR,YEAR,South-East Asia,,,2019,,,,,,,98,98.0,,,,2025-07-14T16:23:12.92+02:00,2019,2019-01-01T00:00:00+01:00,2019-12-31T00:00:00+01:00
5576911,WHS4_544,COUNTRY,AFG,EMR,YEAR,Eastern Mediterranean,,,2024,,,,,,,59,59.0,,,,2025-07-14T16:23:12.92+02:00,2024,2024-01-01T00:00:00+01:00,2024-12-31T00:00:00+01:00
5576940,WHS4_544,COUNTRY,COL,AMR,YEAR,Americas,,,2020,,,,,,,88,88.0,,,,2025-07-14T16:23:12.92+02:00,2020,2020-01-01T00:00:00+01:00,2020-12-31T00:00:00+01:00
5576968,WHS4_544,COUNTRY,PHL,WPR,YEAR,Western Pacific,,,2010,,,,,,,88,88.0,,,,2025-07-14T16:23:12.92+02:00,2010,2010-01-01T00:00:00+01:00,2010-12-31T00:00:00+01:00
5586164,WHS4_544,COUNTRY,COL,AMR,YEAR,Americas,,,2021,,,,,,,86,86.0,,,,2025-07-14T16:23:12.92+02:00,2021,2021-01-01T00:00:00+01:00,2021-12-31T00:00:00+01:00
5592494,WHS4_544,COUNTRY,RWA,AFR,YEAR,Africa,,,2024,,,,,,,98,98.0,,,,2025-07-14T16:23:12.92+02:00,2024,2024-01-01T00:00:00+01:00,2024-12-31T00:00:00+01:00
5664040,WHS4_544,COUNTRY,BGD,SEAR,YEAR,South-East Asia,,,2023,,,,,,,97,97.0,,,,2025-07-14T16:23:12.92+02:00,2023,2023-01-01T00:00:00+01:00,2023-12-31T00:00:00+01:00
5691484,WHS4_544,COUNTRY,UGA,AFR,YEAR,Africa,,,2010,,,,,,,79,79.0,,,,2025-07-14T16:23:12.92+02:00,2010,2010-01-01T00:00:00+01:00,2010-12-31T00:00:00+01:00
5720814,WHS4_544,COUNTRY,POL,EUR,YEAR,Europe,,,2023,,,,,,,86,86.0,,,,2025-07-14T16:23:12.92+02:00,2023,2023-01-01T00:00:00+01:00,2023-12-31T00:00:00+01:00
5750276,WHS4_544,COUNTRY,AFG,EMR,YEAR,Eastern Mediterranean,,,2016,,,,,,,66,66.0,,,,2025-07-14T16:23:12.92+02:00,2016,2016-01-01T00:00:00+01:00,2016-12-31T00:00:00+01:00
5806752,WHS4_544,COUNTRY,THA,SEAR,YEAR,South-East Asia,,,2019,,,,,,,97,97.0,,,,2025-07-14T16:23:12.92+02:00,2019,2019-01-01T00:00:00+01:00,2019-12-31T00:00:00+01:00
5826030,WHS4_544,COUNTRY,ZAF,AFR,YEAR,Africa,,,2014,,,,,,,85,85.0,,,,2025-07-14T16:23:12.92+02:00,2014,2014-01-01T00:00:00+01:00,2014-12-31T00:00:00+01:00
5864448,WHS4_544,COUNTRY,KEN,AFR,YEAR,Africa,,,2024,,,,,,,85,85.0,,,,2025-07-14T16:23:12.92+02:00,2024,2024-01-01T00:00:00+01:00,2024-12-31T00:00:00+01:00
5877722,WHS4_544,COUNTRY,THA,SEAR,YEAR,South-East Asia,,,2021,,,,,,,93,93.0,,,,2025-07-14T16:23:12.92+02:00,2021,2021-01-01T00:00:00+01:00,2021-12-31T00:00:00+01:00
5884241,WHS4_544,COUNTRY,SGP,WPR,YEAR,Western Pacific,,,2017,,,,,,,96,96.0,,,,2025-07-14T16:23:12.92+02:00,2017,2017-01-01T00:00:00+01:00,2017-12-31T00:00:00+01:00
5894401,WHS4_544,COUNTRY,MDG,AFR,YEAR,Africa,,,2020,,,,,,,66,66.0,,,,2025-07-14T16:23:12.92+02:00,2020,2020-01-01T00:00:00+01:00,2020-12-31T00:00:00+01:00
5897720,WHS4_544,COUNTRY,NGA,AFR,YEAR,Africa,,,2012,,,,,,,42,42.0,,,,2025-07-14T16:23:12.92+02:00,2012,2012-01-01T00:00:00+01:00,2012-12-31T00:00:00+01:00
5926424,WHS4_544,COUNTRY,POL,EUR,YEAR,Europe,,,2019,,,,,,,87,87.0,,,,2025-07-14T16:23:12.92+02:00,2019,2019-01-01T00:00:00+01:00,2019-12-31T00:00:00+01:00
5946186,WHS4_544,COUNTRY,JPN,WPR,YEAR,Western Pacific,,,2015,,,,,,,99,99.0,,,,2025-07-14T16:23:12.92+02:00,2015,2015-01-01T00:00:00+01:00,2015-12-31T00:00:00+01:00
5950806,WHS4_544,COUNTRY,UGA,AFR,YEAR,Africa,,,2019,,,,,,,92,92.0,,,,2025-07-14T16:23:12.92+02:00,2019,2019-01-01T00:00:00+01:00,2019-12-31T00:00:00+01:00
5965827,WHS4_544,COUNTRY,PAK,EMR,YEAR,Eastern Mediterranean,,,2014,,,,,,,69,69.0,,,,2025-07-14T16:23:12.92+02:00,2014,2014-01-01T00:00:00+01:00,2014-12-31T00:00:00+01:00
5980678,WHS4_544,COUNTRY,BGD,SEAR,YEAR,South-East Asia,,,2011,,,,,,,96,96.0,,,,2025-07-14T16:23:12.92+02:00,2011,2011-01-01T00:00:00+01:00,2011-12-31T00:00:00+01:00
5989969,WHS4_544,COUNTRY,KEN,AFR,YEAR,Africa,,,2011,,,,,,,97,97.0,,,,2025-07-14T16:23:12.92+02:00,2011,2011-01-01T00:00:00+01:00,2011-12-31T00:00:00+01:00
5996883,WHS4_544,COUNTRY,IND,SEAR,YEAR,South-East Asia,,,2017,,,,,,,89,89.0,,,,2025-07-14T16:23:12.92+02:00,2017,2017-01-01T00:00:00+01:00,2017-12-31T00:00:00+01:00
6109098,WHS4_544,COUNTRY,COL,AMR,YEAR,Americas,,,2014,,,,,,,90,90.0,,,,2025-07-14T16:23:12.92+02:00,2014,2014-01-01T00:00:00+01:00,2014-12-31T00:00:00+01:00
6119181,WHS4_544,COUNTRY,BGD,SEAR,YEAR,South-East Asia,,,2024,,,,,,,97,97.0,,,,2025-07-14T16:23:12.92+02:00,2024,2024-01-01T00:00:00+01:00,2024-12-31T00:00:00+01:00
6136889,WHS4_544,COUNTRY,IND,SEAR,YEAR,South-East Asia,,,2021,,,,,,,85,85.0,,,,2025-07-14T16:23:12.92+02:00,2021,2021-01-01T00:00:00+01:00,2021-12-31T00:00:00+01:00
6144135,WHS4_544,COUNTRY,THA,SEAR,YEAR,South-East Asia,,,2023,,,,,,,93,93.0,,,,2025-07-14T16:23:12.92+02:00,2023,2023-01-01T00:00:00+01:00,2023-12-31T00:00:00+01:00
6147374,WHS4_544,COUNTRY,CHN,WPR,YEAR,Western Pacific,,,2023,,,,,,,97,97.0,,,,2025-07-14T16:23:12.92+02:00,2023,2023-01-01T00:00:00+01:00,2023-12-31T00:00:00+01:00
6192966,WHS4_544,COUNTRY,POL,EUR,YEAR,Europe,,,2018,,,,,,,87,87.0,,,,2025-07-14T16:23:12.92+02:00,2018,2018-01-01T00:00:00+01:00,2018-12-31T00:00:00+01:00
6227454,WHS4_544,COUNTRY,MEX,AMR,YEAR,Americas,,,2016,,,,,,,93,93.0,,,,2025-07-14T16:23:12.92+02:00,2016,2016-01-01T00:00:00+01:00,2016-12-31T00:00:00+01:00
6246534,WHS4_544,COUNTRY,CHL,AMR,YEAR,Americas,,,2022,,,,,,,96,96.0,,,,2025-07-14T16:23:12.92+02:00,2022,2022-01-01T00:00:00+01:00,2022-12-31T00:00:00+01:00
6341067,WHS4_544,COUNTRY,THA,SEAR,YEAR,South-East Asia,,,2014,,,,,,,99,99.0,,,,2025-07-14T16:23:12.92+02:00,2014,2014-01-01T00:00:00+01:00,2014-12-31T00:00:00+01:00
6441176,WHS4_544,COUNTRY,BGD,SEAR,YEAR,South-East Asia,,,2017,,,,,,,98,98.0,,,,2025-07-14T16:23:12.92+02:00,2017,2017-01-01T00:00:00+01:00,2017-12-31T00:00:00+01:00
6446177,WHS4_544,COUNTRY,CHL,AMR,YEAR,Americas,,,2016,,,,,,,95,95.0,,,,2025-07-14T16:23:12.92+02:00,2016,2016-01-01T00:00:00+01:00,2016-12-31T00:00:00+01:00
6449157,WHS4_544,COUNTRY,KOR,WPR,YEAR,Western Pacific,,,2010,,,,,,,95,95.0,,,,2025-07-14T16:23:12.92+02:00,2010,2010-01-01T00:00:00+01:00,2010-12-31T00:00:00+01:00
6473130,WHS4_544,COUNTRY,CHN,WPR,YEAR,Western Pacific,,,2016,,,,,,,99,99.0,,,,2025-07-14T16:23:12.92+02:00,2016,2016-01-01T00:00:00+01:00,2016-12-31T00:00:00+01:00
6520777,WHS4_544,COUNTRY,SGP,WPR,YEAR,Western Pacific,,,2022,,,,,,,97,97.0,,,,2025-07-14T16:23:12.92+02:00,2022,2022-01-01T00:00:00+01:00,2022-12-31T00:00:00+01:00
6555501,WHS4_544,COUNTRY,PAK,EMR,YEAR,Eastern Mediterranean,,,2020,,,,,,,83,83.0,,,,2025-07-14T16:23:12.92+02:00,2020,2020-01-01T00:00:00+01:00,2020-12-31T00:00:00+01:00
6558699,WHS4_544,COUNTRY,IND,SEAR,YEAR,South-East Asia,,,2022,,,,,,,93,93.0,,,,2025-07-14T16:23:12.92+02:00,2022,2022-01-01T00:00:00+01:00,2022-12-31T00:00:00+01:00
6579052,WHS4_544,COUNTRY,ZAF,AFR,YEAR,Africa,,,2021,,,,,,,86,86.0,,,,2025-07-14T16:23:12.92+02:00,2021,2021-01-01T00:00:00+01:00,2021-12-31T00:00:00+01:00
6598285,WHS4_544,COUNTRY,AFG,EMR,YEAR,Eastern Mediterranean,,,2017,,,,,,,64,64.0,,,,2025-07-14T16:23:12.92+02:00,2017,2017-01-01T00:00:00+01:00,2017-12-31T00:00:00+01:00
6605362,WHS4_544,COUNTRY,GHA,AFR,YEAR,Africa,,,2019,,,,,,,97,97.0,,,,2025-07-14T16:23:12.92+02:00,2019,2019-01-01T00:00:00+01:00,2019-12-31T00:00:00+01:00
6650303,WHS4_544,COUNTRY,PHL,WPR,YEAR,Western Pacific,,,2023,,,,,,,77,77.0,,,,2025-07-14T16:23:12.92+02:00,2023,2023-01-01T00:00:00+01:00,2023-12-31T00:00:00+01:00
6659764,WHS4_544,COUNTRY,JPN,WPR,YEAR,Western Pacific,,,2014,,,,,,,99,99.0,,,,2025-07-14T16:23:12.92+02:00,2014,2014-01-01T00:00:00+01:00,2014-12-31T00:00:00+01:00
6689673,WHS4_544,COUNTRY,CHN,WPR,YEAR,Western Pacific,,,2013,,,,,,,99,99.0,,,,2025-07-14T16:23:12.92+02:00,2013,2013-01-01T00:00:00+01:00,2013-12-31T00:00:00+01:00
6721657,WHS4_544,COUNTRY,MEX,AMR,YEAR,Americas,,,2018,,,,,,,88,88.0,,,,2025-07-14T16:23:12.92+02:00,2018,2018-01-01T00:00:00+01:00,2018-12-31T00:00:00+01:00
6742300,WHS4_544,COUNTRY,SGP,WPR,YEAR,Western Pacific,,,2015,,,,,,,96,96.0,,,,2025-07-14T16:23:12.92+02:00,2015,2015-01-01T00:00:00+01:00,2015-12-31T00:00:00+01:00
6841026,WHS4_544,COUNTRY,EGY,EMR,YEAR,Eastern Mediterranean,,,2015,,,,,,,93,93.0,,,,2025-07-14T16:23:12.92+02:00,2015,2015-01-01T00:00:00+01:00,2015-12-31T00:00:00+01:00
6845184,WHS4_544,COUNTRY,EGY,EMR,YEAR,Eastern Mediterranean,,,2021,,,,,,,96,96.0,,,,2025-07-14T16:23:12.92+02:00,2021,2021-01-01T00:00:00+01:00,2021-12-31T00:00:00+01:00
6960789,WHS4_544,COUNTRY,COL,AMR,YEAR,Americas,,,2018,,,,,,,92,92.0,,,,2025-07-14T16:23:12.92+02:00,2018,2018-01-01T00:00:00+01:00,2018-12-31T00:00:00+01:00
7005143,WHS4_544,COUNTRY,KEN,AFR,YEAR,Africa,,,2010,,,,,,,89,89.0,,,,2025-07-14T16:23:12.92+02:00,2010,2010-01-01T00:00:00+01:00,2010-12-31T00:00:00+01:00
7008749,WHS4_544,COUNTRY,NGA,AFR,YEAR,Africa,,,2021,,,,,,,59,59.0,,,,2025-07-14T16:23:12.92+02:00,2021,2021-01-01T00:00:00+01:00,2021-12-31T00:00:00+01:00
7026854,WHS4_544,COUNTRY,MEX,AMR,YEAR,Americas,,,2012,,,,,,,99,99.0,,,,2025-07-14T16:23:12.92+02:00,2012,2012-01-01T00:00:00+01:00,2012-12-31T00:00:00+01:00
7074039,WHS4_544,COUNTRY,TUR,EUR,YEAR,Europe,,,2017,,,,,,,96,96.0,,,,2025-07-14T16:23:12.92+02:00,2017,2017-01-01T00:00:00+01:00,2017-12-31T00:00:00+01:00
7074179,WHS4_544,COUNTRY,PHL,WPR,YEAR,Western Pacific,,,2018,,,,,,,84,84.0,,,,2025-07-14T16:23:12.92+02:00,2018,2018-01-01T00:00:00+01:00,2018-12-31T00:00:00+01:00
7101169,WHS4_544,COUNTRY,IDN,WPR,YEAR,Western Pacific,,,2022,,,,,,,91,91.0,,,,2025-07-14T16:23:12.92+02:00,2022,2022-01-01T00:00:00+01:00,2022-12-31T00:00:00+01:00
7124471,WHS4_544,COUNTRY,ZAF,AFR,YEAR,Africa,,,2022,,,,,,,85,85.0,,,,2025-07-14T16:23:12.92+02:00,2022,2022-01-01T00:00:00+01:00,2022-12-31T00:00:00+01:00
7196300,WHS4_544,COUNTRY,MEX,AMR,YEAR,Americas,,,2017,,,,,,,85,85.0,,,,2025-07-14T16:23:12.92+02:00,2017,2017-01-01T00:00:00+01:00,2017-12-31T00:00:00+01:00
7198789,WHS4_544,COUNTRY,CHL,AMR,YEAR,Americas,,,2020,,,,,,,93,93.0,,,,2025-07-14T16:23:12.92+02:00,2020,2020-01-01T00:00:00+01:00,2020-12-31T00:00:00+01:00
7226731,WHS4_544,COUNTRY,GHA,AFR,YEAR,Africa,,,2015,,,,,,,88,88.0,,,,2025-07-14T16:23:12.92+02:00,2015,2015-01-01T00:00:00+01:00,2015-12-31T00:00:00+01:00
7233183,WHS4_544,COUNTRY,KEN,AFR,YEAR,Africa,,,2022,,,,,,,91,91.0,,,,2025-07-14T16:23:12.92+02:00,2022,2022-01-01T00:00:00+01:00,2022-12-31T00:00:00+01:00
7244874,WHS4_544,COUNTRY,KEN,AFR,YEAR,Africa,,,2018,,,,,,,89,89.0,,,,2025-07-14T16:23:12.92+02:00,2018,2018-01-01T00:00:00+01:00,2018-12-31T00:00:00+01:00
7266610,WHS4_544,COUNTRY,CHL,AMR,YEAR,Americas,,,2023,,,,,,,96,96.0,,,,2025-07-14T16:23:12.92+02:00,2023,2023-01-01T00:00:00+01:00,2023-12-31T00:00:00+01:00
7269269,WHS4_544,COUNTRY,AFG,EMR,YEAR,Eastern Mediterranean,,,2012,,,,,,,67,67.0,,,,2025-07-14T16:23:12.92+02:00,2012,2012-01-01T00:00:00+01:00,2012-12-31T00:00:00+01:00
7274600,WHS4_544,COUNTRY,IDN,WPR,YEAR,Western Pacific,,,2015,,,,,,,85,85.0,,,,2025-07-14T16:23:12.92+02:00,2015,2015-01-01T00:00:00+01:00,2015-12-31T00:00:00+01:00
7362675,WHS4_544,COUNTRY,THA,SEAR,YEAR,South-East Asia,,,2011,,,,,,,99,99.0,,,,2025-07-14T16:23:12.92+02:00,2011,2011-01-01T00:00:00+01:00,2011-12-31T00:00:00+01:00
7368772,WHS4_544,COUNTRY,KOR,WPR,YEAR,Western Pacific,,,2021,,,,,,,98,98.0,,,,2025-07-14T16:23:12.92+02:00,2021,2021-01-01T00:00:00+01:00,2021-12-31T00:00:00+01:00
7390845,WHS4_544,COUNTRY,POL,EUR,YEAR,Europe,,,2016,,,,,,,92,92.0,,,,2025-07-14T16:23:12.92+02:00,2016,2016-01-01T00:00:00+01:00,2016-12-31T00:00:00+01:00
7446194,WHS4_544,COUNTRY,BGD,SEAR,YEAR,South-East Asia,,,2020,,,,,,,97,97.0,,,,2025-07-14T16:23:12.92+02:00,2020,2020-01-01T00:00:00+01:00,2020-12-31T00:00:00+01:00
7471261,WHS4_544,COUNTRY,EGY,EMR,YEAR,Eastern Mediterranean,,,2010,,,,,,,97,97.0,,,,2025-07-14T16:23:12.92+02:00,2010,2010-01-01T00:00:00+01:00,2010-12-31T00:00:00+01:00
7525742,WHS4_544,COUNTRY,EGY,EMR,YEAR,Eastern Mediterranean,,,2013,,,,,,,97,97.0,,,,2025-07-14T16:23:12.92+02:00,2013,2013-01-01T00:00:00+01:00,2013-12-31T00:00:00+01:00
7595515,WHS4_544,COUNTRY,ZAF,AFR,YEAR,Africa,,,2018,,,,,,,82,82.0,,,,2025-07-14T16:23:12.92+02:00,2018,2018-01-01T00:00:00+01:00,2018-12-31T00:00:00+01:00
7608196,WHS4_544,COUNTRY,SGP,WPR,YEAR,Western Pacific,,,2011,,,,,,,96,96.0,,,,2025-07-14T16:23:12.92+02:00,2011,2011-01-01T00:00:00+01:00,2011-12-31T00:00:00+01:00
7619203,WHS4_544,COUNTRY,KEN,AFR,YEAR,Africa,,,2021,,,,,,,95,95.0,,,,2025-07-14T16:23:12.92+02:00,2021,2021-01-01T00:00:00+01:00,2021-12-31T00:00:00+01:00
7644152,WHS4_544,COUNTRY,IDN,WPR,YEAR,Western Pacific,,,2019,,,,,,,85,85.0,,,,2025-07-14T16:23:12.92+02:00,2019,2019-01-01T00:00:00+01:00,2019-12-31T00:00:00+01:00
7675640,WHS4_544,COUNTRY,TUR,EUR,YEAR,Europe,,,2020,,,,,,,98,98.0,,,,2025-07-14T16:23:12.92+02:00,2020,2020-01-01T00:00:00+01:00,2020-12-31T00:00:00+01:00
7687926,WHS4_544,COUNTRY,JPN,WPR,YEAR,Western Pacific,,,2010,,,,,,,98,98.0,,,,2025-07-14T16:23:12.92+02:00,2010,2010-01-01T00:00:00+01:00,2010-12-31T00:00:00+01:00
7698824,WHS4_544,COUNTRY,CHL,AMR,YEAR,Americas,,,2021,,,,,,,95,95.0,,,,2025-07-14T16:23:12.92+02:00,2021,2021-01-01T00:00:00+01:00,2021-12-31T00:00:00+01:00
7721633,WHS4_544,COUNTRY,UGA,AFR,YEAR,Africa,,,2021,,,,,,,91,91.0,,,,2025-07-14T16:23:12.92+02:00,2021,2021-01-01T00:00:00+01:00,2021-12-31T00:00:00+01:00
7724927,WHS4_544,COUNTRY,BGD,SEAR,YEAR,South-East Asia,,,2016,,,,,,,98,98.0,,,,2025-07-14T16:23:12.92+02:00,2016,2016-01-01T00:00:00+01:00,2016-12-31T00:00:00+01:00
7734203,WHS4_544,COUNTRY,MDG,AFR,YEAR,Africa,,,2012,,,,,,,71,71.0,,,,2025-07-14T16:23:12.92+02:00,2012,2012-01-01T00:00:00+01:00,2012-12-31T00:00:00+01:00
