Id,IndicatorCode,SpatialDimType,SpatialDim,ParentLocationCode,TimeDimType,ParentLocation,Dim1Type,Dim1,TimeDim,Dim2Type,Dim2,Dim3Type,Dim3,DataSourceDimType,DataSourceDim,Value,NumericValue,Low,High,Comments,Date,TimeDimensionValue,TimeDimensionBegin,TimeDimensionEnd
2680640,WHS4_544,COUNTRY,TUR,EUR,YEAR,Europe,,,2016,,,,,,,98,98.0,,,,2025-07-14T16:23:12.92+02:00,2016,2016-01-01T00:00:00+01:00,2016-12-31T00:00:00+01:00
2694494,WHS4_544,COUNTRY,SGP,WPR,YEAR,Western Pacific,,,2023,,,,,,,98,98.0,,,,2025-07-14T16:23:12.92+02:00,2023,2023-01-01T00:00:00+01:00,2023-12-31T00:00:00+01:00
2731939,WHS4_544,COUNTRY,PHL,WPR,YEAR,Western Pacific,,,2024,,,,,,,88,88.0,,,,2025-07-14T16:23:12.92+02:00,2024,2024-01-01T00:00:00+01:00,2024-12-31T00:00:00+01:00
2754141,WHS4_544,COUNTRY,ZAF,AFR,YEAR,Africa,,,2011,,,,,,,71,71.0,,,,2025-07-14T16:23:12.92+02:00,2011,2011-01-01T00:00:00+01:00,2011-12-31T00:00:00+01:00
2762454,WHS4_544,COUNTRY,EGY,EMR,YEAR,Eastern Mediterranean,,,2011,,,,,,,96,96.0,,,,2025-07-14T16:23:12.92+02:00,2011,2011-01-01T00:00:00+01:00,2011-12-31T00:00:00+01:00
2776050,WHS4_544,COUNTRY,PHL,WPR,YEAR,Western Pacific,,,2022,,,,,,,83,83.0,,,,2025-07-14T16:23:12.92+02:00,2022,2022-01-01T00:00:00+01:00,2022-12-31T00:00:00+01:00
2803786,WHS4_544,COUNTRY,KOR,WPR,YEAR,Western Pacific,,,2020,,,,,,,98,98.0,,,,2025-07-14T16:23:12.92+02:00,2020,2020-01-01T00:00:00+01:00,2020-12-31T00:00:00+01:00
2815368,WHS4_544,COUNTRY,PAK,EMR,YEAR,Eastern Mediterranean,,,2022,,,,,,,85,85.0,,,,2025-07-14T16:23:12.92+02:00,2022,2022-01-01T00:00:00+01:00,2022-12-31T00:00:00+01:00
2826458,WHS4_544,COUNTRY,UGA,AFR,YEAR,Africa,,,2012,,,,,,,79,79.0,,,,2025-07-14T16:23:12.92+02:00,2012,2012-01-01T00:00:00+01:00,2012-12-31T00:00:00+01:00
2888971,WHS4_544,COUNTRY,GHA,AFR,YEAR,Africa,,,2020,,,,,,,92,92.0,,,,2025-07-14T16:23:12.92+02:00,2020,2020-01-01T00:00:00+01:00,2020-12-31T00:00:00+01:00
2890532,WHS4_544,COUNTRY,GHA,AFR,YEAR,Africa,,,2023,,,,,,,91,91.0,,,,2025-07-14T16:23:12.92+02:00,2023,2023-01-01T00:00:00+01:00,2023-12-31T00:00:00+01:00
2897399,WHS4_544,COUNTRY,COL,AMR,YEAR,Americas,,,2019,,,,,,,94,94.0,,,,2025-07-14T16:23:12.92+02:00,2019,2019-01-01T00:00:00+01:00,2019-12-31T00:00:00+01:00
2939154,WHS4_544,COUNTRY,BGD,SEAR,YEAR,South-East Asia,,,2013,,,,,,,96,96.0,,,,2025-07-14T16:23:12.92+02:00,2013,2013-01-01T00:00:00+01:00,2013-12-31T00:00:00+01:00
2954939,WHS4_544,COUNTRY,JPN,WPR,YEAR,Western Pacific,,,2023,,,,,,,98,98.0,,,,2025-07-14T16:23:12.92+02:00,2023,2023-01-01T00:00:00+01:00,2023-12-31T00:00:00+01:00
2976474,WHS4_544,COUNTRY,RWA,AFR,YEAR,Africa,,,2012,,,,,,,98,98.0,,,,2025-07-14T16:23:12.92+02:00,2012,2012-01-01T00:00:00+01:00,2012-12-31T00:00:00+01:00
2987619,WHS4_544,COUNTRY,JPN,WPR,YEAR,Western Pacific,,,2020,,,,,,,96,96.0,,,,2025-07-14T16:23:12.92+02:00,2020,2020-01-01T00:00:00+01:00,2020-12-31T00:00:00+01:00
3017928,WHS4_544,COUNTRY,JPN,WPR,YEAR,Western Pacific,,,2011,,,,,,,96,96.0,,,,2025-07-14T16:23:12.92+02:00,2011,2011-01-01T00:00:00+01:00,2011-12-31T00:00:00+01:00
3020176,WHS4_544,COUNTRY,KEN,AFR,YEAR,Africa,,,2023,,,,,,,92,92.0,,,,2025-07-14T16:23:12.92+02:00,2023,2023-01-01T00:00:00+01:00,2023-12-31T00:00:00+01:00
3023264,WHS4_544,COUNTRY,SGP,WPR,YEAR,Western Pacific,,,2018,,,,,,,97,97.0,,,,2025-07-14T16:23:12.92+02:00,2018,2018-01-01T00:00:00+01:00,2018-12-31T00:00:00+01:00
3096271,WHS4_544,COUNTRY,RWA,AFR,YEAR,Africa,,,2023,,,,,,,94,94.0,,,,2025-07-14T16:23:12.92+02:00,2023,2023-01-01T00:00:00+01:00,2023-12-31T00:00:00+01:00
3128677,WHS4_544,COUNTRY,IDN,WPR,YEAR,Western Pacific,,,2023,,,,,,,82,82.0,,,,2025-07-14T16:23:12.92+02:00,2023,2023-01-01T00:00:00+01:00,2023-12-31T00:00:00+01:00
3271043,WHS4_544,COUNTRY,BGD,SEAR,YEAR,South-East Asia,,,2015,,,,,,,98,98.0,,,,2025-07-14T16:23:12.92+02:00,2015,2015-01-01T00:00:00+01:00,2015-12-31T00:00:00+01:00
3280984,WHS4_544,COUNTRY,THA,SEAR,YEAR,South-East Asia,,,2012,,,,,,,99,99.0,,,,2025-07-14T16:23:12.92+02:00,2012,2012-01-01T00:00:00+01:00,2012-12-31T00:00:00+01:00
3323537,WHS4_544,COUNTRY,GHA,AFR,YEAR,Africa,,,2016,,,,,,,95,95.0,,,,2025-07-14T16:23:12.92+02:00,2016,2016-01-01T00:00:00+01:00,2016-12-31T00:00:00+01:00
3329923,WHS4_544,COUNTRY,EGY,EMR,YEAR,Eastern Mediterranean,,,2014,,,,,,,94,94.0,,,,2025-07-14T16:23:12.92+02:00,2014,2014-01-01T00:00:00+01:00,2014-12-31T00:00:00+01:00
3360543,WHS4_544,COUNTRY,NGA,AFR,YEAR,Africa,,,2020,,,,,,,62,62.0,,,,2025-07-14T16:23:12.92+02:00,2020,2020-01-01T00:00:00+01:00,2020-12-31T00:00:00+01:00
3364506,WHS4_544,COUNTRY,ZAF,AFR,YEAR,Africa,,,2023,,,,,,,79,79.0,,,,2025-07-14T16:23:12.92+02:00,2023,2023-01-01T00:00:00+01:00,2023-12-31T00:00:00+01:00
3377454,WHS4_544,COUNTRY,PHL,WPR,YEAR,Western Pacific,,,2013,,,,,,,85,85.0,,,,2025-07-14T16:23:12.92+02:00,2013,2013-01-01T00:00:00+01:00,2013-12-31T00:00:00+01:00
3404476,WHS4_544,COUNTRY,TUR,EUR,YEAR,Europe,,,2010,,,,,,,97,97.0,,,,2025-07-14T16:23:12.92+02:00,2010,2010-01-01T00:00:00+01:00,2010-12-31T00:00:00+01:00
3468021,WHS4_544,COUNTRY,SGP,WPR,YEAR,Western Pacific,,,2014,,,,,,,96,96.0,,,,2025-07-14T16:23:12.92+02:00,2014,2014-01-01T00:00:00+01:00,2014-12-31T00:00:00+01:00
3504379,WHS4_544,COUNTRY,AFG,EMR,YEAR,Eastern Mediterranean,,,2021,,,,,,,55,55.0,,,,2025-07-14T16:23:12.92+02:00,2021,2021-01-01T00:00:00+01:00,2021-12-31T00:00:00+01:00
3516880,WHS4_544,COUNTRY,SGP,WPR,YEAR,Western Pacific,,,2020,,,,,,,98,98.0,,,,2025-07-14T16:23:12.92+02:00,2020,2020-01-01T00:00:00+01:00,2020-12-31T00:00:00+01:00
3521107,WHS4_544,COUNTRY,RWA,AFR,YEAR,Africa,,,2014,,,,,,,98,98.0,,,,2025-07-14T16:23:12.92+02:00,2014,2014-01-01T00:00:00+01:00,2014-12-31T00:00:00+01:00
3532024,WHS4_544,COUNTRY,THA,SEAR,YEAR,South-East Asia,,,2016,,,,,,,99,99.0,,,,2025-07-14T16:23:12.92+02:00,2016,2016-01-01T00:00:00+01:00,2016-12-31T00:00:00+01:00
3566927,WHS4_544,COUNTRY,JPN,WPR,YEAR,Western Pacific,,,2022,,,,,,,99,99.0,,,,2025-07-14T16:23:12.92+02:00,2022,2022-01-01T00:00:00+01:00,2022-12-31T00:00:00+01:00
3645089,WHS4_544,COUNTRY,IND,SEAR,YEAR,South-East Asia,,,2010,,,,,,,76,76.0,,,,2025-07-14T16:23:12.92+02:00,2010,2010-01-01T00:00:00+01:00,2010-12-31T00:00:00+01:00
3650128,WHS4_544,COUNTRY,UGA,AFR,YEAR,Africa,,,2015,,,,,,,85,85.0,,,,2025-07-14T16:23:12.92+02:00,2015,2015-01-01T00:00:00+01:00,2015-12-31T00:00:00+01:00
3669314,WHS4_544,COUNTRY,SGP,WPR,YEAR,Western Pacific,,,2010,,,,,,,96,96.0,,,,2025-07-14T16:23:12.92+02:00,2010,2010-01-01T00:00:00+01:00,2010-12-31T00:00:00+01:00
3715892,WHS4_544,COUNTRY,JPN,WPR,YEAR,Western Pacific,,,2021,,,,,,,99,99.0,,,,2025-07-14T16:23:12.92+02:00,2021,2021-01-01T00:00:00+01:00,2021-12-31T00:00:00+01:00
3732232,WHS4_544,COUNTRY,MEX,AMR,YEAR,Americas,,,2024,,,,,,,78,78.0,,,,2025-07-14T16:23:12.92+02:00,2024,2024-01-01T00:00:00+01:00,2024-12-31T00:00:00+01:00
3784071,WHS4_544,COUNTRY,BRA,AMR,YEAR,Americas,,,2015,,,,,,,98,98.0,,,,2025-07-14T16:23:12.92+02:00,2015,2015-01-01T00:00:00+01:00,2015-12-31T00:00:00+01:00
3797315,WHS4_544,COUNTRY,BRA,AMR,YEAR,Americas,,,2022,,,,,,,75,75.0,,,,2025-07-14T16:23:12.92+02:00,2022,2022-01-01T00:00:00+01:00,2022-12-31T00:00:00+01:00
4188,WHS4_544,COUNTRY,PAK,EMR,YEAR,Eastern Mediterranean,,,2023,,,,,,,86,86.0,,,,2025-07-14T16:23:12.92+02:00,2023,2023-01-01T00:00:00+01:00,2023-12-31T00:00:00+01:00
13586,WHS4_544,COUNTRY,GHA,AFR,YEAR,Africa,,,2013,,,,,,,91,91.0,,,,2025-07-14T16:23:12.92+02:00,2013,2013-01-01T00:00:00+01:00,2013-12-31T00:00:00+01:00
78217,WHS4_544,COUNTRY,KOR,WPR,YEAR,Western Pacific,,,2024,,,,,,,97,97.0,,,,2025-07-14T16:23:12.92+02:00,2024,2024-01-01T00:00:00+01:00,2024-12-31T00:00:00+01:00
80627,WHS4_544,COUNTRY,AFG,EMR,YEAR,Eastern Mediterranean,,,2022,,,,,,,60,60.0,,,,2025-07-14T16:23:12.92+02:00,2022,2022-01-01T00:00:00+01:00,2022-12-31T00:00:00+01:00
176445,WHS4_544,COUNTRY,IND,SEAR,YEAR,South-East Asia,,,2018,,,,,,,90,90.0,,,,2025-07-14T16:23:12.92+02:00,2018,2018-01-01T00:00:00+01:00,2018-12-31T00:00:00+01:00
193921,WHS4_544,COUNTRY,POL,EUR,YEAR,Europe,,,2015,,,,,,,93,93.0,,,,2025-07-14T16:23:12.92+02:00,2015,2015-01-01T00:00:00+01:00,2015-12-31T00:00:00+01:00
193969,WHS4_544,COUNTRY,RWA,AFR,YEAR,Africa,,,2013,,,,,,,98,98.0,,,,2025-07-14T16:23:12.92+02:00,2013,2013-01-01T00:00:00+01:00,2013-12-31T00:00:00+01:00
202064,WHS4_544,COUNTRY,EGY,EMR,YEAR,Eastern Mediterranean,,,2016,,,,,,,95,95.0,,,,2025-07-14T16:23:12.92+02:00,2016,2016-01-01T00:00:00+01:00,2016-12-31T00:00:00+01:00
287410,WHS4_544,COUNTRY,CHN,WPR,YEAR,Western Pacific,,,2010,,,,,,,99,99.0,,,,2025-07-14T16:23:12.92+02:00,2010,2010-01-01T00:00:00+01:00,2010-12-31T00:00:00+01:00
376385,WHS4_544,COUNTRY,TUR,EUR,YEAR,Europe,,,2013,,,,,,,98,98.0,,,,2025-07-14T16:23:12.92+02:00,2013,2013-01-01T00:00:00+01:00,2013-12-31T00:00:00+01:00
416676,WHS4_544,COUNTRY,UGA,AFR,YEAR,Africa,,,2020,,,,,,,88,88.0,,,,2025-07-14T16:23:12.92+02:00,2020,2020-01-01T00:00:00+01:00,2020-12-31T00:00:00+01:00
425233,WHS4_544,COUNTRY,BRA,AMR,YEAR,Americas,,,2024,,,,,,,82,82.0,,,,2025-07-14T16:23:12.92+02:00,2024,2024-01-01T00:00:00+01:00,2024-12-31T00:00:00+01:00
428955,WHS4_544,COUNTRY,COL,AMR,YEAR,Americas,,,2012,,,,,,,91,91.0,,,,2025-07-14T16:23:12.92+02:00,2012,2012-01-01T00:00:00+01:00,2012-12-31T00:00:00+01:00
435079,WHS4_544,COUNTRY,SGP,WPR,YEAR,Western Pacific,,,2024,,,,,,,97,97.0,,,,2025-07-14T16:23:12.92+02:00,2024,2024-01-01T00:00:00+01:00,2024-12-31T00:00:00+01:00
445946,WHS4_544,COUNTRY,EGY,EMR,YEAR,Eastern Mediterranean,,,2022,,,,,,,97,97.0,,,,2025-07-14T16:23:12.92+02:00,2022,2022-01-01T00:00:00+01:00,2022-12-31T00:00:00+01:00
468866,WHS4_544,COUNTRY,MDG,AFR,YEAR,Africa,,,2021,,,,,,,55,55.0,,,,2025-07-14T16:23:12.92+02:00,2021,2021-01-01T00:00:00+01:00,2021-12-31T00:00:00+01:00
481192,WHS4_544,COUNTRY,BRA,AMR,YEAR,Americas,,,2016,,,,,,,72,72.0,,,,2025-07-14T16:23:12.92+02:00,2016,2016-01-01T00:00:00+01:00,2016-12-31T00:00:00+01:00
487425,WHS4_544,COUNTRY,UGA,AFR,YEAR,Africa,,,2014,,,,,,,78,78.0,,,,2025-07-14T16:23:12.92+02:00,2014,2014-01-01T00:00:00+01:00,2014-12-31T00:00:00+01:00
504868,WHS4_544,COUNTRY,MDG,AFR,YEAR,Africa,,,2016,,,,,,,72,72.0,,,,2025-07-14T16:23:12.92+02:00,2016,2016-01-01T00:00:00+01:00,2016-12-31T00:00:00+01:00
550716,WHS4_544,COUNTRY,TUR,EUR,YEAR,Europe,,,2024,,,,,,,99,99.0,,,,2025-07-14T16:23:12.92+02:00,2024,2024-01-01T00:00:00+01:00,2024-12-31T00:00:00+01:00
584154,WHS4_544,COUNTRY,CHL,AMR,YEAR,Americas,,,2011,,,,,,,93,93.0,,,,2025-07-14T16:23:12.92+02:00,2011,2011-01-01T00:00:00+01:00,2011-12-31T00:00:00+01:00
606835,WHS4_544,COUNTRY,KEN,AFR,YEAR,Africa,,,2019,,,,,,,88,88.0,,,,2025-07-14T16:23:12.92+02:00,2019,2019-01-01T00:00:00+01:00,2019-12-31T00:00:00+01:00
631795,WHS4_544,COUNTRY,IND,SEAR,YEAR,South-East Asia,,,2011,,,,,,,79,79.0,,,,2025-07-14T16:23:12.92+02:00,2011,2011-01-01T00:00:00+01:00,2011-12-31T00:00:00+01:00
633501,WHS4_544,COUNTRY,BGD,SEAR,YEAR,South-East Asia,,,2018,,,,,,,98,98.0,,,,2025-07-14T16:23:12.92+02:00,2018,2018-01-01T00:00:00+01:00,2018-12-31T00:00:00+01:00
634569,WHS4_544,COUNTRY,ZAF,AFR,YEAR,Africa,,,2015,,,,,,,85,85.0,,,,2025-07-14T16:23:12.92+02:00,2015,2015-01-01T00:00:00+01:00,2015-12-31T00:00:00+01:00
638416,WHS4_544,COUNTRY,COL,AMR,YEAR,Americas,,,2016,,,,,,,91,91.0,,,,2025-07-14T16:23:12.92+02:00,2016,2016-01-01T00:00:00+01:00,2016-12-31T00:00:00+01:00
676297,WHS4_544,COUNTRY,RWA,AFR,YEAR,Africa,,,2019,,,,,,,98,98.0,,,,2025-07-14T16:23:12.92+02:00,2019,2019-01-01T00:00:00+01:00,2019-12-31T00:00:00+01:00
678442,WHS4_544,COUNTRY,COL,AMR,YEAR,Americas,,,2013,,,,,,,91,91.0,,,,2025-07-14T16:23:12.92+02:00,2013,2013-01-01T00:00:00+01:00,2013-12-31T00:00:00+01:00
684444,WHS4_544,COUNTRY,IDN,WPR,YEAR,Western Pacific,,,2010,,,,,,,82,82.0,,,,2025-07-14T16:23:12.92+02:00,2010,2010-01-01T00:00:00+01:00,2010-12-31T00:00:00+01:00
690460,WHS4_544,COUNTRY,MEX,AMR,YEAR,Americas,,,2010,,,,,,,95,95.0,,,,2025-07-14T16:23:12.92+02:00,2010,2010-01-01T00:00:00+01:00,2010-12-31T00:00:00+01:00
710264,WHS4_544,COUNTRY,POL,EUR,YEAR,Europe,,,2024,,,,,,,86,86.0,,,,2025-07-14T16:23:12.92+02:00,2024,2024-01-01T00:00:00+01:00,2024-12-31T00:00:00+01:00
713121,WHS4_544,COUNTRY,SGP,WPR,YEAR,Western Pacific,,,2019,,,,,,,97,97.0,,,,2025-07-14T16:23:12.92+02:00,2019,2019-01-01T00:00:00+01:00,2019-12-31T00:00:00+01:00
762320,WHS4_544,COUNTRY,IND,SEAR,YEAR,South-East Asia,,,2024,,,,,,,93,93.0,,,,2025-07-14T16:23:12.92+02:00,2024,2024-01-01T00:00:00+01:00,2024-12-31T00:00:00+01:00
779810,WHS4_544,COUNTRY,CHL,AMR,YEAR,Americas,,,2010,,,,,,,92,92.0,,,,2025-07-14T16:23:12.92+02:00,2010,2010-01-01T00:00:00+01:00,2010-12-31T00:00:00+01:00
791214,WHS4_544,COUNTRY,BRA,AMR,YEAR,Americas,,,2021,,,,,,,68,68.0,,,,2025-07-14T16:23:12.92+02:00,2021,2021-01-01T00:00:00+01:00,2021-12-31T00:00:00+01:00
792677,WHS4_544,COUNTRY,THA,SEAR,YEAR,South-East Asia,,,2013,,,,,,,99,99.0,,,,2025-07-14T16:23:12.92+02:00,2013,2013-01-01T00:00:00+01:00,2013-12-31T00:00:00+01:00
844700,WHS4_544,COUNTRY,EGY,EMR,YEAR,Eastern Mediterranean,,,2019,,,,,,,95,95.0,,,,2025-07-14T16:23:12.92+02:00,2019,2019-01-01T00:00:00+01:00,2019-12-31T00:00:00+01:00
853656,WHS4_544,COUNTRY,CHL,AMR,YEAR,Americas,,,2014,,,,,,,95,95.0,,,,2025-07-14T16:23:12.92+02:00,2014,2014-01-01T00:00:00+01:00,2014-12-31T00:00:00+01:00
886572,WHS4_544,COUNTRY,THA,SEAR,YEAR,South-East Asia,,,2022,,,,,,,93,93.0,,,,2025-07-14T16:23:12.92+02:00,2022,2022-01-01T00:00:00+01:00,2022-12-31T00:00:00+01:00
888037,WHS4_544,COUNTRY,BGD,SEAR,YEAR,South-East Asia,,,2010,,,,,,,94,94.0,,,,2025-07-14T16:23:12.92+02:00,2010,2010-01-01T00:00:00+01:00,2010-12-31T00:00:00+01:00
889194,WHS4_544,COUNTRY,PHL,WPR,YEAR,Western Pacific,,,2015,,,,,,,79,79.0,,,,2025-07-14T16:23:12.92+02:00,2015,2015-01-01T00:00:00+01:00,2015-12-31T00:00:00+01:00
908246,WHS4_544,COUNTRY,JPN,WPR,YEAR,Western Pacific,,,2016,,,,,,,99,99.0,,,,2025-07-14T16:23:12.92+02:00,2016,2016-01-01T00:00:00+01:00,2016-12-31T00:00:00+01:00
915914,WHS4_544,COUNTRY,TUR,EUR,YEAR,Europe,,,2015,,,,,,,97,97.0,,,,2025-07-14T16:23:12.92+02:00,2015,2015-01-01T00:00:00+01:00,2015-12-31T00:00:00+01:00
923257,WHS4_544,COUNTRY,GHA,AFR,YEAR,Africa,,,2011,,,,,,,91,91.0,,,,2025-07-14T16:23:12.92+02:00,2011,2011-01-01T00:00:00+01:00,2011-12-31T00:00:00+01:00
1015552,WHS4_544,COUNTRY,GHA,AFR,YEAR,Africa,,,2021,,,,,,,98,98.0,,,,2025-07-14T16:23:12.92+02:00,2021,2021-01-01T00:00:00+01:00,2021-12-31T00:00:00+01:00
1066343,WHS4_544,COUNTRY,THA,SEAR,YEAR,South-East Asia,,,2020,,,,,,,97,97.0,,,,2025-07-14T16:23:12.92+02:00,2020,2020-01-01T00:00:00+01:00,2020-12-31T00:00:00+01:00
1073398,WHS4_544,COUNTRY,EGY,EMR,YEAR,Eastern Mediterranean,,,2017,,,,,,,94,94.0,,,,2025-07-14T16:23:12.92+02:00,2017,2017-01-01T00:00:00+01:00,2017-12-31T00:00:00+01:00
1113821,WHS4_544,COUNTRY,IND,SEAR,YEAR,South-East Asia,,,2013,,,,,,,82,82.0,,,,2025-07-14T16:23:12.92+02:00,2013,2013-01-01T00:00:00+01:00,2013-12-31T00:00:00+01:00
1114148,WHS4_544,COUNTRY,TUR,EUR,YEAR,Europe,,,2011,,,,,,,97,97.0,,,,2025-07-14T16:23:12.92+02:00,2011,2011-01-01T00:00:00+01:00,2011-12-31T00:00:00+01:00
1216334,WHS4_544,COUNTRY,UGA,AFR,YEAR,Africa,,,2016,,,,,,,88,88.0,,,,2025-07-14T16:23:12.92+02:00,2016,2016-01-01T00:00:00+01:00,2016-12-31T00:00:00+01:00
1297839,WHS4_544,COUNTRY,NGA,AFR,YEAR,Africa,,,2010,,,,,,,54,54.0,,,,2025-07-14T16:23:12.92+02:00,2010,2010-01-01T00:00:00+01:00,2010-12-31T00:00:00+01:00
1307721,WHS4_544,COUNTRY,IDN,WPR,YEAR,Western Pacific,,,2013,,,,,,,92,92.0,,,,2025-07-14T16:23:12.92+02:00,2013,2013-01-01T00:00:00+01:00,2013-12-31T00:00:00+01:00
1314877,WHS4_544,COUNTRY,KOR,WPR,YEAR,Western Pacific,,,2011,,,,,,,98,98.0,,,,2025-07-14T16:23:12.92+02:00,2011,2011-01-01T00:00:00+01:00,2011-12-31T00:00:00+01:00
1324628,WHS4_544,COUNTRY,PAK,EMR,YEAR,Eastern Mediterranean,,,2017,,,,,,,75,75.0,,,,2025-07-14T16:23:12.92+02:00,2017,2017-01-01T00:00:00+01:00,2017-12-31T00:00:00+01:00
1351172,WHS4_544,COUNTRY,KEN,AFR,YEAR,Africa,,,2013,,,,,,,92,92.0,,,,2025-07-14T16:23:12.92+02:00,2013,2013-01-01T00:00:00+01:00,2013-12-31T00:00:00+01:00
1404460,WHS4_544,COUNTRY,CHL,AMR,YEAR,Americas,,,2017,,,,,,,93,93.0,,,,2025-07-14T16:23:12.92+02:00,2017,2017-01-01T00:00:00+01:00,2017-12-31T00:00:00+01:00
1506793,WHS4_544,COUNTRY,THA,SEAR,YEAR,South-East Asia,,,2017,,,,,,,99,99.0,,,,2025-07-14T16:23:12.92+02:00,2017,2017-01-01T00:00:00+01:00,2017-12-31T00:00:00+01:00
1518750,WHS4_544,COUNTRY,PAK,EMR,YEAR,Eastern Mediterranean,,,2016,,,,,,,75,75.0,,,,2025-07-14T16:23:12.92+02:00,2016,2016-01-01T00:00:00+01:00,2016-12-31T00:00:00+01:00
1524154,WHS4_544,COUNTRY,IDN,WPR,YEAR,Western Pacific,,,2011,,,,,,,81,81.0,,,,2025-07-14T16:23:12.92+02:00,2011,2011-01-01T00:00:00+01:00,2011-12-31T00:00:00+01:00
1527577,WHS4_544,COUNTRY,POL,EUR,YEAR,Europe,,,2022,,,,,,,85,85.0,,,,2025-07-14T16:23:12.92+02:00,2022,2022-01-01T00:00:00+01:00,2022-12-31T00:00:00+01:00
1553243,WHS4_544,COUNTRY,GHA,AFR,YEAR,Africa,,,2022,,,,,,,90,90.0,,,,2025-07-14T16:23:12.92+02:00,2022,2022-01-01T00:00:00+01:00,2022-12-31T00:00:00+01:00
1569466,WHS4_544,COUNTRY,PAK,EMR,YEAR,Eastern Mediterranean,,,2018,,,,,,,75,75.0,,,,2025-07-14T16:23:12.92+02:00,2018,2018-01-01T00:00:00+01:00,2018-12-31T00:00:00+01:00
1583092,WHS4_544,COUNTRY,MDG,AFR,YEAR,Africa,,,2019,,,,,,,69,69.0,,,,2025-07-14T16:23:12.92+02:00,2019,2019-01-01T00:00:00+01:00,2019-12-31T00:00:00+01:00
1611425,WHS4_544,COUNTRY,KEN,AFR,YEAR,Africa,,,2016,,,,,,,83,83.0,,,,2025-07-14T16:23:12.92+02:00,2016,2016-01-01T00:00:00+01:00,2016-12-31T00:00:00+01:00
1625156,WHS4_544,COUNTRY,TUR,EUR,YEAR,Europe,,,2012,,,,,,,97,97.0,,,,2025-07-14T16:23:12.92+02:00,2012,2012-01-01T00:00:00+01:00,2012-12-31T00:00:00+01:00
1648760,WHS4_544,COUNTRY,BRA,AMR,YEAR,Americas,,,2019,,,,,,,85,85.0,,,,2025-07-14T16:23:12.92+02:00,2019,2019-01-01T00:00:00+01:00,2019-12-31T00:00:00+01:00
1652517,WHS4_544,COUNTRY,CHN,WPR,YEAR,Western Pacific,,,2012,,,,,,,99,99.0,,,,2025-07-14T16:23:12.92+02:00,2012,2012-01-01T00:00:00+01:00,2012-12-31T00:00:00+01:00
1713012,WHS4_544,COUNTRY,CHL,AMR,YEAR,Americas,,,2012,,,,,,,90,90.0,,,,2025-07-14T16:23:12.92+02:00,2012,2012-01-01T00:00:00+01:00,2012-12-31T00:00:00+01:00
1716548,WHS4_544,COUNTRY,IND,SEAR,YEAR,South-East Asia,,,2016,,,,,,,86,86.0,,,,2025-07-14T16:23:12.92+02:00,2016,2016-01-01T00:00:00+01:00,2016-12-31T00:00:00+01:00
1766836,WHS4_544,COUNTRY,ZAF,AFR,YEAR,Africa,,,2016,,,,,,,85,85.0,,,,2025-07-14T16:23:12.92+02:00,2016,2016-01-01T00:00:00+01:00,2016-12-31T00:00:00+01:00
1775519,WHS4_544,COUNTRY,IDN,WPR,YEAR,Western Pacific,,,2020,,,,,,,76,76.0,,,,2025-07-14T16:23:12.92+02:00,2020,2020-01-01T00:00:00+01:00,2020-12-31T00:00:00+01:00
1778836,WHS4_544,COUNTRY,UGA,AFR,YEAR,Africa,,,2024,,,,,,,89,89.0,,,,2025-07-14T16:23:12.92+02:00,2024,2024-01-01T00:00:00+01:00,2024-12-31T00:00:00+01:00
1787317,WHS4_544,COUNTRY,MDG,AFR,YEAR,Africa,,,2022,,,,,,,55,55.0,,,,2025-07-14T16:23:12.92+02:00,2022,2022-01-01T00:00:00+01:00,2022-12-31T00:00:00+01:00
1867694,WHS4_544,COUNTRY,NGA,AFR,YEAR,Africa,,,2014,,,,,,,42,42.0,,,,2025-07-14T16:23:12.92+02:00,2014,2014-01-01T00:00:00+01:00,2014-12-31T00:00:00+01:00
1884490,WHS4_544,COUNTRY,EGY,EMR,YEAR,Eastern Mediterranean,,,2020,,,,,,,95,95.0,,,,2025-07-14T16:23:12.92+02:00,2020,2020-01-01T00:00:00+01:00,2020-12-31T00:00:00+01:00
1935978,WHS4_544,COUNTRY,ZAF,AFR,YEAR,Africa,,,2012,,,,,,,69,69.0,,,,2025-07-14T16:23:12.92+02:00,2012,2012-01-01T00:00:00+01:00,2012-12-31T00:00:00+01:00
1940449,WHS4_544,COUNTRY,NGA,AFR,YEAR,Africa,,,2019,,,,,,,66,66.0,,,,2025-07-14T16:23:12.92+02:00,2019,2019-01-01T00:00:00+01:00,2019-12-31T00:00:00+01:00
1981487,WHS4_544,COUNTRY,MEX,AMR,YEAR,Americas,,,2014,,,,,,,87,87.0,,,,2025-07-14T16:23:12.92+02:00,2014,2014-01-01T00:00:00+01:00,2014-12-31T00:00:00+01:00
1988564,WHS4_544,COUNTRY,IDN,WPR,YEAR,Western Pacific,,,2014,,,,,,,90,90.0,,,,2025-07-14T16:23:12.92+02:00,2014,2014-01-01T00:00:00+01:00,2014-12-31T00:00:00+01:00
2057088,WHS4_544,COUNTRY,PAK,EMR,YEAR,Eastern Mediterranean,,,2019,,,,,,,84,84.0,,,,2025-07-14T16:23:12.92+02:00,2019,2019-01-01T00:00:00+01:00,2019-12-31T00:00:00+01:00
2096092,WHS4_544,COUNTRY,CHL,AMR,YEAR,Americas,,,2015,,,,,,,96,96.0,,,,2025-07-14T16:23:12.92+02:00,2015,2015-01-01T00:00:00+01:00,2015-12-31T00:00:00+01:00
2159212,WHS4_544,COUNTRY,THA,SEAR,YEAR,South-East Asia,,,2024,,,,,,,93,93.0,,,,2025-07-14T16:23:12.92+02:00,2024,2024-01-01T00:00:00+01:00,2024-12-31T00:00:00+01:00
2206817,WHS4_544,COUNTRY,PHL,WPR,YEAR,Western Pacific,,,2017,,,,,,,82,82.0,,,,2025-07-14T16:23:12.92+02:00,2017,2017-01-01T00:00:00+01:00,2017-12-31T00:00:00+01:00
2247842,WHS4_544,COUNTRY,COL,AMR,YEAR,Americas,,,2023,,,,,,,90,90.0,,,,2025-07-14T16:23:12.92+02:00,2023,2023-01-01T00:00:00+01:00,2023-12-31T00:00:00+01:00
2277200,WHS4_544,COUNTRY,AFG,EMR,YEAR,Eastern Mediterranean,,,2011,,,,,,,68,68.0,,,,2025-07-14T16:23:12.92+02:00,2011,2011-01-01T00:00:00+01:00,2011-12-31T00:00:00+01:00
2277451,WHS4_544,COUNTRY,PAK,EMR,YEAR,Eastern Mediterranean,,,2015,,,,,,,72,72.0,,,,2025-07-14T16:23:12.92+02:00,2015,2015-01-01T00:00:00+01:00,2015-12-31T00:00:00+01:00
2299592,WHS4_544,COUNTRY,EGY,EMR,YEAR,Eastern Mediterranean,,,2023,,,,,,,96,96.0,,,,2025-07-14T16:23:12.92+02:00,2023,2023-01-01T00:00:00+01:00,2023-12-31T00:00:00+01:00
2329765,WHS4_544,COUNTRY,UGA,AFR,YEAR,Africa,,,2017,,,,,,,90,90.0,,,,2025-07-14T16:23:12.92+02:00,2017,2017-01-01T00:00:00+01:00,2017-12-31T00:00:00+01:00
2368136,WHS4_544,COUNTRY,JPN,WPR,YEAR,Western Pacific,,,2017,,,,,,,97,97.0,,,,2025-07-14T16:23:12.92+02:00,2017,2017-01-01T00:00:00+01:00,2017-12-31T00:00:00+01:00
2385554,WHS4_544,COUNTRY,KOR,WPR,YEAR,Western Pacific,,,2022,,,,,,,97,97.0,,,,2025-07-14T16:23:12.92+02:00,2022,2022-01-01T00:00:00+01:00,2022-12-31T00:00:00+01:00
2387239,WHS4_544,COUNTRY,AFG,EMR,YEAR,Eastern Mediterranean,,,2014,,,,,,,63,63.0,,,,2025-07-14T16:23:12.92+02:00,2014,2014-01-01T00:00:00+01:00,2014-12-31T00:00:00+01:00
2395346,WHS4_544,COUNTRY,CHN,WPR,YEAR,Western Pacific,,,2015,,,,,,,99,99.0,,,,2025-07-14T16:23:12.92+02:00,2015,2015-01-01T00:00:00+01:00,2015-12-31T00:00:00+01:00
2400327,WHS4_544,COUNTRY,CHN,WPR,YEAR,Western Pacific,,,2018,,,,,,,99,99.0,,,,2025-07-14T16:23:12.92+02:00,2018,2018-01-01T00:00:00+01:00,2018-12-31T00:00:00+01:00
2438310,WHS4_544,COUNTRY,BGD,SEAR,YEAR,South-East Asia,,,2021,,,,,,,97,97.0,,,,2025-07-14T16:23:12.92+02:00,2021,2021-01-01T00:00:00+01:00,2021-12-31T00:00:00+01:00
2561184,WHS4_544,COUNTRY,PHL,WPR,YEAR,Western Pacific,,,2011,,,,,,,88,88.0,,,,2025-07-14T16:23:12.92+02:00,2011,2011-01-01T00:00:00+01:00,2011-12-31T00:00:00+01:00
2591337,WHS4_544,COUNTRY,KOR,WPR,YEAR,Western Pacific,,,2014,,,,,,,99,99.0,,,,2025-07-14T16:23:12.92+02:00,2014,2014-01-01T00:00:00+01:00,2014-12-31T00:00:00+01:00
3836355,WHS4_544,COUNTRY,CHL,AMR,YEAR,Americas,,,2019,,,,,,,96,96.0,,,,2025-07-14T16:23:12.92+02:00,2019,2019-01-01T00:00:00+01:00,2019-12-31T00:00:00+01:00
3838983,WHS4_544,COUNTRY,JPN,WPR,YEAR,Western Pacific,,,2013,,,,,,,99,99.0,,,,2025-07-14T16:23:12.92+02:00,2013,2013-01-01T00:00:00+01:00,2013-12-31T00:00:00+01:00
3933061,WHS4_544,COUNTRY,BRA,AMR,YEAR,Americas,,,2010,,,,,,,99,99.0,,,,2025-07-14T16:23:12.92+02:00,2010,2010-01-01T00:00:00+01:00,2010-12-31T00:00:00+01:00
3937694,WHS4_544,COUNTRY,MDG,AFR,YEAR,Africa,,,2024,,,,,,,62,62.0,,,,2025-07-14T16:23:12.92+02:00,2024,2024-01-01T00:00:00+01:00,2024-12-31T00:00:00+01:00
3950729,WHS4_544,COUNTRY,GHA,AFR,YEAR,Africa,,,2024,,,,,,,91,91.0,,,,2025-07-14T16:23:12.92+02:00,2024,2024-01-01T00:00:00+01:00,2024-12-31T00:00:00+01:00
3984711,WHS4_544,COUNTRY,IDN,WPR,YEAR,Western Pacific,,,2017,,,,,,,88,88.0,,,,2025-07-14T16:23:12.92+02:00,2017,2017-01-01T00:00:00+01:00,2017-12-31T00:00:00+01:00
4021777,WHS4_544,COUNTRY,BGD,SEAR,YEAR,South-East Asia,,,2022,,,,,,,97,97.0,,,,2025-07-14T16:23:12.92+02:00,2022,2022-01-01T00:00:00+01:00,2022-12-31T00:00:00+01:00
4027883,WHS4_544,COUNTRY,COL,AMR,YEAR,Americas,,,2024,,,,,,,89,89.0,,,,2025-07-14T16:23:12.92+02:00,2024,2024-01-01T00:00:00+01:00,2024-12-31T00:00:00+01:00
4055224,WHS4_544,COUNTRY,BRA,AMR,YEAR,Americas,,,2011,,,,,,,98,98.0,,,,2025-07-14T16:23:12.92+02:00,2011,2011-01-01T00:00:00+01:00,2011-12-31T00:00:00+01:00
4119371,WHS4_544,COUNTRY,GHA,AFR,YEAR,Africa,,,2014,,,,,,,94,94.0,,,,2025-07-14T16:23:12.92+02:00,2014,2014-01-01T00:00:00+01:00,2014-12-31T00:00:00+01:00
4157321,WHS4_544,COUNTRY,NGA,AFR,YEAR,Africa,,,2015,,,,,,,42,42.0,,,,2025-07-14T16:23:12.92+02:00,2015,2015-01-01T00:00:00+01:00,2015-12-31T00:00:00+01:00
4192819,WHS4_544,COUNTRY,TUR,EUR,YEAR,Europe,,,2021,,,,,,,95,95.0,,,,2025-07-14T16:23:12.92+02:00,2021,2021-01-01T00:00:00+01:00,2021-12-31T00:00:00+01:00
4193003,WHS4_544,COUNTRY,MEX,AMR,YEAR,Americas,,,2015,,,,,,,87,87.0,,,,2025-07-14T16:23:12.92+02:00,2015,2015-01-01T00:00:00+01:00,2015-12-31T00:00:00+01:00
4269733,WHS4_544,COUNTRY,BRA,AMR,YEAR,Americas,,,2013,,,,,,,96,96.0,,,,2025-07-14T16:23:12.92+02:00,2013,2013-01-01T00:00:00+01:00,2013-12-31T00:00:00+01:00
4349088,WHS4_544,COUNTRY,CHL,AMR,YEAR,Americas,,,2013,,,,,,,90,90.0,,,,2025-07-14T16:23:12.92+02:00,2013,2013-01-01T00:00:00+01:00,2013-12-31T00:00:00+01:00
4437328,WHS4_544,COUNTRY,THA,SEAR,YEAR,South-East Asia,,,2010,,,,,,,99,99.0,,,,2025-07-14T16:23:12.92+02:00,2010,2010-01-01T00:00:00+01:00,2010-12-31T00:00:00+01:00
4487894,WHS4_544,COUNTRY,ZAF,AFR,YEAR,Africa,,,2020,,,,,,,84,84.0,,,,2025-07-14T16:23:12.92+02:00,2020,2020-01-01T00:00:00+01:00,2020-12-31T00:00:00+01:00
4489589,WHS4_544,COUNTRY,PAK,EMR,YEAR,Eastern Mediterranean,,,2012,,,,,,,64,64.0,,,,2025-07-14T16:23:12.92+02:00,2012,2012-01-01T00:00:00+01:00,2012-12-31T00:00:00+01:00
4497283,WHS4_544,COUNTRY,GHA,AFR,YEAR,Africa,,,2017,,,,,,,94,94.0,,,,2025-07-14T16:23:12.92+02:00,2017,2017-01-01T00:00:00+01:00,2017-12-31T00:00:00+01:00
4517283,WHS4_544,COUNTRY,GHA,AFR,YEAR,Africa,,,2010,,,,,,,94,94.0,,,,2025-07-14T16:23:12.92+02:00,2010,2010-01-01T00:00:00+01:00,2010-12-31T00:00:00+01:00
4540211,WHS4_544,COUNTRY,NGA,AFR,YEAR,Africa,,,2017,,,,,,,55,55.0,,,,2025-07-14T16:23:12.92+02:00,2017,2017-01-01T00:00:00+01:00,2017-12-31T00:00:00+01:00
4574352,WHS4_544,COUNTRY,RWA,AFR,YEAR,Africa,,,2010,,,,,,,93,93.0,,,,2025-07-14T16:23:12.92+02:00,2010,2010-01-01T00:00:00+01:00,2010-12-31T00:00:00+01:00
4579203,WHS4_544,COUNTRY,CHN,WPR,YEAR,Western Pacific,,,2020,,,,,,,99,99.0,,,,2025-07-14T16:23:12.92+02:00,2020,2020-01-01T00:00:00+01:00,2020-12-31T00:00:00+01:00
4643880,WHS4_544,COUNTRY,POL,EUR,YEAR,Europe,,,2021,,,,,,,84,84.0,,,,2025-07-14T16:23:12.92+02:00,2021,2021-01-01T00:00:00+01:00,2021-12-31T00:00:00+01:00
4685250,WHS4_544,COUNTRY,KOR,WPR,YEAR,Western Pacific,,,2023,,,,,,,97,97.0,,,,2025-07-14T16:23:12.92+02:00,2023,2023-01-01T00:00:00+01:00,2023-12-31T00:00:00+01:00
4717958,WHS4_544,COUNTRY,IND,SEAR,YEAR,South-East Asia,,,2015,,,,,,,86,86.0,,,,2025-07-14T16:23:12.92+02:00,2015,2015-01-01T00:00:00+01:00,2015-12-31T00:00:00+01:00
4729266,WHS4_544,COUNTRY,COL,AMR,YEAR,Americas,,,2015,,,,,,,91,91.0,,,,2025-07-14T16:23:12.92+02:00,2015,2015-01-01T00:00:00+01:00,2015-12-31T00:00:00+01:00
4756973,WHS4_544,COUNTRY,POL,EUR,YEAR,Europe,,,2017,,,,,,,90,90.0,,,,2025-07-14T16:23:12.92+02:00,2017,2017-01-01T00:00:00+01:00,2017-12-31T00:00:00+01:00
4829031,WHS4_544,COUNTRY,CHL,AMR,YEAR,Americas,,,2018,,,,,,,95,95.0,,,,2025-07-14T16:23:12.92+02:00,2018,2018-01-01T00:00:00+01:00,2018-12-31T00:00:00+01:00
4876438,WHS4_544,COUNTRY,MEX,AMR,YEAR,Americas,,,2019,,,,,,,82,82.0,,,,2025-07-14T16:23:12.92+02:00,2019,2019-01-01T00:00:00+01:00,2019-12-31T00:00:00+01:00
4904871,WHS4_544,COUNTRY,EGY,EMR,YEAR,Eastern Mediterranean,,,2012,,,,,,,93,93.0,,,,2025-07-14T16:23:12.92+02:00,2012,2012-01-01T00:00:00+01:00,2012-12-31T00:00:00+01:00
4935290,WHS4_544,COUNTRY,CHN,WPR,YEAR,Western Pacific,,,2024,,,,,,,97,97.0,,,,2025-07-14T16:23:12.92+02:00,2024,2024-01-01T00:00:00+01:00,2024-12-31T00:00:00+01:00
5004229,WHS4_544,COUNTRY,SGP,WPR,YEAR,Western Pacific,,,2016,,,,,,,96,96.0,,,,2025-07-14T16:23:12.92+02:00,2016,2016-01-01T00:00:00+01:00,2016-12-31T00:00:00+01:00
5031247,WHS4_544,COUNTRY,TUR,EUR,YEAR,Europe,,,2022,,,,,,,99,99.0,,,,2025-07-14T16:23:12.92+02:00,2022,2022-01-01T00:00:00+01:00,2022-12-31T00:00:00+01:00
5031681,WHS4_544,COUNTRY,RWA,AFR,YEAR,Africa,,,2011,,,,,,,93,93.0,,,,2025-07-14T16:23:12.92+02:00,2011,2011-01-01T00:00:00+01:00,2011-12-31T00:00:00+01:00
5039249,WHS4_544,COUNTRY,NGA,AFR,YEAR,Africa,,,2024,,,,,,,69,69.0,,,,2025-07-14T16:23:12.92+02:00,2024,2024-01-01T00:00:00+01:00,2024-12-31T00:00:00+01:00
5071888,WHS4_544,COUNTRY,PAK,EMR,YEAR,Eastern Mediterranean,,,2024,,,,,,,87,87.0,,,,2025-07-14T16:23:12.92+02:00,2024,2024-01-01T00:00:00+01:00,2024-12-31T00:00:00+01:00
5086770,WHS4_544,COUNTRY,KOR,WPR,YEAR,Western Pacific,,,2018,,,,,,,98,98.0,,,,2025-07-14T16:23:12.92+02:00,2018,2018-01-01T00:00:00+01:00,2018-12-31T00:00:00+01:00
5090270,WHS4_544,COUNTRY,GHA,AFR,YEAR,Africa,,,2012,,,,,,,91,91.0,,,,2025-07-14T16:23:12.92+02:00,2012,2012-01-01T00:00:00+01:00,2012-12-31T00:00:00+01:00
5106509,WHS4_544,COUNTRY,PAK,EMR,YEAR,Eastern Mediterranean,,,2011,,,,,,,63,63.0,,,,2025-07-14T16:23:12.92+02:00,2011,2011-01-01T00:00:00+01:00,2011-12-31T00:00:00+01:00
5120091,WHS4_544,COUNTRY,RWA,AFR,YEAR,Africa,,,2021,,,,,,,88,88.0,,,,2025-07-14T16:23:12.92+02:00,2021,2021-01-01T00:00:00+01:00,2021-12-31T00:00:00+01:00
5125255,WHS4_544,COUNTRY,MDG,AFR,YEAR,Africa,,,2023,,,,,,,63,63.0,,,,2025-07-14T16:23:12.92+02:00,2023,2023-01-01T00:00:00+01:00,2023-12-31T00:00:00+01:00
5125339,WHS4_544,COUNTRY,TUR,EUR,YEAR,Europe,,,2014,,,,,,,96,96.0,,,,2025-07-14T16:23:12.92+02:00,2014,2014-01-01T00:00:00+01:00,2014-12-31T00:00:00+01:00
5144906,WHS4_544,COUNTRY,KEN,AFR,YEAR,Africa,,,2014,,,,,,,90,90.0,,,,2025-07-14T16:23:12.92+02:00,2014,2014-01-01T00:00:00+01:00,2014-12-31T00:00:00+01:00
5170385,WHS4_544,COUNTRY,TUR,EUR,YEAR,Europe,,,2023,,,,,,,99,99.0,,,,2025-07-14T16:23:12.92+02:00,2023,2023-01-01T00:00:00+01:00,2023-12-31T00:00:00+01:00
5190291,WHS4_544,COUNTRY,EGY,EMR,YEAR,Eastern Mediterranean,,,2024,,,,,,,97,97.0,,,,2025-07-14T16:23:12.92+02:00,2024,2024-01-01T00:00:00+01:00,2024-12-31T00:00:00+01:00
5190456,WHS4_544,COUNTRY,IND,SEAR,YEAR,South-East Asia,,,2019,,,,,,,90,90.0,,,,2025-07-14T16:23:12.92+02:00,2019,2019-01-01T00:00:00+01:00,2019-12-31T00:00:00+01:00
5193046,WHS4_544,COUNTRY,CHN,WPR,YEAR,Western Pacific,,,2011,,,,,,,99,99.0,,,,2025-07-14T16:23:12.92+02:00,2011,2011-01-01T00:00:00+01:00,2011-12-31T00:00:00+01:00
5212328,WHS4_544,COUNTRY,MEX,AMR,YEAR,Americas,,,2023,,,,,,,85,85.0,,,,2025-07-14T16:23:12.92+02:00,2023,2023-01-01T00:00:00+01:00,2023-12-31T00:00:00+01:00
5263334,WHS4_544,COUNTRY,RWA,AFR,YEAR,Africa,,,2022,,,,,,,97,97.0,,,,2025-07-14T16:23:12.92+02:00,2022,2022-01-01T00:00:00+01:00,2022-12-31T00:00:00+01:00
5268380,WHS4_544,COUNTRY,BGD,SEAR,YEAR,South-East Asia,,,2014,,,,,,,97,97.0,,,,2025-07-14T16:23:12.92+02:00,2014,2014-01-01T00:00:00+01:00,2014-12-31T00:00:00+01:00
5284309,WHS4_544,COUNTRY,CHL,AMR,YEAR,Americas,,,2024,,,,,,,95,95.0,,,,2025-07-14T16:23:12.92+02:00,2024,2024-01-01T00:00:00+01:00,2024-12-31T00:00:00+01:00
5330700,WHS4_544,COUNTRY,ZAF,AFR,YEAR,Africa,,,2019,,,,,,,85,85.0,,,,2025-07-14T16:23:12.92+02:00,2019,2019-01-01T00:00:00+01:00,2019-12-31T00:00:00+01:00
5377605,WHS4_544,COUNTRY,BRA,AMR,YEAR,Americas,,,2017,,,,,,,84,84.0,,,,2025-07-14T16:23:12.92+02:00,2017,2017-01-01T00:00:00+01:00,2017-12-31T00:00:00+01:00
5394907,WHS4_544,COUNTRY,AFG,EMR,YEAR,Eastern Mediterranean,,,2018,,,,,,,67,67.0,,,,2025-07-14T16:23:12.92+02:00,2018,2018-01-01T00:00:00+01:00,2018-12-31T00:00:00+01:00
5435161,WHS4_544,COUNTRY,PHL,WPR,YEAR,Western Pacific,,,2020,,,,,,,82,82.0,,,,2025-07-14T16:23:12.92+02:00,2020,2020-01-01T00:00:00+01:00,2020-12-31T00:00:00+01:00
5436030,WHS4_544,COUNTRY,JPN,WPR,YEAR,Western Pacific,,,2018,,,,,,,98,98.0,,,,2025-07-14T16:23:12.92+02:00,2018,2018-01-01T00:00:00+01:00,2018-12-31T00:00:00+01:00
5462184,WHS4_544,COUNTRY,NGA,AFR,YEAR,Africa,,,2023,,,,,,,70,70.0,,,,2025-07-14T16:23:12.92+02:00,2023,2023-01-01T00:00:00+01:00,2023-12-31T00:00:00+01:00
5486509,WHS4_544,COUNTRY,UGA,AFR,YEAR,Africa,,,2011,,,,,,,79,79.0,,,,2025-07-14T16:23:12.92+02:00,2011,2011-01-01T00:00:00+01:00,2011-12-31T00:00:00+01:00
5502766,WHS4_544,COUNTRY,BRA,AMR,YEAR,Americas,,,2018,,,,,,,85,85.0,,,,2025-07-14T16:23:12.92+02:00,2018,2018-01-01T00:00:00+01:00,2018-12-31T00:00:00+01:00
5516322,WHS4_544,COUNTRY,RWA,AFR,YEAR,Africa,,,2016,,,,,,,99,99.0,,,,2025-07-14T16:23:12.92+02:00,2016,2016-01-01T00:00:00+01:00,2016-12-31T00:00:00+01:00
5537576,WHS4_544,COUNTRY,BGD,SEAR,YEAR,South-East Asia,,,2019,,,,,,,98,98.0,,,,2025-07-14T16:23:12.92+02:00,2019,2019-01-01T00:00:00+01:00,2019-12-31T00:00:00+01:00
5575025,WHS4_544,COUNTRY,AFG,EMR,YEAR,Eastern Mediterranean,,,2024,,,,,,,59,59.0,,,,2025-07-14T16:23:12.92+02:00,2024,2024-01-01T00:00:00+01:00,2024-12-31T00:00:00+01:00
5575054,WHS4_544,COUNTRY,COL,AMR,YEAR,Americas,,,2020,,,,,,,88,88.0,,,,2025-07-14T16:23:12.92+02:00,2020,2020-01-01T00:00:00+01:00,2020-12-31T00:00:00+01:00
5575082,WHS4_544,COUNTRY,PHL,WPR,YEAR,Western Pacific,,,2010,,,,,,,88,88.0,,,,2025-07-14T16:23:12.92+02:00,2010,2010-01-01T00:00:00+01:00,2010-12-31T00:00:00+01:00
5584274,WHS4_544,COUNTRY,COL,AMR,YEAR,Americas,,,2021,,,,,,,86,86.0,,,,2025-07-14T16:23:12.92+02:00,2021,2021-01-01T00:00:00+01:00,2021-12-31T00:00:00+01:00
5590597,WHS4_544,COUNTRY,RWA,AFR,YEAR,Africa,,,2024,,,,,,,98,98.0,,,,2025-07-14T16:23:12.92+02:00,2024,2024-01-01T00:00:00+01:00,2024-12-31T00:00:00+01:00
5662111,WHS4_544,COUNTRY,BGD,SEAR,YEAR,South-East Asia,,,2023,,,,,,,97,97.0,,,,2025-07-14T16:23:12.92+02:00,2023,2023-01-01T00:00:00+01:00,2023-12-31T00:00:00+01:00
5689532,WHS4_544,COUNTRY,UGA,AFR,YEAR,Africa,,,2010,,,,,,,79,79.0,,,,2025-07-14T16:23:12.92+02:00,2010,2010-01-01T00:00:00+01:00,2010-12-31T00:00:00+01:00
5718871,WHS4_544,COUNTRY,POL,EUR,YEAR,Europe,,,2023,,,,,,,86,86.0,,,,2025-07-14T16:23:12.92+02:00,2023,2023-01-01T00:00:00+01:00,2023-12-31T00:00:00+01:00
5748309,WHS4_544,COUNTRY,AFG,EMR,YEAR,Eastern Mediterranean,,,2016,,,,,,,66,66.0,,,,2025-07-14T16:23:12.92+02:00,2016,2016-01-01T00:00:00+01:00,2016-12-31T00:00:00+01:00
5804737,WHS4_544,COUNTRY,THA,SEAR,YEAR,South-East Asia,,,2019,,,,,,,97,97.0,,,,2025-07-14T16:23:12.92+02:00,2019,2019-01-01T00:00:00+01:00,2019-12-31T00:00:00+01:00
5824015,WHS4_544,COUNTRY,ZAF,AFR,YEAR,Africa,,,2014,,,,,,,85,85.0,,,,2025-07-14T16:23:12.92+02:00,2014,2014-01-01T00:00:00+01:00,2014-12-31T00:00:00+01:00
5862425,WHS4_544,COUNTRY,KEN,AFR,YEAR,Africa,,,2024,,,,,,,85,85.0,,,,2025-07-14T16:23:12.92+02:00,2024,2024-01-01T00:00:00+01:00,2024-12-31T00:00:00+01:00
5875702,WHS4_544,COUNTRY,THA,SEAR,YEAR,South-East Asia,,,2021,,,,,,,93,93.0,,,,2025-07-14T16:23:12.92+02:00,2021,2021-01-01T00:00:00+01:00,2021-12-31T00:00:00+01:00
5882209,WHS4_544,COUNTRY,SGP,WPR,YEAR,Western Pacific,,,2017,,,,,,,96,96.0,,,,2025-07-14T16:23:12.92+02:00,2017,2017-01-01T00:00:00+01:00,2017-12-31T00:00:00+01:00
5892362,WHS4_544,COUNTRY,MDG,AFR,YEAR,Africa,,,2020,,,,,,,66,66.0,,,,2025-07-14T16:23:12.92+02:00,2020,2020-01-01T00:00:00+01:00,2020-12-31T00:00:00+01:00
5895680,WHS4_544,COUNTRY,NGA,AFR,YEAR,Africa,,,2012,,,,,,,42,42.0,,,,2025-07-14T16:23:12.92+02:00,2012,2012-01-01T00:00:00+01:00,2012-12-31T00:00:00+01:00
5924390,WHS4_544,COUNTRY,POL,EUR,YEAR,Europe,,,2019,,,,,,,87,87.0,,,,2025-07-14T16:23:12.92+02:00,2019,2019-01-01T00:00:00+01:00,2019-12-31T00:00:00+01:00
5944135,WHS4_544,COUNTRY,JPN,WPR,YEAR,Western Pacific,,,2015,,,,,,,99,99.0,,,,2025-07-14T16:23:12.92+02:00,2015,2015-01-01T00:00:00+01:00,2015-12-31T00:00:00+01:00
5948763,WHS4_544,COUNTRY,UGA,AFR,YEAR,Africa,,,2019,,,,,,,92,92.0,,,,2025-07-14T16:23:12.92+02:00,2019,2019-01-01T00:00:00+01:00,2019-12-31T00:00:00+01:00
5963778,WHS4_544,COUNTRY,PAK,EMR,YEAR,Eastern Mediterranean,,,2014,,,,,,,69,69.0,,,,2025-07-14T16:23:12.92+02:00,2014,2014-01-01T00:00:00+01:00,2014-12-31T00:00:00+01:00
5978627,WHS4_544,COUNTRY,BGD,SEAR,YEAR,South-East Asia,,,2011,,,,,,,96,96.0,,,,2025-07-14T16:23:12.92+02:00,2011,2011-01-01T00:00:00+01:00,2011-12-31T00:00:00+01:00
5987917,WHS4_544,COUNTRY,KEN,AFR,YEAR,Africa,,,2011,,,,,,,97,97.0,,,,2025-07-14T16:23:12.92+02:00,2011,2011-01-01T00:00:00+01:00,2011-12-31T00:00:00+01:00
5994834,WHS4_544,COUNTRY,IND,SEAR,YEAR,South-East Asia,,,2017,,,,,,,89,89.0,,,,2025-07-14T16:23:12.92+02:00,2017,2017-01-01T00:00:00+01:00,2017-12-31T00:00:00+01:00
6107001,WHS4_544,COUNTRY,COL,AMR,YEAR,Americas,,,2014,,,,,,,90,90.0,,,,2025-07-14T16:23:12.92+02:00,2014,2014-01-01T00:00:00+01:00,2014-12-31T00:00:00+01:00
6117070,WHS4_544,COUNTRY,BGD,SEAR,YEAR,South-East Asia,,,2024,,,,,,,97,97.0,,,,2025-07-14T16:23:12.92+02:00,2024,2024-01-01T00:00:00+01:00,2024-12-31T00:00:00+01:00
6134761,WHS4_544,COUNTRY,IND,SEAR,YEAR,South-East Asia,,,2021,,,,,,,85,85.0,,,,2025-07-14T16:23:12.92+02:00,2021,2021-01-01T00:00:00+01:00,2021-12-31T00:00:00+01:00
6142012,WHS4_544,COUNTRY,THA,SEAR,YEAR,South-East Asia,,,2023,,,,,,,93,93.0,,,,2025-07-14T16:23:12.92+02:00,2023,2023-01-01T00:00:00+01:00,2023-12-31T00:00:00+01:00
6145249,WHS4_544,COUNTRY,CHN,WPR,YEAR,Western Pacific,,,2023,,,,,,,97,97.0,,,,2025-07-14T16:23:12.92+02:00,2023,2023-01-01T00:00:00+01:00,2023-12-31T00:00:00+01:00
6190812,WHS4_544,COUNTRY,POL,EUR,YEAR,Europe,,,2018,,,,,,,87,87.0,,,,2025-07-14T16:23:12.92+02:00,2018,2018-01-01T00:00:00+01:00,2018-12-31T00:00:00+01:00
6225277,WHS4_544,COUNTRY,MEX,AMR,YEAR,Americas,,,2016,,,,,,,93,93.0,,,,2025-07-14T16:23:12.92+02:00,2016,2016-01-01T00:00:00+01:00,2016-12-31T00:00:00+01:00
6244353,WHS4_544,COUNTRY,CHL,AMR,YEAR,Americas,,,2022,,,,,,,96,96.0,,,,2025-07-14T16:23:12.92+02:00,2022,2022-01-01T00:00:00+01:00,2022-12-31T00:00:00+01:00
6338856,WHS4_544,COUNTRY,THA,SEAR,YEAR,South-East Asia,,,2014,,,,,,,99,99.0,,,,2025-07-14T16:23:12.92+02:00,2014,2014-01-01T00:00:00+01:00,2014-12-31T00:00:00+01:00
6438895,WHS4_544,COUNTRY,BGD,SEAR,YEAR,South-East Asia,,,2017,,,,,,,98,98.0,,,,2025-07-14T16:23:12.92+02:00,2017,2017-01-01T00:00:00+01:00,2017-12-31T00:00:00+01:00
6443894,WHS4_544,COUNTRY,CHL,AMR,YEAR,Americas,,,2016,,,,,,,95,95.0,,,,2025-07-14T16:23:12.92+02:00,2016,2016-01-01T00:00:00+01:00,2016-12-31T00:00:00+01:00
6446870,WHS4_544,COUNTRY,KOR,WPR,YEAR,Western Pacific,,,2010,,,,,,,95,95.0,,,,2025-07-14T16:23:12.92+02:00,2010,2010-01-01T00:00:00+01:00,2010-12-31T00:00:00+01:00
6470832,WHS4_544,COUNTRY,CHN,WPR,YEAR,Western Pacific,,,2016,,,,,,,99,99.0,,,,2025-07-14T16:23:12.92+02:00,2016,2016-01-01T00:00:00+01:00,2016-12-31T00:00:00+01:00
6518453,WHS4_544,COUNTRY,SGP,WPR,YEAR,Western Pacific,,,2022,,,,,,,97,97.0,,,,2025-07-14T16:23:12.92+02:00,2022,2022-01-01T00:00:00+01:00,2022-12-31T00:00:00+01:00
6553153,WHS4_544,COUNTRY,PAK,EMR,YEAR,Eastern Mediterranean,,,2020,,,,,,,83,83.0,,,,2025-07-14T16:23:12.92+02:00,2020,2020-01-01T00:00:00+01:00,2020-12-31T00:00:00+01:00
6556349,WHS4_544,COUNTRY,IND,SEAR,YEAR,South-East Asia,,,2022,,,,,,,93,93.0,,,,2025-07-14T16:23:12.92+02:00,2022,2022-01-01T00:00:00+01:00,2022-12-31T00:00:00+01:00
6576694,WHS4_544,COUNTRY,ZAF,AFR,YEAR,Africa,,,2021,,,,,,,86,86.0,,,,2025-07-14T16:23:12.92+02:00,2021,2021-01-01T00:00:00+01:00,2021-12-31T00:00:00+01:00
6595909,WHS4_544,COUNTRY,AFG,EMR,YEAR,Eastern Mediterranean,,,2017,,,,,,,64,64.0,,,,2025-07-14T16:23:12.92+02:00,2017,2017-01-01T00:00:00+01:00,2017-12-31T00:00:00+01:00
6602978,WHS4_544,COUNTRY,GHA,AFR,YEAR,Africa,,,2019,,,,,,,97,97.0,,,,2025-07-14T16:23:12.92+02:00,2019,2019-01-01T00:00:00+01:00,2019-12-31T00:00:00+01:00
6647911,WHS4_544,COUNTRY,PHL,WPR,YEAR,Western Pacific,,,2023,,,,,,,77,77.0,,,,2025-07-14T16:23:12.92+02:00,2023,2023-01-01T00:00:00+01:00,2023-12-31T00:00:00+01:00
6657367,WHS4_544,COUNTRY,JPN,WPR,YEAR,Western Pacific,,,2014,,,,,,,99,99.0,,,,2025-07-14T16:23:12.92+02:00,2014,2014-01-01T00:00:00+01:00,2014-12-31T00:00:00+01:00
6687253,WHS4_544,COUNTRY,CHN,WPR,YEAR,Western Pacific,,,2013,,,,,,,99,99.0,,,,2025-07-14T16:23:12.92+02:00,2013,2013-01-01T00:00:00+01:00,2013-12-31T00:00:00+01:00
6719230,WHS4_544,COUNTRY,MEX,AMR,YEAR,Americas,,,2018,,,,,,,88,88.0,,,,2025-07-14T16:23:12.92+02:00,2018,2018-01-01T00:00:00+01:00,2018-12-31T00:00:00+01:00
6739865,WHS4_544,COUNTRY,SGP,WPR,YEAR,Western Pacific,,,2015,,,,,,,96,96.0,,,,2025-07-14T16:23:12.92+02:00,2015,2015-01-01T00:00:00+01:00,2015-12-31T00:00:00+01:00
6838566,WHS4_544,COUNTRY,EGY,EMR,YEAR,Eastern Mediterranean,,,2015,,,,,,,93,93.0,,,,2025-07-14T16:23:12.92+02:00,2015,2015-01-01T00:00:00+01:00,2015-12-31T00:00:00+01:00
6842724,WHS4_544,COUNTRY,EGY,EMR,YEAR,Eastern Mediterranean,,,2021,,,,,,,96,96.0,,,,2025-07-14T16:23:12.92+02:00,2021,2021-01-01T00:00:00+01:00,2021-12-31T00:00:00+01:00
6958281,WHS4_544,COUNTRY,COL,AMR,YEAR,Americas,,,2018,,,,,,,92,92.0,,,,2025-07-14T16:23:12.92+02:00,2018,2018-01-01T00:00:00+01:00,2018-12-31T00:00:00+01:00
7002613,WHS4_544,COUNTRY,KEN,AFR,YEAR,Africa,,,2010,,,,,,,89,89.0,,,,2025-07-14T16:23:12.92+02:00,2010,2010-01-01T00:00:00+01:00,2010-12-31T00:00:00+01:00
7006225,WHS4_544,COUNTRY,NGA,AFR,YEAR,Africa,,,2021,,,,,,,59,59.0,,,,2025-07-14T16:23:12.92+02:00,2021,2021-01-01T00:00:00+01:00,2021-12-31T00:00:00+01:00
7024336,WHS4_544,COUNTRY,MEX,AMR,YEAR,Americas,,,2012,,,,,,,99,99.0,,,,2025-07-14T16:23:12.92+02:00,2012,2012-01-01T00:00:00+01:00,2012-12-31T00:00:00+01:00
7071525,WHS4_544,COUNTRY,TUR,EUR,YEAR,Europe,,,2017,,,,,,,96,96.0,,,,2025-07-14T16:23:12.92+02:00,2017,2017-01-01T00:00:00+01:00,2017-12-31T00:00:00+01:00
7071664,WHS4_544,COUNTRY,PHL,WPR,YEAR,Western Pacific,,,2018,,,,,,,84,84.0,,,,2025-07-14T16:23:12.92+02:00,2018,2018-01-01T00:00:00+01:00,2018-12-31T00:00:00+01:00
7098638,WHS4_544,COUNTRY,IDN,WPR,YEAR,Western Pacific,,,2022,,,,,,,91,91.0,,,,2025-07-14T16:23:12.92+02:00,2022,2022-01-01T00:00:00+01:00,2022-12-31T00:00:00+01:00
7121934,WHS4_544,COUNTRY,ZAF,AFR,YEAR,Africa,,,2022,,,,,,,85,85.0,,,,2025-07-14T16:23:12.92+02:00,2022,2022-01-01T00:00:00+01:00,2022-12-31T00:00:00+01:00
7193727,WHS4_544,COUNTRY,MEX,AMR,YEAR,Americas,,,2017,,,,,,,85,85.0,,,,2025-07-14T16:23:12.92+02:00,2017,2017-01-01T00:00:00+01:00,2017-12-31T00:00:00+01:00
7196211,WHS4_544,COUNTRY,CHL,AMR,YEAR,Americas,,,2020,,,,,,,93,93.0,,,,2025-07-14T16:23:12.92+02:00,2020,2020-01-01T00:00:00+01:00,2020-12-31T00:00:00+01:00
7224154,WHS4_544,COUNTRY,GHA,AFR,YEAR,Africa,,,2015,,,,,,,88,88.0,,,,2025-07-14T16:23:12.92+02:00,2015,2015-01-01T00:00:00+01:00,2015-12-31T00:00:00+01:00
7230599,WHS4_544,COUNTRY,KEN,AFR,YEAR,Africa,,,2022,,,,,,,91,91.0,,,,2025-07-14T16:23:12.92+02:00,2022,2022-01-01T00:00:00+01:00,2022-12-31T00:00:00+01:00
7242290,WHS4_544,COUNTRY,KEN,AFR,YEAR,Africa,,,2018,,,,,,,89,89.0,,,,2025-07-14T16:23:12.92+02:00,2018,2018-01-01T00:00:00+01:00,2018-12-31T00:00:00+01:00
7264020,WHS4_544,COUNTRY,CHL,AMR,YEAR,Americas,,,2023,,,,,,,96,96.0,,,,2025-07-14T16:23:12.92+02:00,2023,2023-01-01T00:00:00+01:00,2023-12-31T00:00:00+01:00
7266673,WHS4_544,COUNTRY,AFG,EMR,YEAR,Eastern Mediterranean,,,2012,,,,,,,67,67.0,,,,2025-07-14T16:23:12.92+02:00,2012,2012-01-01T00:00:00+01:00,2012-12-31T00:00:00+01:00
7272016,WHS4_544,COUNTRY,IDN,WPR,YEAR,Western Pacific,,,2015,,,,,,,85,85.0,,,,2025-07-14T16:23:12.92+02:00,2015,2015-01-01T00:00:00+01:00,2015-12-31T00:00:00+01:00
7360062,WHS4_544,COUNTRY,THA,SEAR,YEAR,South-East Asia,,,2011,,,,,,,99,99.0,,,,2025-07-14T16:23:12.92+02:00,2011,2011-01-01T00:00:00+01:00,2011-12-31T00:00:00+01:00
7366167,WHS4_544,COUNTRY,KOR,WPR,YEAR,Western Pacific,,,2021,,,,,,,98,98.0,,,,2025-07-14T16:23:12.92+02:00,2021,2021-01-01T00:00:00+01:00,2021-12-31T00:00:00+01:00
7388239,WHS4_544,COUNTRY,POL,EUR,YEAR,Europe,,,2016,,,,,,,92,92.0,,,,2025-07-14T16:23:12.92+02:00,2016,2016-01-01T00:00:00+01:00,2016-12-31T00:00:00+01:00
7443571,WHS4_544,COUNTRY,BGD,SEAR,YEAR,South-East Asia,,,2020,,,,,,,97,97.0,,,,2025-07-14T16:23:12.92+02:00,2020,2020-01-01T00:00:00+01:00,2020-12-31T00:00:00+01:00
7468630,WHS4_544,COUNTRY,EGY,EMR,YEAR,Eastern Mediterranean,,,2010,,,,,,,97,97.0,,,,2025-07-14T16:23:12.92+02:00,2010,2010-01-01T00:00:00+01:00,2010-12-31T00:00:00+01:00
7523109,WHS4_544,COUNTRY,EGY,EMR,YEAR,Eastern Mediterranean,,,2013,,,,,,,97,97.0,,,,2025-07-14T16:23:12.92+02:00,2013,2013-01-01T00:00:00+01:00,2013-12-31T00:00:00+01:00
7592836,WHS4_544,COUNTRY,ZAF,AFR,YEAR,Africa,,,2018,,,,,,,82,82.0,,,,2025-07-14T16:23:12.92+02:00,2018,2018-01-01T00:00:00+01:00,2018-12-31T00:00:00+01:00
7605510,WHS4_544,COUNTRY,SGP,WPR,YEAR,Western Pacific,,,2011,,,,,,,96,96.0,,,,2025-07-14T16:23:12.92+02:00,2011,2011-01-01T00:00:00+01:00,2011-12-31T00:00:00+01:00
7616502,WHS4_544,COUNTRY,KEN,AFR,YEAR,Africa,,,2021,,,,,,,95,95.0,,,,2025-07-14T16:23:12.92+02:00,2021,2021-01-01T00:00:00+01:00,2021-12-31T00:00:00+01:00
7641446,WHS4_544,COUNTRY,IDN,WPR,YEAR,Western Pacific,,,2019,,,,,,,85,85.0,,,,2025-07-14T16:23:12.92+02:00,2019,2019-01-01T00:00:00+01:00,2019-12-31T00:00:00+01:00
7672910,WHS4_544,COUNTRY,TUR,EUR,YEAR,Europe,,,2020,,,,,,,98,98.0,,,,2025-07-14T16:23:12.92+02:00,2020,2020-01-01T00:00:00+01:00,2020-12-31T00:00:00+01:00
7685185,WHS4_544,COUNTRY,JPN,WPR,YEAR,Western Pacific,,,2010,,,,,,,98,98.0,,,,2025-07-14T16:23:12.92+02:00,2010,2010-01-01T00:00:00+01:00,2010-12-31T00:00:00+01:00
7696074,WHS4_544,COUNTRY,CHL,AMR,YEAR,Americas,,,2021,,,,,,,95,95.0,,,,2025-07-14T16:23:12.92+02:00,2021,2021-01-01T00:00:00+01:00,2021-12-31T00:00:00+01:00
7718874,WHS4_544,COUNTRY,UGA,AFR,YEAR,Africa,,,2021,,,,,,,91,91.0,,,,2025-07-14T16:23:12.92+02:00,2021,2021-01-01T00:00:00+01:00,2021-12-31T00:00:00+01:00
7722166,WHS4_544,COUNTRY,BGD,SEAR,YEAR,South-East Asia,,,2016,,,,,,,98,98.0,,,,2025-07-14T16:23:12.92+02:00,2016,2016-01-01T00:00:00+01:00,2016-12-31T00:00:00+01:00
7731440,WHS4_544,COUNTRY,MDG,AFR,YEAR,Africa,,,2012,,,,,,,71,71.0,,,,2025-07-14T16:23:12.92+02:00,2012,2012-01-01T00:00:00+01:00,2012-12-31T00:00:00+01:00
7872781,WHS4_544,COUNTRY,POL,EUR,YEAR,Europe,,,2011,,,,,,,96,96.0,,,,2025-07-14T16:23:12.92+02:00,2011,2011-01-01T00:00:00+01:00,2011-12-31T00:00:00+01:00
7896092,WHS4_544,COUNTRY,BRA,AMR,YEAR,Americas,,,2012,,,,,,,96,96.0,,,,2025-07-14T16:23:12.92+02:00,2012,2012-01-01T00:00:00+01:00,2012-12-31T00:00:00+01:00
7896799,WHS4_544,COUNTRY,PHL,WPR,YEAR,Western Pacific,,,2016,,,,,,,81,81.0,,,,2025-07-14T16:23:12.92+02:00,2016,2016-01-01T00:00:00+01:00,2016-12-31T00:00:00+01:00
7928565,WHS4_544,COUNTRY,MEX,AMR,YEAR,Americas,,,2021,,,,,,,78,78.0,,,,2025-07-14T16:23:12.92+02:00,2021,2021-01-01T00:00:00+01:00,2021-12-31T00:00:00+01:00
7930759,WHS4_544,COUNTRY,AFG,EMR,YEAR,Eastern Mediterranean,,,2019,,,,,,,63,63.0,,,,2025-07-14T16:23:12.92+02:00,2019,2019-01-01T00:00:00+01:00,2019-12-31T00:00:00+01:00
7945245,WHS4_544,COUNTRY,NGA,AFR,YEAR,Africa,,,2018,,,,,,,61,61.0,,,,2025-07-14T16:23:12.92+02:00,2018,2018-01-01T00:00:00+01:00,2018-12-31T00:00:00+01:00
7946047,WHS4_544,COUNTRY,MDG,AFR,YEAR,Africa,,,2017,,,,,,,69,69.0,,,,2025-07-14T16:23:12.92+02:00,2017,2017-01-01T00:00:00+01:00,2017-12-31T00:00:00+01:00
7993869,WHS4_544,COUNTRY,PHL,WPR,YEAR,Western Pacific,,,2014,,,,,,,82,82.0,,,,2025-07-14T16:23:12.92+02:00,2014,2014-01-01T00:00:00+01:00,2014-12-31T00:00:00+01:00
8010909,WHS4_544,COUNTRY,MDG,AFR,YEAR,Africa,,,2014,,,,,,,71,71.0,,,,2025-07-14T16:23:12.92+02:00,2014,2014-01-01T00:00:00+01:00,2014-12-31T00:00:00+01:00
8011310,WHS4_544,COUNTRY,IDN,WPR,YEAR,Western Pacific,,,2021,,,,,,,68,68.0,,,,2025-07-14T16:23:12.92+02:00,2021,2021-01-01T00:00:00+01:00,2021-12-31T00:00:00+01:00
8051760,WHS4_544,COUNTRY,EGY,EMR,YEAR,Eastern Mediterranean,,,2018,,,,,,,95,95.0,,,,2025-07-14T16:23:12.92+02:00,2018,2018-01-01T00:00:00+01:00,2018-12-31T00:00:00+01:00
8069532,WHS4_544,COUNTRY,ZAF,AFR,YEAR,Africa,,,2010,,,,,,,72,72.0,,,,2025-07-14T16:23:12.92+02:00,2010,2010-01-01T00:00:00+01:00,2010-12-31T00:00:00+01:00
8075004,WHS4_544,COUNTRY,PAK,EMR,YEAR,Eastern Mediterranean,,,2013,,,,,,,65,65.0,,,,2025-07-14T16:23:12.92+02:00,2013,2013-01-01T00:00:00+01:00,2013-12-31T00:00:00+01:00
8081974,WHS4_544,COUNTRY,PHL,WPR,YEAR,Western Pacific,,,2021,,,,,,,66,66.0,,,,2025-07-14T16:23:12.92+02:00,2021,2021-01-01T00:00:00+01:00,2021-12-31T00:00:00+01:00
8097783,WHS4_544,COUNTRY,IDN,WPR,YEAR,Western Pacific,,,2018,,,,,,,87,87.0,,,,2025-07-14T16:23:12.92+02:00,2018,2018-01-01T00:00:00+01:00,2018-12-31T00:00:00+01:00
8122289,WHS4_544,COUNTRY,IDN,WPR,YEAR,Western Pacific,,,2016,,,,,,,85,85.0,,,,2025-07-14T16:23:12.92+02:00,2016,2016-01-01T00:00:00+01:00,2016-12-31T00:00:00+01:00
8133125,WHS4_544,COUNTRY,COL,AMR,YEAR,Americas,,,2017,,,,,,,92,92.0,,,,2025-07-14T16:23:12.92+02:00,2017,2017-01-01T00:00:00+01:00,2017-12-31T00:00:00+01:00
8136406,WHS4_544,COUNTRY,RWA,AFR,YEAR,Africa,,,2017,,,,,,,98,98.0,,,,2025-07-14T16:23:12.92+02:00,2017,2017-01-01T00:00:00+01:00,2017-12-31T00:00:00+01:00
8152907,WHS4_544,COUNTRY,MEX,AMR,YEAR,Americas,,,2020,,,,,,,72,72.0,,,,2025-07-14T16:23:12.92+02:00,2020,2020-01-01T00:00:00+01:00,2020-12-31T00:00:00+01:00
8233176,WHS4_544,COUNTRY,PHL,WPR,YEAR,Western Pacific,,,2012,,,,,,,88,88.0,,,,2025-07-14T16:23:12.92+02:00,2012,2012-01-01T00:00:00+01:00,2012-12-31T00:00:00+01:00
8240614,WHS4_544,COUNTRY,BRA,AMR,YEAR,Americas,,,2023,,,,,,,85,85.0,,,,2025-07-14T16:23:12.92+02:00,2023,2023-01-01T00:00:00+01:00,2023-12-31T00:00:00+01:00
8251331,WHS4_544,COUNTRY,COL,AMR,YEAR,Americas,,,2010,,,,,,,88,88.0,,,,2025-07-14T16:23:12.92+02:00,2010,2010-01-01T00:00:00+01:00,2010-12-31T00:00:00+01:00
8331879,WHS4_544,COUNTRY,PHL,WPR,YEAR,Western Pacific,,,2019,,,,,,,85,85.0,,,,2025-07-14T16:23:12.92+02:00,2019,2019-01-01T00:00:00+01:00,2019-12-31T00:00:00+01:00
8346703,WHS4_544,COUNTRY,MEX,AMR,YEAR,Americas,,,2022,,,,,,,83,83.0,,,,2025-07-14T16:23:12.92+02:00,2022,2022-01-01T00:00:00+01:00,2022-12-31T00:00:00+01:00
8348551,WHS4_544,COUNTRY,RWA,AFR,YEAR,Africa,,,2018,,,,,,,97,97.0,,,,2025-07-14T16:23:12.92+02:00,2018,2018-01-01T00:00:00+01:00,2018-12-31T00:00:00+01:00
8390590,WHS4_544,COUNTRY,ZAF,AFR,YEAR,Africa,,,2017,,,,,,,84,84.0,,,,2025-07-14T16:23:12.92+02:00,2017,2017-01-01T00:00:00+01:00,2017-12-31T00:00:00+01:00
8479598,WHS4_544,COUNTRY,IND,SEAR,YEAR,South-East Asia,,,2023,,,,,,,91,91.0,,,,2025-07-14T16:23:12.92+02:00,2023,2023-01-01T00:00:00+01:00,2023-12-31T00:00:00+01:00
8490176,WHS4_544,COUNTRY,SGP,WPR,YEAR,Western Pacific,,,2012,,,,,,,97,97.0,,,,2025-07-14T16:23:12.92+02:00,2012,2012-01-01T00:00:00+01:00,2012-12-31T00:00:00+01:00
8492612,WHS4_544,COUNTRY,PAK,EMR,YEAR,Eastern Mediterranean,,,2010,,,,,,,52,52.0,,,,2025-07-14T16:23:12.92+02:00,2010,2010-01-01T00:00:00+01:00,2010-12-31T00:00:00+01:00
8547206,WHS4_544,COUNTRY,MDG,AFR,YEAR,Africa,,,2018,,,,,,,71,71.0,,,,2025-07-14T16:23:12.92+02:00,2018,2018-01-01T00:00:00+01:00,2018-12-31T00:00:00+01:00
8574816,WHS4_544,COUNTRY,AFG,EMR,YEAR,Eastern Mediterranean,,,2015,,,,,,,65,65.0,,,,2025-07-14T16:23:12.92+02:00,2015,2015-01-01T00:00:00+01:00,2015-12-31T00:00:00+01:00
8581843,WHS4_544,COUNTRY,TUR,EUR,YEAR,Europe,,,2019,,,,,,,99,99.0,,,,2025-07-14T16:23:12.92+02:00,2019,2019-01-01T00:00:00+01:00,2019-12-31T00:00:00+01:00
8631781,WHS4_544,COUNTRY,NGA,AFR,YEAR,Africa,,,2022,,,,,,,55,55.0,,,,2025-07-14T16:23:12.92+02:00,2022,2022-01-01T00:00:00+01:00,2022-12-31T00:00:00+01:00
8798923,WHS4_544,COUNTRY,UGA,AFR,YEAR,Africa,,,2013,,,,,,,78,78.0,,,,2025-07-14T16:23:12.92+02:00,2013,2013-01-01T00:00:00+01:00,2013-12-31T00:00:00+01:00
8829109,WHS4_544,COUNTRY,CHN,WPR,YEAR,Western Pacific,,,2021,,,,,,,99,99.0,,,,2025-07-14T16:23:12.92+02:00,2021,2021-01-01T00:00:00+01:00,2021-12-31T00:00:00+01:00
8852702,WHS4_544,COUNTRY,AFG,EMR,YEAR,Eastern Mediterranean,,,2013,,,,,,,64,64.0,,,,2025-07-14T16:23:12.92+02:00,2013,2013-01-01T00:00:00+01:00,2013-12-31T00:00:00+01:00
8872472,WHS4_544,COUNTRY,NGA,AFR,YEAR,Africa,,,2013,,,,,,,41,41.0,,,,2025-07-14T16:23:12.92+02:00,2013,2013-01-01T00:00:00+01:00,2013-12-31T00:00:00+01:00
8917900,WHS4_544,COUNTRY,THA,SEAR,YEAR,South-East Asia,,,2015,,,,,,,99,99.0,,,,2025-07-14T16:23:12.92+02:00,2015,2015-01-01T00:00:00+01:00,2015-12-31T00:00:00+01:00
8924732,WHS4_544,COUNTRY,JPN,WPR,YEAR,Western Pacific,,,2012,,,,,,,99,99.0,,,,2025-07-14T16:23:12.92+02:00,2012,2012-01-01T00:00:00+01:00,2012-12-31T00:00:00+01:00
8928815,WHS4_544,COUNTRY,UGA,AFR,YEAR,Africa,,,2022,,,,,,,90,90.0,,,,2025-07-14T16:23:12.92+02:00,2022,2022-01-01T00:00:00+01:00,2022-12-31T00:00:00+01:00
8955309,WHS4_544,COUNTRY,POL,EUR,YEAR,Europe,,,2010,,,,,,,96,96.0,,,,2025-07-14T16:23:12.92+02:00,2010,2010-01-01T00:00:00+01:00,2010-12-31T00:00:00+01:00
9055841,WHS4_544,COUNTRY,KEN,AFR,YEAR,Africa,,,2020,,,,,,,92,92.0,,,,2025-07-14T16:23:12.92+02:00,2020,2020-01-01T00:00:00+01:00,2020-12-31T00:00:00+01:00
9068454,WHS4_544,COUNTRY,IDN,WPR,YEAR,Western Pacific,,,2024,,,,,,,87,87.0,,,,2025-07-14T16:23:12.92+02:00,2024,2024-01-01T00:00:00+01:00,2024-12-31T00:00:00+01:00
9080159,WHS4_544,COUNTRY,NGA,AFR,YEAR,Africa,,,2011,,,,,,,48,48.0,,,,2025-07-14T16:23:12.92+02:00,2011,2011-01-01T00:00:00+01:00,2011-12-31T00:00:00+01:00
9111879,WHS4_544,COUNTRY,RWA,AFR,YEAR,Africa,,,2015,,,,,,,99,99.0,,,,2025-07-14T16:23:12.92+02:00,2015,2015-01-01T00:00:00+01:00,2015-12-31T00:00:00+01:00
9170466,WHS4_544,COUNTRY,AFG,EMR,YEAR,Eastern Mediterranean,,,2010,,,,,,,66,66.0,,,,2025-07-14T16:23:12.92+02:00,2010,2010-01-01T00:00:00+01:00,2010-12-31T00:00:00+01:00
9174626,WHS4_544,COUNTRY,IDN,WPR,YEAR,Western Pacific,,,2012,,,,,,,87,87.0,,,,2025-07-14T16:23:12.92+02:00,2012,2012-01-01T00:00:00+01:00,2012-12-31T00:00:00+01:00
9184721,WHS4_544,COUNTRY,POL,EUR,YEAR,Europe,,,2014,,,,,,,94,94.0,,,,2025-07-14T16:23:12.92+02:00,2014,2014-01-01T00:00:00+01:00,2014-12-31T00:00:00+01:00
9203630,WHS4_544,COUNTRY,AFG,EMR,YEAR,Eastern Mediterranean,,,2023,,,,,,,59,59.0,,,,2025-07-14T16:23:12.92+02:00,2023,2023-01-01T00:00:00+01:00,2023-12-31T00:00:00+01:00
9245866,WHS4_544,COUNTRY,KOR,WPR,YEAR,Western Pacific,,,2013,,,,,,,99,99.0,,,,2025-07-14T16:23:12.92+02:00,2013,2013-01-01T00:00:00+01:00,2013-12-31T00:00:00+01:00
9269213,WHS4_544,COUNTRY,UGA,AFR,YEAR,Africa,,,2018,,,,,,,88,88.0,,,,2025-07-14T16:23:12.92+02:00,2018,2018-01-01T00:00:00+01:00,2018-12-31T00:00:00+01:00
9280349,WHS4_544,COUNTRY,CHN,WPR,YEAR,Western Pacific,,,2014,,,,,,,99,99.0,,,,2025-07-14T16:23:12.92+02:00,2014,2014-01-01T00:00:00+01:00,2014-12-31T00:00:00+01:00
9297691,WHS4_544,COUNTRY,ZAF,AFR,YEAR,Africa,,,2013,,,,,,,79,79.0,,,,2025-07-14T16:23:12.92+02:00,2013,2013-01-01T00:00:00+01:00,2013-12-31T00:00:00+01:00
9304332,WHS4_544,COUNTRY,MDG,AFR,YEAR,Africa,,,2013,,,,,,,72,72.0,,,,2025-07-14T16:23:12.92+02:00,2013,2013-01-01T00:00:00+01:00,2013-12-31T00:00:00+01:00
9330159,WHS4_544,COUNTRY,THA,SEAR,YEAR,South-East Asia,,,2018,,,,,,,97,97.0,,,,2025-07-14T16:23:12.92+02:00,2018,2018-01-01T00:00:00+01:00,2018-12-31T00:00:00+01:00
9347493,WHS4_544,COUNTRY,MDG,AFR,YEAR,Africa,,,2011,,,,,,,73,73.0,,,,2025-07-14T16:23:12.92+02:00,2011,2011-01-01T00:00:00+01:00,2011-12-31T00:00:00+01:00
9350484,WHS4_544,COUNTRY,COL,AMR,YEAR,Americas,,,2022,,,,,,,86,86.0,,,,2025-07-14T16:23:12.92+02:00,2022,2022-01-01T00:00:00+01:00,2022-12-31T00:00:00+01:00
9375541,WHS4_544,COUNTRY,UGA,AFR,YEAR,Africa,,,2023,,,,,,,89,89.0,,,,2025-07-14T16:23:12.92+02:00,2023,2023-01-01T00:00:00+01:00,2023-12-31T00:00:00+01:00
9461356,WHS4_544,COUNTRY,MDG,AFR,YEAR,Africa,,,2010,,,,,,,70,70.0,,,,2025-07-14T16:23:12.92+02:00,2010,2010-01-01T00:00:00+01:00,2010-12-31T00:00:00+01:00
9481021,WHS4_544,COUNTRY,BGD,SEAR,YEAR,South-East Asia,,,2012,,,,,,,94,94.0,,,,2025-07-14T16:23:12.92+02:00,2012,2012-01-01T00:00:00+01:00,2012-12-31T00:00:00+01:00
9484303,WHS4_544,COUNTRY,MEX,AMR,YEAR,Americas,,,2013,,,,,,,83,83.0,,,,2025-07-14T16:23:12.92+02:00,2013,2013-01-01T00:00:00+01:00,2013-12-31T00:00:00+01:00
9569843,WHS4_544,COUNTRY,MDG,AFR,YEAR,Africa,,,2015,,,,,,,68,68.0,,,,2025-07-14T16:23:12.92+02:00,2015,2015-01-01T00:00:00+01:00,2015-12-31T00:00:00+01:00
9614295,WHS4_544,COUNTRY,KOR,WPR,YEAR,Western Pacific,,,2017,,,,,,,97,97.0,,,,2025-07-14T16:23:12.92+02:00,2017,2017-01-01T00:00:00+01:00,2017-12-31T00:00:00+01:00
9654840,WHS4_544,COUNTRY,COL,AMR,YEAR,Americas,,,2011,,,,,,,85,85.0,,,,2025-07-14T16:23:12.92+02:00,2011,2011-01-01T00:00:00+01:00,2011-12-31T00:00:00+01:00
9678465,WHS4_544,COUNTRY,TUR,EUR,YEAR,Europe,,,2018,,,,,,,98,98.0,,,,2025-07-14T16:23:12.92+02:00,2018,2018-01-01T00:00:00+01:00,2018-12-31T00:00:00+01:00
9692687,WHS4_544,COUNTRY,KEN,AFR,YEAR,Africa,,,2012,,,,,,,93,93.0,,,,2025-07-14T16:23:12.92+02:00,2012,2012-01-01T00:00:00+01:00,2012-12-31T00:00:00+01:00
9713033,WHS4_544,COUNTRY,KEN,AFR,YEAR,Africa,,,2017,,,,,,,75,75.0,,,,2025-07-14T16:23:12.92+02:00,2017,2017-01-01T00:00:00+01:00,2017-12-31T00:00:00+01:00
9713571,WHS4_544,COUNTRY,SGP,WPR,YEAR,Western Pacific,,,2013,,,,,,,97,97.0,,,,2025-07-14T16:23:12.92+02:00,2013,2013-01-01T00:00:00+01:00,2013-12-31T00:00:00+01:00
9722572,WHS4_544,COUNTRY,NGA,AFR,YEAR,Africa,,,2016,,,,,,,53,53.0,,,,2025-07-14T16:23:12.92+02:00,2016,2016-01-01T00:00:00+01:00,2016-12-31T00:00:00+01:00
9727621,WHS4_544,COUNTRY,POL,EUR,YEAR,Europe,,,2012,,,,,,,95,95.0,,,,2025-07-14T16:23:12.92+02:00,2012,2012-01-01T00:00:00+01:00,2012-12-31T00:00:00+01:00
9729185,WHS4_544,COUNTRY,RWA,AFR,YEAR,Africa,,,2020,,,,,,,91,91.0,,,,2025-07-14T16:23:12.92+02:00,2020,2020-01-01T00:00:00+01:00,2020-12-31T00:00:00+01:00
9734222,WHS4_544,COUNTRY,BRA,AMR,YEAR,Americas,,,2020,,,,,,,74,74.0,,,,2025-07-14T16:23:12.92+02:00,2020,2020-01-01T00:00:00+01:00,2020-12-31T00:00:00+01:00
9781516,WHS4_544,COUNTRY,GHA,AFR,YEAR,Africa,,,2018,,,,,,,98,98.0,,,,2025-07-14T16:23:12.92+02:00,2018,2018-01-01T00:00:00+01:00,2018-12-31T00:00:00+01:00
9798639,WHS4_544,COUNTRY,POL,EUR,YEAR,Europe,,,2013,,,,,,,95,95.0,,,,2025-07-14T16:23:12.92+02:00,2013,2013-01-01T00:00:00+01:00,2013-12-31T00:00:00+01:00
9807966,WHS4_544,COUNTRY,KOR,WPR,YEAR,Western Pacific,,,2019,,,,,,,98,98.0,,,,2025-07-14T16:23:12.92+02:00,2019,2019-01-01T00:00:00+01:00,2019-12-31T00:00:00+01:00
9808217,WHS4_544,COUNTRY,IND,SEAR,YEAR,South-East Asia,,,2014,,,,,,,84,84.0,,,,2025-07-14T16:23:12.92+02:00,2014,2014-01-01T00:00:00+01:00,2014-12-31T00:00:00+01:00
9809098,WHS4_544,COUNTRY,CHN,WPR,YEAR,Western Pacific,,,2019,,,,,,,99,99.0,,,,2025-07-14T16:23:12.92+02:00,2019,2019-01-01T00:00:00+01:00,2019-12-31T00:00:00+01:00
9813152,WHS4_544,COUNTRY,MEX,AMR,YEAR,Americas,,,2011,,,,,,,97,97.0,,,,2025-07-14T16:23:12.92+02:00,2011,2011-01-01T00:00:00+01:00,2011-12-31T00:00:00+01:00
9813204,WHS4_544,COUNTRY,JPN,WPR,YEAR,Western Pacific,,,2019,,,,,,,98,98.0,,,,2025-07-14T16:23:12.92+02:00,2019,2019-01-01T00:00:00+01:00,2019-12-31T00:00:00+01:00
9824934,WHS4_544,COUNTRY,PAK,EMR,YEAR,Eastern Mediterranean,,,2021,,,,,,,83,83.0,,,,2025-07-14T16:23:12.92+02:00,2021,2021-01-01T00:00:00+01:00,2021-12-31T00:00:00+01:00
9884991,WHS4_544,COUNTRY,ZAF,AFR,YEAR,Africa,,,2024,,,,,,,74,74.0,,,,2025-07-14T16:23:12.92+02:00,2024,2024-01-01T00:00:00+01:00,2024-12-31T00:00:00+01:00
9900222,WHS4_544,COUNTRY,CHN,WPR,YEAR,Western Pacific,,,2022,,,,,,,99,99.0,,,,2025-07-14T16:23:12.92+02:00,2022,2022-01-01T00:00:00+01:00,2022-12-31T00:00:00+01:00
9905069,WHS4_544,COUNTRY,BRA,AMR,YEAR,Americas,,,2014,,,,,,,96,96.0,,,,2025-07-14T16:23:12.92+02:00,2014,2014-01-01T00:00:00+01:00,2014-12-31T00:00:00+01:00
9913952,WHS4_544,COUNTRY,CHN,WPR,YEAR,Western Pacific,,,2017,,,,,,,99,99.0,,,,2025-07-14T16:23:12.92+02:00,2017,2017-01-01T00:00:00+01:00,2017-12-31T00:00:00+01:00
9989157,WHS4_544,COUNTRY,KEN,AFR,YEAR,Africa,,,2015,,,,,,,79,79.0,,,,2025-07-14T16:23:12.92+02:00,2015,2015-01-01T00:00:00+01:00,2015-12-31T00:00:00+01:00
10003728,WHS4_544,COUNTRY,IND,SEAR,YEAR,South-East Asia,,,2012,,,,,,,79,79.0,,,,2025-07-14T16:23:12.92+02:00,2012,2012-01-01T00:00:00+01:00,2012-12-31T00:00:00+01:00
10008251,WHS4_544,COUNTRY,AFG,EMR,YEAR,Eastern Mediterranean,,,2020,,,,,,,61,61.0,,,,2025-07-14T16:23:12.92+02:00,2020,2020-01-01T00:00:00+01:00,2020-12-31T00:00:00+01:00
10013821,WHS4_544,COUNTRY,POL,EUR,YEAR,Europe,,,2020,,,,,,,85,85.0,,,,2025-07-14T16:23:12.92+02:00,2020,2020-01-01T00:00:00+01:00,2020-12-31T00:00:00+01:00
10043833,WHS4_544,COUNTRY,KOR,WPR,YEAR,Western Pacific,,,2016,,,,,,,98,98.0,,,,2025-07-14T16:23:12.92+02:00,2016,2016-01-01T00:00:00+01:00,2016-12-31T00:00:00+01:00
10067189,WHS4_544,COUNTRY,SGP,WPR,YEAR,Western Pacific,,,2021,,,,,,,98,98.0,,,,2025-07-14T16:23:12.92+02:00,2021,2021-01-01T00:00:00+01:00,2021-12-31T00:00:00+01:00
10072680,WHS4_544,COUNTRY,IND,SEAR,YEAR,South-East Asia,,,2020,,,,,,,85,85.0,,,,2025-07-14T16:23:12.92+02:00,2020,2020-01-01T00:00:00+01:00,2020-12-31T00:00:00+01:00
10093940,WHS4_544,COUNTRY,KOR,WPR,YEAR,Western Pacific,,,2015,,,,,,,98,98.0,,,,2025-07-14T16:23:12.92+02:00,2015,2015-01-01T00:00:00+01:00,2015-12-31T00:00:00+01:00
10119639,WHS4_544,COUNTRY,JPN,WPR,YEAR,Western Pacific,,,2024,,,,,,,98,98.0,,,,2025-07-14T16:23:12.92+02:00,2024,2024-01-01T00:00:00+01:00,2024-12-31T00:00:00+01:00
10143096,WHS4_544,COUNTRY,KOR,WPR,YEAR,Western Pacific,,,2012,,,,,,,99,99.0,,,,2025-07-14T16:23:12.92+02:00,2012,2012-01-01T00:00:00+01:00,2012-12-31T00:00:00+01:00
