Country,Year,doctors_per_10k,hospital_beds_per_10k,infant_mortality_rate,maternal_mortality_rate,tb_incidence_per_100k,dtp3_vaccination_rate,nurses_per_10k,gdp_per_capita,pop_density,health_exp_usd,health_exp_gdp,population_total,urban_population,poverty_headcount,gini_index
AFG,2010,2.44,66.0,76.86026227800001,,,88.286125958,66.0,560.621505463146,43.3652070588596,46.42438889,8.56967163,28284089.0,22.2614799010924,,
AFG,2011,2.58,68.0,73.94238697266667,54.848922230999996,4.459632455,84.60819211825,68.0,606.694676337726,44.9959492816951,52.18721771,8.56190777,29347708.0,22.8205691572485,,
AFG,2012,2.46,67.0,71.194370861,,4.638737991,81.18475175275,67.0,651.417134470046,46.8546892967205,52.45247269,7.89716864,30560034.0,23.3434391310979,,
AFG,2013,2.9,64.0,68.62567141699999,43.840326515499996,4.596064177,77.9963797515,64.0,637.087099117099,48.4839765113534,56.16043472,8.80596447,31622704.0,23.8077136743646,,
AFG,2014,3.04,62.0,66.27921923266666,38.722644592,4.558965245,75.091706163875,63.0,625.054941813938,50.2775447311531,60.04951096,9.52887821,32792523.0,24.1910166387726,,
AFG,2015,2.9,64.0,64.14319214566667,,4.431929186,72.41093738625,65.0,565.569730408751,51.8709105683578,59.91960526,10.10534763,33831764.0,24.4649118421568,,
AFG,2016,2.84,66.0,62.18389060966667,,4.496174045,69.94124762999999,66.0,522.082215583898,53.2030296061205,61.37234497,11.81859016,34700612.0,24.6588345720126,,
AFG,2017,2.45,64.0,60.35225460433333,62.0,4.237166677,67.615463167375,64.0,525.469770891619,54.7183278904681,66.82388306,12.62081718,35688935.0,24.8352821238871,,
AFG,2018,3.03,68.0,58.58494827966667,,4.002662817,65.4152013615,67.0,491.337221382603,56.3344817012404,71.22509003,14.20841885,36743039.0,24.9991645191406,,
AFG,2019,2.14,65.0,56.87289927533334,,3.833197301,63.2994799905,63.0,496.6025042585,58.0410606687825,74.0642395,14.83131981,37856121.0,25.1437258839803,,
AFG,2020,2.53,61.0,55.22117378833334,,3.346133088,61.288573534125,61.0,510.787063366811,59.9006163469942,80.0892334,15.53361416,39068979.0,25.2622103446137,,
AFG,2021,,55.0,53.56895438266667,40.0,3.635212648,59.307238921625,55.0,356.496214115892,61.3286907992579,81.52112579,21.508461,40000412.0,25.3478620272481,,
AFG,2022,,58.0,51.894931424,,3.583394077,57.350495334125,60.0,357.261152798144,62.2155405301811,80.6516037,23.0881691,40578842.0,25.3939250580909,,
AFG,2023,3.17,60.0,50.29011368366667,,3.525529744,55.48249831725,59.0,413.757894705303,63.5585008355948,,,41454761.0,25.4730529631167,,
AFG,2024,,59.0,,,,,59.0,,,,,,,,
BGD,2010,3.52,94.0,36.83291483466667,64.403489105,5.359851499,48.886147559875,94.0,757.385280361508,1169.25544288238,20.62105751,2.28807664,152201981.0,27.7254372588696,25.1,32.1
BGD,2011,3.73,96.0,35.39907857,58.268839108,5.330778497,46.724467293000004,96.0,837.336944695647,1179.92683413997,22.77348328,2.36418128,153591076.0,28.1100162712427,,
BGD,2012,3.9,94.0,34.028912928000004,63.0356726465,6.132903329,44.671378889375,94.0,859.680536375497,1191.28909118845,23.43771553,2.3537879,155070101.0,28.4787972894576,,
BGD,2013,4.12,96.0,32.676535378333334,60.3927037715,5.82027454,42.686054950249996,96.0,958.262989798283,1202.52086502266,26.96918297,2.29574466,156532141.0,28.8407036106763,,
BGD,2014,4.78,97.0,31.320623797333337,53.0561946695,5.970818928,40.720029716625,97.0,1094.46199702838,1213.52791733886,29.91152382,2.27915168,157964929.0,29.1944442321013,,
BGD,2015,4.76,98.0,29.950463334333335,58.644064199,7.628408468,38.778770019375,98.0,1224.38647668165,1224.42328493508,33.20998764,2.27217698,159383179.0,29.5395099477892,,
BGD,2016,4.89,98.0,28.617153974999997,45.3136576995,7.919810181,36.900495405125,98.0,1649.28380858601,1235.3993393255,39.30647659,2.38938212,160811932.0,29.8753915517965,19.5,32.4
BGD,2017,5.35,98.0,27.37563752033333,41.8306694035,8.448563736,35.167935179125,98.0,1811.08221668646,1245.95641852962,42.17510986,2.36720181,162186147.0,30.2015798381799,,
BGD,2018,5.73,98.0,26.288261064,75.0,8.769035819,33.64551055175,98.0,1965.24372731467,1256.22726434662,44.78892899,2.31622243,163523103.0,30.5175656009959,,
BGD,2019,6.3,98.0,25.410939222666666,74.0,8.865095342,32.408325548,98.0,2129.79896954606,1266.90523930245,47.84217072,2.25762248,164913055.0,30.8228396343012,,
BGD,2020,6.61,97.0,24.816945136666664,38.0,9.678888307,31.526903557500003,97.0,2248.85078828233,1277.54493354844,51.00624084,2.27063942,166298024.0,31.1168927321524,,
BGD,2021,6.77,97.0,24.462117299333332,34.625175475,9.430161025,30.952308128625,97.0,2482.84917843357,1287.99918568026,58.53958511,2.36551309,167658854.0,31.3992156886061,,
BGD,2022,7.17,97.0,24.331429434333334,34.85660553,10.132839947,30.653937977625,97.0,2716.48592780431,1300.36002610164,61.09237671,2.39038587,169384897.0,31.673734726234,5.9,30.9
BGD,2023,7.22,97.0,24.33919304533333,35.578308105,9.24924405,30.542140336625,97.0,2551.01773827307,1319.17979689183,,,171466990.0,32.1578465036834,,
BGD,2024,,97.0,,,,,97.0,,,,,,,,
BRA,2010,,99.0,15.923371927666667,33.1921752695,25.851781519,18.599386444125,99.0,11403.2840038694,23.175243415401,906.0098877,7.94516611,193701929.0,84.343846036308,,
BRA,2011,18.7,99.0,15.293200503999998,33.7592675685,25.479769192,17.851697461,98.0,13396.6263158041,23.3646162902273,1043.3548584,7.78819132,195284734.0,84.6225758599683,7.1,52.9
BRA,2012,,95.0,14.772091646,33.6976307625,25.120264081,17.231144533875,96.0,12521.7238454434,23.555014752086,968.7277832,7.73637724,196876111.0,84.8973874181312,6.4,53.4
BRA,2013,19.06,97.0,14.340890641666666,33.624801753,24.900405858,16.71861553775,96.0,12458.8903396625,23.7467066835444,993.79608154,7.9766016,198478299.0,85.1676585442726,5.4,52.7
BRA,2014,,93.0,13.99236563,33.7753214845,24.802093237,16.299959067,96.0,12274.9941630213,23.93895376244,1030.66271973,8.39644146,200085127.0,85.4331367898168,4.7,52.0
BRA,2015,,96.0,13.701119793666665,32.989222287,23.946831349,15.954385384875,98.0,8936.1955889444,24.1292359304821,796.15252686,8.90929985,201675532.0,85.6935697061881,5.4,51.9
BRA,2016,,89.0,14.559941804333334,30.440821051,23.593665187,16.768432534375,72.0,8836.28546025694,24.3137963709629,810.20037842,9.16901684,203218114.0,85.9487048448108,6.5,53.4
BRA,2017,21.98,83.0,13.256300855666666,29.551741721,23.399215958,15.41891811375,84.0,10080.5078722821,24.4915070817191,954.75012207,9.47125053,204703445.0,86.1982897571091,6.9,53.3
BRA,2018,,87.0,13.077563736666667,28.5276623985,23.048338446,15.203892002625,85.0,9300.66072904004,24.659465024515,880.28430176,9.46475029,206107261.0,86.4420719945072,6.9,53.9
BRA,2019,23.51,70.0,12.927205607,26.726690054000002,22.854592609,15.023147653875,85.0,9029.83304401079,24.8207686159839,868.17248535,9.61449146,207455459.0,86.6797991084296,7.0,53.5
BRA,2020,,77.0,12.795697777333332,24.737990142999998,24.868105945,14.861900644124999,74.0,7074.19407495707,24.9649852718428,680.76843262,9.62326527,208660842.0,86.9112186503004,2.8,48.9
BRA,2021,21.91,68.0,12.680453329,24.012683393,25.181114995,14.723951117125,68.0,7972.53696080695,25.0714027283582,768.27075195,9.63646507,209550294.0,87.1360781715439,7.5,52.9
BRA,2022,,77.0,12.565129512666667,21.0905144225,,14.584139049625,75.0,9281.33282136864,25.161867951482,848.57122803,9.14277458,210306415.0,87.349556243881,4.9,52.0
BRA,2023,23.57,90.0,12.437591286999998,,,14.43141581025,85.0,10377.5897719195,25.2616884857157,,,211140729.0,87.6159710235763,3.8,51.6
BRA,2024,,91.0,,,,,82.0,,,,,,,,
CHL,2010,14.23,92.0,7.4803092793333334,27.4984253645,20.271264428,8.718250729666666,92.0,12632.8704724192,23.107901206673,861.72436523,6.81958389,17181464.0,86.9560135592209,,
CHL,2011,15.75,94.0,7.356502243333334,26.88108647,22.068010991,8.558528254,93.0,14487.3927832032,23.3370130673596,984.4486084,6.79947519,17351816.0,87.0109164653326,1.7,46.9
CHL,2012,17.35,90.0,7.213552896333333,26.519430279,21.607254613,8.379340581333333,90.0,15241.9069981119,23.5620242302954,1070.51293945,7.01951265,17519119.0,87.0824943735696,,
CHL,2013,18.68,91.0,7.078347852,24.9370635155,21.581377698,8.212449783333334,90.0,15683.5486369155,23.7878208335351,1171.77038574,7.47552681,17687006.0,87.1827777654221,0.8,46.8
CHL,2014,20.16,95.0,6.951558569333333,23.7385514395,21.093032302,8.056132275000001,95.0,14529.6767206336,24.0860324163393,1138.66113281,7.84150171,17864195.0,87.3133701497978,,
CHL,2015,21.38,96.0,6.8271753293333335,20.910049436500003,21.330224523,7.905237685333333,96.0,13433.9202987032,24.333348398175,1122.13378906,8.3513937,18047625.0,87.4653320342387,0.7,45.3
CHL,2016,22.86,95.0,6.682609384666667,16.69409001,21.114865558,7.7327277756666675,95.0,13649.8520452803,24.6093854617587,1167.89306641,8.55767059,18267221.0,87.6306290578181,,
CHL,2017,24.3,93.0,6.492437828333333,13.854685039,20.935005303,7.509205026,93.0,14879.9086227187,25.002288872834,1353.69274902,9.090518,18558868.0,87.8000295757281,0.5,45.3
CHL,2018,25.69,95.0,6.2577283926666665,11.585937438,20.468222702,7.235081546,95.0,15659.4808675628,25.4526848895971,1430.70263672,9.15040398,18893191.0,87.9620493753008,,
CHL,2019,26.27,96.0,6.02474265,9.5492810145,20.204453147,6.964403446666666,96.0,14495.716721687,25.84400416762,1348.99401855,9.29919815,19197744.0,88.1273685623538,,
CHL,2020,27.98,93.0,5.847067977999999,7.9264397639999995,20.195014905,6.757784539666666,93.0,13114.815470545,26.0767352343796,1270.97814941,9.68910599,19370624.0,88.2953490438375,1.7,47.0
CHL,2021,29.79,95.0,5.780914225333333,6.029929787,19.754501428,6.681456592333333,95.0,16206.8325493421,26.192118041714,1576.69287109,9.68593311,19456334.0,88.4660511664452,,
CHL,2022,31.78,96.0,5.891646882666667,3.539932497,19.53916617,6.807380380000001,96.0,15405.6165774073,26.3222982801325,1547.28967285,10.06172848,19553036.0,88.6395352768685,0.5,43.0
CHL,2023,33.34,96.0,6.192636816333334,3.2060901895,19.386195539,7.154912392666667,96.0,17067.0364799154,26.4647249005172,1714.8927002,10.09532642,19658835.0,88.8158617217972,,
CHL,2024,,95.0,,,,,95.0,,,,,,,,
CHN,2010,14.6,99.0,12.442172470333333,5.929999828,25.062862344,15.739616433333333,99.0,4629.24551710077,142.487743405,188.87156677,4.23068333,1337705000.0,49.2340270628041,20.6,43.7
CHN,2011,14.85,99.0,11.442885951666668,6.159999847,27.238362123,14.55512754,99.0,5703.76027973346,143.268509836432,239.19824219,4.34274387,1345035000.0,51.8300285339355,15.7,42.4
CHN,2012,15.62,99.0,10.52440641,6.71999979,30.386539558,13.469793191333332,99.0,6405.0574241349,144.243669001474,284.69760132,4.56584787,1354190000.0,53.1003112792969,13.2,42.2
CHN,2013,16.58,99.0,9.672564930666667,7.840000153,33.202126943,12.460884801333334,99.0,7147.03518622344,145.207643927049,329.08572388,4.71490669,1363240000.0,54.4900016784668,6.2,39.7
CHN,2014,17.11,99.0,8.895083021666666,11.18999958,35.744752701,11.533295657666665,99.0,7781.06597484974,146.125816729087,362.28695679,4.77790594,1371860000.0,55.7502555847168,4.7,39.2
CHN,2015,17.97,99.0,8.185990034333335,9.18999958,38.181144124,10.690173238666667,99.0,8175.33285077393,146.977949259981,393.09768677,4.93827963,1379860000.0,57.3297843933105,3.0,38.6
CHN,2016,18.88,99.0,7.5430519746666675,8.329999924,40.517711903,9.925658612,99.0,8254.86859320357,147.822641376791,398.17489624,4.97955608,1387790000.0,58.8399238586426,2.2,38.5
CHN,2017,20.03,99.0,6.9625890073333325,8.489999771,43.335430297,9.228533791666667,99.0,8979.67652709856,148.720043543977,439.94006348,5.06592178,1396215000.0,60.2402687072754,1.7,39.1
CHN,2018,21.22,99.0,6.436627698,10.01000023,45.945446482,8.59865306,99.0,10085.6638148819,149.417194545073,504.10980225,5.16790485,1402760000.0,61.5001983642578,0.8,38.5
CHN,2019,22.55,99.0,5.961410240666666,,48.236050553,8.029481884333334,99.0,10342.9009524335,149.948179684945,538.99157715,5.3502779,1407745000.0,62.7099151611328,0.0,38.2
CHN,2020,23.85,99.0,5.528828926999999,6.070000172,50.004694777,7.5087726413333336,99.0,10627.4637989619,150.305542803154,582.95092773,5.59359741,1411100000.0,63.5234230266258,0.0,37.1
CHN,2021,25.17,99.0,5.135509644666667,,51.977049049,7.032591548666666,99.0,12887.4357242941,150.439753691066,670.25897217,5.38360548,1412360000.0,64.721076965332,0.0,35.7
CHN,2022,31.12,99.0,4.775539703,,53.768165072,6.589682955333333,99.0,12970.6056414327,150.42004812419,672.45159912,5.36948681,1412175000.0,65.2176361083984,0.0,36.0
CHN,2023,,96.0,4.447447802666667,,56.267424359,6.183395376333333,97.0,12951.1782397043,150.264001337848,,,1410710000.0,65.5301448035523,,
CHN,2024,,97.0,,,,,97.0,,,,,,,,
COL,2010,16.66,88.0,16.259639363999998,,15.127522691,18.324074859375,88.0,6398.2958447102,40.3581063542136,452.44281006,7.07130194,44777319.0,76.7232975672119,13.1,54.6
COL,2011,17.54,85.0,15.775832284333333,42.772657752,14.88810753,17.730960740125,85.0,7400.9940695669,40.7928021631365,501.84420776,6.78076792,45259614.0,76.839003613206,11.2,53.5
COL,2012,18.14,92.0,15.289791603333335,38.504695297999994,15.181838195,17.142946560625,91.0,8108.59838244229,41.2039747634069,547.00732422,6.74601603,45715810.0,76.942211203265,10.9,52.6
COL,2013,18.84,91.0,14.827780965666667,39.993455288999996,15.799024363,16.5809619795,91.0,8279.10255642981,41.5967408742677,580.96453857,7.01724052,46151584.0,77.0315988189922,9.9,52.6
COL,2014,19.6,90.0,14.381810751333333,35.690504313,16.289983045,16.047642395375,90.0,8187.20824890084,41.969742226228,588.29449463,7.18553209,46565429.0,77.1058449419909,9.0,52.5
COL,2015,20.22,91.0,13.952349478333332,34.285152791499996,16.530360334,15.545325042875,91.0,6248.51490534512,42.3343307796305,470.099823,7.52338505,46969940.0,77.1636280538646,8.1,51.0
COL,2016,20.88,91.0,13.532285882666665,32.937473534999995,17.216753812,15.045007612125,91.0,5959.84250367574,42.7557566471383,448.84588623,7.53117037,47437512.0,77.2036266362166,8.0,50.6
COL,2017,21.63,92.0,13.128464621333334,32.6053308235,17.408503396,14.572434876,92.0,6479.53231292429,43.3808724650744,497.54016113,7.67864323,48131078.0,77.2245191706503,7.3,49.7
COL,2018,22.42,92.0,12.726383914333333,31.115901947999998,17.342566302,14.10179373525,92.0,6816.96818309544,44.1860883280757,519.82202148,7.62541389,49024465.0,77.2804816598084,7.4,50.4
COL,2019,23.17,94.0,12.344979419666666,29.79994023,17.524449544,13.668521443875001,94.0,6472.54544924705,44.9824109959441,503.53485107,7.77954912,49907985.0,77.4595528518377,8.8,51.3
COL,2020,23.94,88.0,11.967426281000002,28.083554627,16.991310507,13.230258885,88.0,5339.68711357943,45.6331653898152,464.9777832,8.71432114,50629997.0,77.6382533537045,13.5,53.5
COL,2021,24.67,87.0,11.592695291333333,27.781497239,,12.797108516875,86.0,6222.62164397614,46.1362532672375,561.11627197,9.01772404,51188173.0,77.8339570326128,11.2,55.1
COL,2022,,87.0,11.248533997666668,24.559008004000003,,12.407946512625,86.0,6680.44506854481,46.6317656602073,505.50805664,7.57361269,51737944.0,78.0464633137335,9.3,54.8
COL,2023,25.35,90.0,10.909549716999999,20.7453707435,,12.0195080475,90.0,7000.83660501046,47.1574150518251,534.43713379,7.69168758,52321152.0,78.275571579544,7.7,53.9
COL,2024,,89.0,,,,,89.0,,,,,,,,
EGY,2010,,97.0,25.58984208433333,,14.027859724,28.597646843249997,97.0,2455.08194645282,89.6037691496308,105.07817841,4.15319157,89196072.0,42.9057175520154,1.5,30.2
EGY,2011,,96.0,24.609780375666663,28.853211431,14.01994716,27.369926524874998,96.0,2590.64384891965,91.5094268923602,116.22949219,4.35707569,91093059.0,42.8634168470177,,
EGY,2012,,93.0,23.668697642666668,28.4785299725,13.790427177,26.237222640124997,93.0,2996.0677072015,93.5868210357125,139.81625366,4.45891809,93161001.0,42.8118514138525,1.2,28.3
EGY,2013,,97.0,22.777415427333334,,13.731052565,25.15177136975,97.0,3025.52563552448,95.7693033301522,139.67245483,4.6710043,95333553.0,42.7514277188751,,
EGY,2014,7.3,94.0,21.928577039333334,,13.421696286,24.1336570805,94.0,3133.39102265541,97.9744376914963,155.06480408,4.77415323,97528654.0,42.6825522284408,,
EGY,2015,7.63,93.0,21.167021981999998,,12.48637815,23.241377046375,93.0,3306.98159414141,100.052581244663,170.25532532,5.06153202,99597342.0,42.6056314089048,1.2,31.8
EGY,2016,7.63,95.0,20.460380547333333,,12.454672205,22.417470747375,95.0,3270.6287768197,102.109185795369,142.61845398,5.07462406,101644589.0,42.5210717266225,,
EGY,2017,7.43,94.0,19.754276202,,12.738382013,21.616083769124998,94.0,2395.10333299491,104.170030639409,106.00288391,5.34661913,103696057.0,42.4486008687179,3.1,31.5
EGY,2018,7.16,95.0,19.042373255666664,,12.395950444,20.79739396725,95.0,2484.70315630508,106.165145411623,118.01481628,4.74892998,105682094.0,42.4577177449969,,
EGY,2019,6.97,95.0,18.41151848066667,46.90000153,11.933075589,20.080877493,95.0,2962.98892023003,108.044761665578,142.69670105,4.5994668,107553158.0,42.4812027332648,2.0,31.9
EGY,2020,6.71,94.0,17.791053403666666,50.0,11.125359521,19.377712431,95.0,3511.11381026379,109.814781254709,148.35269165,4.15384626,109315124.0,42.5181534630674,,
EGY,2021,,96.0,17.214696663,,10.590047729,18.739887109125,96.0,3827.35415374308,111.464169973379,176.93664551,4.60955143,110957008.0,42.5686062621468,1.4,28.5
EGY,2022,,97.0,16.636025793666665,37.11891556,,18.095060360625,97.0,4233.30783744856,113.13300517354,170.97909546,4.70438385,112618250.0,42.6325129008032,,
EGY,2023,,96.0,16.11374109966667,,,17.516432439,96.0,3456.78968456253,115.059291777588,,,114535772.0,42.7098115041919,,
EGY,2024,,97.0,,,,,97.0,,,,,,,,
GHA,2010,0.91,94.0,45.564696760000004,37.5375583155,7.000980805,66.49733832125,94.0,1263.89251760539,111.958315021535,80.57714844,4.73425055,25474995.0,50.7296926788704,,
GHA,2011,0.95,91.0,43.767247084,60.0,6.834618818,63.241820894625,91.0,1507.43573198753,114.683519381208,91.68003845,4.4685564,26095088.0,51.3304086646488,,
GHA,2012,0.93,92.0,42.04652608166666,37.0944720215,7.164212021,60.188084227625,91.0,1543.77524235764,117.492607893118,81.94947815,3.91583276,26734268.0,51.9197918381031,41.8,42.4
GHA,2013,1.0,90.0,40.44724647866666,39.332374693,7.268991084,57.360628984875,91.0,2294.79584693743,120.357708534763,105.34784698,4.59225416,27386193.0,52.4985794475913,,
GHA,2014,1.08,98.0,38.991973437666665,41.0638771035,7.099097401,54.8096576725,94.0,1949.90832923846,123.238076821658,78.46701813,4.01644135,28041592.0,53.0663398797148,,
GHA,2015,1.14,89.0,37.64072528166667,39.162384448000005,6.937186386,52.46309352,88.0,1722.77282833606,126.114388678914,78.21643066,4.5429678,28696068.0,53.6226415210752,,
GHA,2016,1.23,93.0,36.31941256733333,38.465065659,,50.197245643,95.0,1912.47991339951,129.017939702909,64.86400604,3.39035821,29356742.0,54.167052758274,39.0,43.5
GHA,2017,0.89,99.0,35.040935870666665,37.348339795499996,,48.053635465125,94.0,2012.28662641265,131.88166476224,54.10602188,2.68786979,30008354.0,54.6991419779128,,
GHA,2018,1.44,97.0,33.77467662,39.3437721715,,45.957141746125004,98.0,2195.32166016377,134.647029093786,53.37788773,2.43001175,30637585.0,55.218477566593,,
GHA,2019,1.04,97.0,32.52095118533334,,,43.900057736375,97.0,2186.65822682613,137.382028101418,71.14958191,3.25450468,31258945.0,55.7246279109161,,
GHA,2020,1.66,94.0,31.318913061333333,,,41.966788390875,92.0,2195.45481659987,140.147712389575,97.37677765,4.4331708,31887809.0,56.2171613974837,,
GHA,2021,1.28,98.0,30.177583807,32.5,,40.17788662575,98.0,2445.18662529344,142.918455784436,94.40388489,3.86030865,32518665.0,56.6952556826536,,
GHA,2022,1.43,99.0,29.105633620333332,,,38.52225843375,90.0,2229.89122647803,145.689425270181,82.32108307,3.6993649,33149152.0,57.250609602871,,
GHA,2023,2.66,95.0,28.114147506,,,37.03744034275,91.0,2383.90410483418,148.49676310689,,,33787914.0,57.8074737774654,,
GHA,2024,,95.0,,,,,91.0,,,,,,,,
IDN,2010,2.39,81.0,27.053706797666667,23.601236952,5.565044072,33.552048477374996,82.0,3065.68348377765,131.186593584406,85.55950165,2.7908783,246305322.0,49.8521375148888,34.1,34.6
IDN,2011,,81.0,26.010860960333332,24.377149717,6.005771539,32.21889460925,81.0,3579.46442466152,132.872174396105,107.00540161,2.98942471,249470032.0,50.4830017089844,31.2,37.9
IDN,2012,1.97,87.0,25.006588639333334,,8.06367977,30.940026485125,87.0,3632.27254030331,134.591727167608,105.85425568,2.91427088,252698525.0,51.1593933105469,26.6,37.1
IDN,2013,,92.0,24.048209303666667,23.920203147000002,9.589120005,29.71598467075,92.0,3566.60284506078,136.271572751061,102.33824921,2.86934805,255852467.0,51.8307495117188,27.2,38.9
IDN,2014,,88.0,23.125191729666664,,9.139847771,28.54103993,90.0,3441.06808464008,137.882705314833,102.00482178,2.96433568,258877399.0,52.5002136230469,25.7,38.8
IDN,2015,2.7,84.0,22.252777245333334,20.155941771,9.520844693,27.421775453625003,85.0,3288.22269725538,139.438934572699,96.15701294,2.92428517,261799249.0,53.1720771789551,21.6,38.2
IDN,2016,,84.0,21.414100343666664,18.194934962500003,9.690076383,26.35893136825,85.0,3521.46943457574,140.945267664402,106.40021515,3.02147198,264627418.0,53.812557220459,18.0,36.9
IDN,2017,3.73,85.0,20.629266932333334,,10.170390872,25.363308243125,88.0,3798.88326174526,142.393583234045,110.32610321,2.90417194,267346658.0,54.4541015625,14.8,36.4
IDN,2018,4.21,85.0,19.897501733333332,,11.509830492,24.4375017835,87.0,3860.95353090726,143.781152680745,110.71585846,2.86757827,269951846.0,55.0956840515137,12.5,36.3
IDN,2019,4.62,85.0,19.232218254666666,,11.633334071,23.595733523125,85.0,4106.94856160358,145.132688936836,118.22380829,2.87862897,272489381.0,55.7382049560547,10.8,35.4
IDN,2020,6.2,77.0,18.606946688666667,,13.81104325,22.775399514,76.0,3853.70288774146,146.371283592869,131.8225708,3.42067289,274814866.0,56.2785287648768,9.8,35.3
IDN,2021,6.88,67.0,17.997579076333334,,13.412256323,22.007402633875,68.0,4287.17313995098,146.235107708626,158.89761353,3.70634937,276758053.0,56.8761702464027,8.6,35.5
IDN,2022,6.81,91.0,17.441597456,,14.0,21.28106723275,91.0,4730.83484836107,147.330175215419,127.44384766,2.69394851,278830529.0,57.4934704226599,7.9,35.5
IDN,2023,5.24,83.0,16.920401273666666,,13.68533391,20.609458428125,82.0,4876.30774512252,148.57692229227,,,281190067.0,58.1179353397878,6.7,36.1
IDN,2024,,78.0,,,,,87.0,,,,,,,,
IND,2010,,79.0,46.68660811733334,37.20000076,18.136593751,58.205117484249996,76.0,1347.51939071367,418.231449722352,44.79586029,3.33625913,1243481564.0,30.9042190810094,,
IND,2011,,82.0,44.58029443733333,15.7308830605,17.881441287,55.051073213625,79.0,1445.46127486037,424.199245255096,48.18242264,3.24634218,1261224954.0,31.2746502853309,27.1,28.8
IND,2012,,82.0,42.508721906666665,16.39302963,17.637420584,52.007521785875,79.0,1429.32199520032,430.068210238834,48.45263672,3.32935286,1278674502.0,31.5898935604399,,
IND,2013,,83.0,40.47621967833333,14.066592215,17.403925332,49.072798130875,82.0,1432.84397512195,435.838110245225,55.46933746,3.74944186,1295829511.0,31.9096789235237,,
IND,2014,7.15,85.0,38.485488268000005,13.64999962,17.185789919,46.271899813625,84.0,1553.88396075118,441.370107863944,56.3490181,3.61956549,1312277191.0,32.2288233408821,,
IND,2015,7.23,87.0,36.57200041533333,5.8496386105000004,16.982006056,43.60489331775,86.0,1583.99815907985,446.666542669658,58.12401581,3.59565973,1328024498.0,32.5472990022299,,
IND,2016,7.48,88.0,34.730082571333334,10.69999981,16.780844303,41.081611904249996,86.0,1707.50892912243,452.020992940243,59.72652817,3.50430417,1343944296.0,32.8650780972823,,
IND,2017,7.66,89.0,32.95395602833333,6.650469467,16.586913757,38.678676442875,89.0,1950.10468280866,457.30592394028,56.66844559,2.93597651,1359657400.0,33.1821328157539,,
IND,2018,8.4,90.0,31.263222486999997,6.195066198999999,16.405900591,36.43826221325,90.0,1966.25455171679,462.351569862673,57.46551132,2.8584938,1374659064.0,33.4984353473598,,
IND,2019,8.89,91.0,29.65434747233333,10.60000038,16.236161217,34.3206729745,90.0,2041.42863698585,467.185182245332,60.6913681,2.95299792,1389030312.0,33.8139578818147,,
IND,2020,7.23,85.0,28.15371299366667,11.30000019,16.078878857,32.3575304295,85.0,1907.04251637669,471.755150192218,63.83099747,3.34146094,1402617695.0,34.1286726088333,,
IND,2021,,85.0,26.777649689333334,,15.947148815,30.601648924625,85.0,2239.61384367482,475.652042419085,75.54971313,3.34680939,1414203896.0,34.4425517181304,,
IND,2022,,93.0,25.565562509333333,,,29.07876302425,93.0,2347.44829434623,479.425536881262,79.51509857,3.3058846,1425423212.0,34.7555673994206,5.3,25.5
IND,2023,,91.0,24.494931415,,,27.74654808,91.0,2530.12031278204,483.679010086809,,,1438069596.0,35.0676918424186,,
IND,2024,,94.0,,,,,93.0,,,,,,,,
JPN,2010,22.12,97.0,2.3757183486666666,2.2999999525,134.977674073,3.260043169333333,98.0,44968.1562349739,351.358024691358,4071.80200195,9.0630064,128070000.0,90.6228586840649,0.7,31.5
JPN,2011,,97.0,2.3284829913333334,2.25,133.683584049,3.272979941333334,96.0,48760.0789494211,350.707818930041,5103.34326172,10.48780155,127833000.0,90.8631654434251,0.5,33.0
JPN,2012,22.83,97.0,2.230693865,2.2000000475,133.188138442,3.0658040183333335,99.0,49145.2804308193,350.148148148148,5232.36279297,10.67169094,127629000.0,91.0265277326652,1.5,32.5
JPN,2013,,96.0,2.153586064666667,2.2000000475,132.717324174,2.958592138,99.0,40898.6478964744,349.643347050754,4356.15527344,10.67438698,127445000.0,91.1516595654317,1.0,31.5
JPN,2014,23.54,96.0,2.0792229983333335,2.25,131.827579276,2.8532154406666663,99.0,38475.3952461838,349.179698216735,4121.21142578,10.7290144,127276000.0,91.2548945132333,0.7,31.3
JPN,2015,,96.0,2.013510816666667,2.0499999525,131.493425513,2.757549642666667,99.0,34960.6393843385,348.809327846365,3754.18115234,10.74969959,127141000.0,91.3532644103625,0.4,30.7
JPN,2016,24.23,99.0,1.9563082293333334,1.899999976,130.894672418,2.672065036,99.0,39375.4731620781,348.631001371742,4194.22802734,10.65891552,127076000.0,91.4541254852142,0.7,31.8
JPN,2017,,99.0,1.9050623876666668,1.68276453,130.109635654,2.593994142,97.0,38834.0529341227,348.345679012346,4135.24316406,10.65627098,126972000.0,91.5498419685883,0.6,31.8
JPN,2018,24.85,98.0,1.8592718693333332,1.4943271875,129.332801758,2.523073073666667,98.0,39751.1330982711,347.903978052126,4265.77929688,10.73988247,126811000.0,91.6377318609728,1.0,32.9
JPN,2019,,98.0,1.820539933,1.3344786165,127.864827546,2.4619133693333333,98.0,40415.9567649547,347.415637860082,4431.29980469,10.96998405,126633000.0,91.7164207898107,1.2,33.0
JPN,2020,25.92,96.0,1.7896286006666668,1.208328843,126.169022733,2.4119799703333333,96.0,40028.7341726762,346.395061728395,4486.63671875,11.20903683,126261000.0,91.7809926267889,1.2,32.3
JPN,2021,,99.0,1.7696643806666668,0.980602205,126.013151788,2.3774374456666667,99.0,40094.5599795288,344.80546776406,4482.61816406,11.18996906,125681593.0,91.8741049279527,,
JPN,2022,26.49,99.0,1.7637239376666667,1.700000048,125.873870876,2.3615680626666666,99.0,34065.6438962526,343.278433470508,3889.35717773,11.42183685,125124989.0,91.9776532428406,,
JPN,2023,,98.0,1.768890142,,,2.361329838666667,98.0,33836.1756271617,341.54455749932,,,124516650.0,92.0826903891473,,
JPN,2024,,99.0,,,,,98.0,,,,,,,,
KEN,2010,1.71,90.0,41.376814176,57.1676216205,14.0,53.43336700725,89.0,1091.51873101194,73.0902185753945,58.8164711,5.38849831,41598567.0,31.8713287706458,,
KEN,2011,1.77,96.0,41.000591222666664,,,52.166535936624996,97.0,1096.14499807675,75.1281951716625,57.02286911,5.20212841,42758461.0,31.8673949025409,,
KEN,2012,1.84,94.0,41.176489851666666,51.400555506,,51.184367205125,93.0,1285.00536171512,77.1133692940226,64.48231506,5.0180583,43888303.0,31.8558130142761,,
KEN,2013,1.93,87.0,40.79640990566667,51.030386327,,49.948504423875,92.0,1370.87885214659,79.043453280388,67.59809875,4.93100405,44986791.0,31.8324454433988,,
KEN,2014,1.99,92.0,40.067156712999996,48.851944326,,48.754745887,90.0,1482.81566253497,80.9140808939804,72.84589386,4.91267347,46051440.0,31.7931545274563,,
KEN,2015,,89.0,39.01985466766667,,,47.38611192775,79.0,1489.11959777284,82.4529008736797,70.94755554,4.76439571,47088526.0,31.7338026039958,37.7,40.8
KEN,2016,,88.0,38.579264569,,,45.9921281575,83.0,1554.12610314423,84.0057771361452,73.88768005,4.75429106,48139687.0,31.6502520105647,,
KEN,2017,,81.0,38.43965907933333,,,45.2385674,75.0,1667.48447230835,85.5601194522199,66.46552277,3.98597503,49197766.0,31.5383650847102,,
KEN,2018,1.6,91.0,37.723743402,38.265744089,,44.229678527124996,89.0,1836.45275528993,87.019449386981,75.27681732,4.09903383,50207107.0,31.3940041639796,,
KEN,2019,,93.0,37.164179555666664,25.901113151999997,13.3,43.222609173125,88.0,1960.40808854893,88.4453894988127,85.64528656,4.36874676,51202827.0,31.1895566421135,,
KEN,2020,0.74,93.0,36.82350868766667,22.120899497499998,,42.75028480575,92.0,1927.66459027849,89.8940686683206,86.59217834,4.49248838,52217334.0,31.2063494632616,44.4,36.2
KEN,2021,0.98,95.0,36.292016771,26.150125531,,41.888127686125,95.0,2061.35622089594,91.6187594501618,94.1061554,4.56525421,53219166.0,31.2879334021971,46.4,38.7
KEN,2022,2.36,94.0,35.693125241333334,23.4101042435,,41.067537289375,91.0,2109.56288513137,93.3976149483117,90.43982697,4.32603645,54252461.0,31.4307820066946,46.9,37.7
KEN,2023,2.89,93.0,34.662795779,23.214333353,,39.87580570225,92.0,1942.58802756191,95.2681371231706,,,55339003.0,31.6330340816429,,
KEN,2024,,91.0,,,,,85.0,,,,,,,,
KOR,2010,20.16,94.0,3.2808293936666666,0.899999976,88.759882492,4.122772544333333,95.0,24071.2620526362,509.815967078189,1413.15209961,6.02606916,49554112.0,81.9685075986486,0.5,32.0
KOR,2011,20.63,99.0,3.174760024333333,0.899999976,96.838356232,3.9721362659999997,98.0,26175.2398553363,513.804280275749,1562.21313477,6.12371254,49936638.0,81.9615408086376,,
KOR,2012,20.99,99.0,3.083693016,0.899999976,103.768419007,3.8408208433333333,99.0,26600.5477433903,515.875583187751,1591.78039551,6.17752457,50199853.0,81.9087898200378,0.5,31.6
KOR,2013,21.75,99.0,3.0013661766666666,0.850000024,109.952098581,3.721130909333333,99.0,28449.3591104972,517.612269825303,1727.56616211,6.31104422,50428893.0,81.8269383502703,,
KOR,2014,22.1,99.0,2.9250484570000004,0.800000012,116.344278374,3.611265330333333,99.0,30667.0912467447,520.852499230217,1909.91503906,6.50225973,50746659.0,81.7315682816954,0.2,31.2
KOR,2015,22.42,98.0,2.8532776256666668,0.699999988,116.166455577,3.5089530616666664,98.0,30171.7906545222,523.525547744882,1933.61779785,6.72447348,51014947.0,81.639489860678,,
KOR,2016,22.9,98.0,2.785458339,0.649999976,119.686917793,3.411447828,98.0,30832.0628072516,525.370072521002,2015.13208008,6.89293242,51217803.0,81.5559241797057,0.2,35.2
KOR,2017,23.43,97.0,2.7199176183333336,0.5,122.574819367,3.3197446083333335,97.0,33296.9845439195,526.734806686494,2221.75146484,7.04771852,51361911.0,81.471030429984,0.2,34.9
KOR,2018,23.86,98.0,2.6532237263333336,0.472619176,124.294904732,3.2268416196666667,98.0,35363.9508228687,528.969011484824,2493.33569336,7.46262026,51585058.0,81.3823523035196,0.2,33.7
KOR,2019,24.58,98.0,2.582101009666667,0.4228810965,124.293374088,3.1300044756666665,98.0,33826.9443301597,530.377274590164,2592.47851563,8.1267519,51764822.0,81.2901063535619,0.2,33.2
KOR,2020,25.07,98.0,2.507761669666667,0.3720229865,126.476515963,3.0306360266666665,98.0,33645.7719545073,531.109006147541,2649.33422852,8.3554945,51836239.0,81.1759595622913,0.0,32.7
KOR,2021,25.17,98.0,2.435516514,0.21804128450000002,127.474519417,2.934164626,98.0,37518.4635305697,530.425604508197,3141.52246094,8.95732689,51769539.0,81.1616526507785,0.2,32.9
KOR,2022,26.1,98.0,2.3660223316666666,0.20445680500000002,128.054612101,2.843058379,97.0,34822.4048404971,529.43205942623,3049.67163086,9.43414211,51672569.0,81.1624941626873,,
KOR,2023,,98.0,2.3003217373333333,,,2.756188934666666,97.0,35674.095995632,529.842407786885,3269.70385742,9.88014412,51712619.0,81.1645551720421,,
KOR,2024,,97.0,,,,,97.0,,,,,,,,
MDG,2010,1.86,70.0,46.128426424,81.330766195,3.291658971,70.698484247625,70.0,450.009391645726,38.1458541114971,21.13975906,4.69762659,22183340.0,27.8651684949103,65.3,42.4
MDG,2011,1.37,73.0,45.165557758666665,80.962574945,3.157875596,68.98387981275,73.0,506.163691559309,39.2273910913638,22.88667488,4.521595,22822300.0,28.1336807024963,,
MDG,2012,1.36,68.0,44.48925613266667,,,67.708153289375,71.0,493.511162904211,40.327672118186,19.30151749,3.91105914,23462438.0,28.3988032871081,67.3,42.6
MDG,2013,1.46,70.0,44.042634832,79.10788823499999,3.233608155,66.81804892125,72.0,515.301589361832,41.4391371605363,19.33186913,3.75156307,24109290.0,28.6604637105393,,
MDG,2014,1.73,68.0,43.77336766333334,81.940164545,3.171089805,66.1671333925,71.0,505.684922503435,42.5650532829151,22.56570244,4.46240282,24764348.0,28.9185894345838,,
MDG,2015,,62.0,43.671028406999994,,,65.80116041725,68.0,445.320069480568,43.7035097971812,22.29386139,5.0062542,25426702.0,29.1731079210354,,
MDG,2016,,68.0,43.68211366133334,78.56111668349999,,65.629293786125,72.0,453.970714522463,44.8606943966999,24.20793915,5.33248854,26099952.0,29.4239466316878,,
MDG,2017,,65.0,43.819914571,78.844978553,,65.638064145375,69.0,491.866848718929,46.0439584049502,23.62072182,4.80225945,26788375.0,29.671033028335,,
MDG,2018,,74.0,44.079611521333334,76.687594894,,65.79583306725,71.0,500.45718552916,47.2583808869027,21.12731934,4.22160387,27494926.0,29.9181125346909,,
MDG,2019,,69.0,44.38257666500001,75.046293734,,66.040768390375,69.0,499.818837622534,48.5038741835682,15.50084877,3.10129309,28219554.0,30.3046972370204,,
MDG,2020,,67.0,44.643363971666666,,,66.215344728125,66.0,450.771615201509,49.7654795462358,16.78295326,3.72316122,28953556.0,30.7019474167548,,
MDG,2021,,55.0,44.776321136,,,66.174143616625,55.0,483.469463351195,51.0331436919904,17.17938805,3.5045228,29691083.0,31.1137123216036,69.2,36.8
MDG,2022,1.72,57.0,44.602323098999996,,,65.69195280375,55.0,503.51453347296,52.3156772086628,16.32154655,3.25023246,30437261.0,31.5397813465886,,
MDG,2023,,65.0,44.09471084933333,,,64.74052057925,63.0,508.718427705591,53.6196837401169,,,31195932.0,31.9799438860946,,
MDG,2024,,60.0,,,,,62.0,,,,,,,,
MEX,2010,20.07,95.0,16.224404945999996,40.327845632999995,10.517681764,19.094116999,95.0,9728.80078377082,58.4500090022892,534.08520508,5.4897337,113623895.0,76.5244441414713,8.4,47.7
MEX,2011,21.09,97.0,15.717734336,40.972504436,10.332990222,18.479725530333337,97.0,10664.4944032313,59.2831626327838,565.31738281,5.30093002,115243504.0,76.5667802279537,,
MEX,2012,21.2,99.0,15.224988137333334,41.2332568755,10.212106573,17.882745663333335,99.0,10744.1335242686,60.0932163893104,582.48297119,5.42140484,116818208.0,76.6585199140734,7.3,49.6
MEX,2013,21.64,83.0,14.753834300666666,40.342251718,10.200722941,17.309895162333333,83.0,11216.8008505428,60.8778893490059,625.59765625,5.5773263,118343573.0,76.7955768077952,,
MEX,2014,22.37,87.0,14.294719354666666,38.6530592415,10.141148339,16.75120190233333,87.0,11391.3773497683,61.6190030607783,609.82232666,5.35336781,119784261.0,76.9741367091766,7.2,48.9
MEX,2015,23.4,87.0,13.857261232333334,33.366399407,9.97213979,16.222123052333334,87.0,10021.2386118827,62.2815946912215,553.91259766,5.52738619,121072306.0,77.1903854182753,,
MEX,2016,23.45,93.0,13.429661757,31.709287882,9.962589696,15.699689066666666,93.0,9097.92397674769,62.8881149206513,489.92230225,5.38499022,122251351.0,77.4405087351486,4.4,46.9
MEX,2017,24.09,85.0,13.012884349666669,31.4709060195,9.864501356,15.191853576,85.0,9649.27816772402,63.4790282671879,512.54974365,5.3117938,123400057.0,77.7206924598541,,
MEX,2018,24.56,88.0,12.606364928,29.2218601105,9.792033576,14.695881289999997,88.0,10084.7937562021,64.0827752771419,528.26306152,5.23821402,124573711.0,78.0271223924494,3.9,46.0
MEX,2019,24.6,82.0,12.206293345666666,25.137864531,9.600281495,14.208429567333333,82.0,10369.5553585271,64.6945559299365,549.72601318,5.29685831,125762982.0,78.355984332992,,
MEX,2020,24.25,72.0,11.821994014333333,21.778861671,9.972392933,13.742960197666667,72.0,8841.27075039868,65.227528485815,535.11669922,6.0537405,126799054.0,78.677960602824,4.3,44.6
MEX,2021,25.41,78.0,11.451713451333333,20.347430971999998,10.122590729,13.295089937,78.0,10314.0506722115,65.664316469045,606.13415527,5.89244318,127648148.0,78.9324007418057,,
MEX,2022,25.88,83.0,11.087632897333334,,10.143444468,12.856318110333333,83.0,11405.7940473759,66.1607124668844,650.97070313,5.72145176,128613117.0,79.199683215791,2.3,43.5
MEX,2023,,85.0,10.739435801666668,,,12.435594567666667,85.0,13860.9597809326,66.7402757272564,,,129739759.0,79.4734935748046,,
MEX,2024,,78.0,,,,,78.0,,,,,,,,
NGA,2010,,56.0,73.94058311033334,63.604635937,,135.111010786625,54.0,2202.25672957344,182.969230431393,73.008255,3.29653287,166642886.0,51.6778188255446,38.5,35.7
NGA,2011,,53.0,72.86724497933334,74.6461419915,,132.852634854375,48.0,2418.41316975875,188.170007795602,80.2377243,3.32077932,171379598.0,52.490352424079,,
NGA,2012,,36.0,71.98392093466667,75.129668239,,130.85849567399998,42.0,2633.19734671361,193.463360672837,87.89523315,3.35984254,176200625.0,53.302114902293,37.4,35.5
NGA,2013,3.63,39.0,71.26195890233333,82.311992155,,129.2609831285,41.0,2872.79083379398,198.787227291193,97.29588318,3.4206934,181049443.0,54.1130855192568,,
NGA,2014,,43.0,70.68261267233333,66.0268335155,,127.825813738,42.0,3088.72131316169,204.109616039176,102.39888763,3.34840417,185896915.0,54.9232435340404,,
NGA,2015,,42.0,70.07232203866667,62.568440203,,126.39428856237501,42.0,2585.73360671797,209.352391932101,92.91207123,3.58194995,190671878.0,55.7325682057138,35.8,35.9
NGA,2016,4.28,53.0,69.37438252266666,60.095802883000005,,124.796706368375,53.0,2070.4127339595,214.591719094832,75.52328491,3.64773679,195443700.0,56.541038793347,,
NGA,2017,,55.0,68.48975970366666,55.390145293500005,,122.72208538975,55.0,1876.34027111773,219.873929751749,70.31814575,3.74762511,200254579.0,57.3486345560101,,
NGA,2018,3.64,61.0,67.29856480733334,,,120.14488318324999,61.0,2057.87944554011,225.017024056568,63.60244751,3.09069347,204938755.0,58.1553347527729,34.2,35.1
NGA,2019,3.56,66.0,65.981340965,41.848499774000004,,117.407252522625,66.0,3189.81286498516,230.009377779242,67.6254425,2.98547053,209485641.0,58.9611186427056,,
NGA,2020,,62.0,64.56741198,38.24771744,,114.333561924375,62.0,2797.18458068686,234.961824609945,67.91384888,3.38063431,213996181.0,59.7659654848781,,
NGA,2021,3.86,61.0,63.05373904533334,,,111.217647704125,59.0,2787.48779224428,239.939047179859,81.87322235,4.07625723,218529286.0,60.5698545383604,,
NGA,2022,3.86,59.0,61.501389771,,,108.027647522375,55.0,2899.16047470324,245.013445765671,90.92185211,4.27090406,223150896.0,61.3727650622225,41.8,33.9
NGA,2023,3.8,67.0,60.036217584666666,,,104.875196368375,70.0,2138.76383719983,250.20910328623,,,227882945.0,62.1746763155343,,
NGA,2024,,67.0,,,,,69.0,,,,,,,,
PAK,2010,7.27,52.0,73.16375328666668,24.2494237415,4.247410356,87.045334139625,52.0,987.304571124485,258.456630085098,23.62846184,2.42967653,199239047.0,34.8159187475539,26.7,28.8
PAK,2011,7.48,63.0,71.47514527566666,22.174572548,4.314439047,84.899104561125,63.0,1131.73513834324,264.303218399751,25.02491379,2.23121333,203746065.0,35.0113675889897,25.9,29.7
PAK,2012,7.75,64.0,69.68259998333333,57.0,4.483762067,82.643671276875,64.0,1204.36475491585,269.389691002491,25.59742928,2.22185278,207667125.0,35.2160229383731,,
PAK,2013,7.95,65.0,67.80441279066666,25.5046005845,4.715266205,80.315031838875,65.0,1225.4340119198,273.809124636779,28.20998955,2.4164784,211073978.0,35.4315352494366,21.2,29.5
PAK,2014,8.18,69.0,65.90463969233333,,4.65391748,77.962431636625,69.0,1266.61340849959,277.948120330012,32.11787415,2.48899078,214264647.0,35.6595549759128,,
PAK,2015,8.5,72.0,63.988628347,23.608045218,4.635491268,75.56733576725,72.0,1380.47020838317,281.873810450394,33.99359894,2.49493265,217290883.0,35.9017325715342,16.9,31.3
PAK,2016,8.9,75.0,62.10604337933333,22.969906122999998,4.855571549,73.240910180625,75.0,1424.69161195897,285.568271326276,36.46934128,2.57026362,220138869.0,36.1597184900333,,
PAK,2017,9.32,75.0,60.24167291366666,,5.014332727,70.943275199875,75.0,1519.23459514248,289.635179275633,42.07228851,2.7863009,223273967.0,36.4351548223399,,
PAK,2018,9.17,80.0,58.43643271033333,54.0,4.986143369,68.746892092125,75.0,1569.33814626355,294.376416562889,40.09578323,2.82844949,226928892.0,36.7478511550359,16.5,29.6
PAK,2019,10.49,84.0,56.729969633333326,,4.975760299,66.642081934,84.0,1390.41690981745,299.399256693649,36.01374817,2.84736943,230800899.0,37.1091631735769,,
PAK,2020,,80.0,55.00740518333333,,6.260038622,64.5401432935,83.0,1278.39735206896,304.848674242424,36.9091301,2.95273018,235001746.0,37.5080192948099,,
PAK,2021,11.6,83.0,53.32108837966666,41.0,,62.4715958045,83.0,1455.31922370186,310.65509677252,42.79639816,2.99015832,239477801.0,37.9333395514173,,
PAK,2022,,85.0,51.68017575300001,,,60.437979476625,85.0,1538.3228133171,316.133077781237,38.76602173,2.90434051,243700667.0,38.3740439760816,,
PAK,2023,,86.0,50.05122416466667,,,58.44308801775,86.0,1360.32417758419,321.067474833956,,,247504495.0,38.8191861872791,,
PAK,2024,,87.0,,,,,87.0,,,,,,,,
PHL,2010,5.43,88.0,23.053882447666666,34.3961611985,10.18807619,29.575107242125,88.0,2162.91375885614,323.094627226079,89.35166931,4.13107872,96337125.0,45.5208176726647,,
PHL,2011,5.54,89.0,22.768271635,29.816147864,10.373072329,29.076382039000002,88.0,2383.91892522087,329.505362712547,95.95716095,4.02518559,98248614.0,46.6833632464759,,
PHL,2012,5.64,89.0,22.518406132,28.946047546000003,10.11694355,28.631112340125,88.0,2614.61644401308,335.96777677164,109.2149353,4.17709208,100175512.0,47.9182784810426,21.3,46.5
PHL,2013,5.74,85.0,22.330455456666666,32.2103365665,9.495442612,28.262619797,85.0,2781.27957677397,342.342744072174,118.87432098,4.27408695,102076336.0,49.1313688766206,,
PHL,2014,5.89,80.0,22.228402296333332,,9.224597512,27.997398717375,82.0,2866.83803761407,348.013314552101,106.16293335,3.70313668,103767130.0,50.2392400212368,,
PHL,2015,6.09,76.0,22.197357215,26.7993363465,9.273879787,27.82467466725,79.0,2909.85818010301,353.197813327967,113.4342804,3.8982749,105312992.0,51.1549047745227,14.6,44.6
PHL,2016,6.31,84.0,22.267896032333336,23.492167782000003,10.341617305,27.785869074,81.0,2985.19564024046,357.969342992253,118.05981445,3.95484328,106735719.0,51.9114748151175,,
PHL,2017,6.6,84.0,22.39018842,47.0,9.782029165,27.806699416875,82.0,3038.12124959289,362.61090317604,120.32259369,3.96042776,108119693.0,52.6010482354344,,
PHL,2018,6.95,84.0,22.543328974333335,17.0970791,9.422896121,27.89187741625,84.0,3168.51036609727,367.123744843546,125.27716827,3.9538188,109465287.0,53.2088897464754,8.3,42.3
PHL,2019,7.32,84.0,22.685143727,16.733900622,9.775128191,27.950060147625,85.0,3400.78949767074,371.615799711574,141.6925354,4.16646004,110804683.0,53.7157859948017,,
PHL,2020,7.52,83.0,22.741409383666667,14.498942137499998,9.862843098,27.92136023075,82.0,3227.57910235199,375.897186168964,166.61218262,5.16214037,112081264.0,54.1077719895977,,
PHL,2021,7.92,69.0,22.631922794,12.541091845,9.694613786,27.683496286,66.0,3484.38593882819,379.317000368917,208.192276,5.97500563,113100950.0,54.4504102510776,8.1,40.7
PHL,2022,,84.0,22.416118920666666,13.7583915005,,27.337329568999998,83.0,3548.06930572116,382.21262367106,182.93429565,5.15676308,113964338.0,54.7902343568327,,
PHL,2023,,89.0,22.084501320666664,,,26.86646334775,77.0,3804.08274131097,385.321122178623,194.05615234,5.10629606,114891199.0,55.1242716168851,5.3,39.3
PHL,2024,,71.0,,,,,88.0,,,,,,,,
POL,2010,21.84,99.0,5.1420270630000005,7.6600001145,66.006993976,5.974727930333334,96.0,12567.7317676382,124.209200731357,809.19940186,6.46800566,38042794.0,60.8474783987677,0.6,33.2
POL,2011,22.04,99.0,4.880680575,7.0100001355,66.027205781,5.673130997333334,96.0,13867.6669408192,124.296296901022,866.09466553,6.28671598,38063255.0,60.7357090652544,0.6,33.2
POL,2012,22.23,99.0,4.657474088666667,7.1299999045,65.978054882,5.414940390000001,95.0,13087.420943321,124.300058781268,815.1418457,6.2652421,38063164.0,60.6341632788866,0.4,33.0
POL,2013,22.28,99.0,4.474050142333334,6.8749999055,65.705127074,5.203532840333334,95.0,13621.9023794031,124.229110740995,878.08837891,6.48017406,38040196.0,60.5333187465323,0.6,33.1
POL,2014,22.92,98.0,4.324492166,6.5849998295,65.831242526,5.0294936969999995,94.0,14262.2841914116,124.144273163722,911.29815674,6.42679548,38011735.0,60.4340063344328,0.6,32.8
POL,2015,23.11,98.0,4.198492984666667,6.1850002095,65.861843918,4.883584414666666,93.0,12637.5220324406,124.061569613639,803.95965576,6.40416241,37986412.0,60.3362886805635,0.5,31.8
POL,2016,23.97,98.0,4.0875968506666664,6.0049999045,65.895063152,4.756479684333333,92.0,12464.0110508476,124.008253045495,816.08618164,6.59210491,37970087.0,60.2402284228997,0.4,31.2
POL,2017,23.6,96.0,3.9842546516666673,5.505000020500001,65.752773941,4.637087309333333,90.0,13913.3402919927,124.0237303635,909.57818604,6.58342791,37974826.0,60.145888199417,0.4,29.7
POL,2018,23.41,95.0,3.8874492556666667,5.170000094500001,64.914238411,4.525617073666667,87.0,15658.2120316794,124.031583760656,978.73565674,6.3129096,37974750.0,60.0533306480907,0.3,30.2
POL,2019,32.79,95.0,3.8099507950000002,4.719999809000001,61.324150865,4.436514463999999,87.0,15874.5220531254,124.025595374212,1014.03820801,6.46008492,37965475.0,59.9626184068963,0.1,28.8
POL,2020,33.03,94.0,3.763794192,4.094999809000001,61.464716478,4.385098045333334,85.0,16150.9304813473,122.548420605625,1025.98486328,6.49677992,37515748.0,59.8738141138092,0.2,28.5
POL,2021,34.15,94.0,3.7446321329999996,3.4099999805,62.234781299,4.3641248809999995,84.0,18635.5104895754,120.815285854296,1183.30236816,6.43857718,36981559.0,59.8096513205543,0.1,28.5
POL,2022,34.24,94.0,3.7362019566666667,3.049999971,60.384150518,4.356002107,85.0,18891.2121169279,120.297131562612,1193.13061523,6.39626455,36821749.0,59.8315488048321,0.3,28.9
POL,2023,40.31,95.0,3.725118931666666,,,4.344558142666667,86.0,22145.2660647429,119.787615502661,1543.71240234,7.00451565,36687353.0,59.8859561370214,0.2,28.5
POL,2024,,94.0,,,,,86.0,,,,,,,,
RWA,2010,,97.0,42.12144470733333,20.972559159499998,7.388374771,63.235302278999995,93.0,593.624927744346,418.222659100122,47.96915817,8.08192921,10317553.0,16.9255580310614,70.2,47.2
RWA,2011,,97.0,38.948016556999995,24.313606513499998,7.196127918,58.060609487,93.0,651.133677964662,428.606931495744,51.64990616,7.93241739,10573733.0,16.9323586881273,,
RWA,2012,,98.0,37.121072996,22.020188498,7.074854957,54.43804087075,98.0,706.817269168561,438.990717470612,57.26454163,8.10223293,10829901.0,16.9410248882148,,
RWA,2013,1.0,98.0,35.65140484766667,22.725133269500002,7.678480962,51.703118168875,98.0,704.92421851123,449.669233887313,47.7545433,6.77398062,11093340.0,17.0742206053612,65.2,45.1
RWA,2014,0.89,98.0,34.56468377666667,,7.057783369,49.590521381625,98.0,724.957526520906,460.671139035266,50.63998795,6.98471594,11364757.0,17.5020716539756,,
RWA,2015,1.1,98.0,33.67643752833333,20.644748626000002,7.435549763,47.7399641065,99.0,733.998629882494,471.829023104986,48.81341934,6.65067434,11640022.0,18.1953149858416,,
RWA,2016,1.2,98.0,33.029364267666665,20.498708725,7.261403739,46.292346491749996,99.0,729.519133812945,483.144831779489,50.77831268,6.96089125,11919183.0,19.1213951786548,63.8,43.7
RWA,2017,1.35,98.0,32.57833302266667,17.7228714835,7.174197279,45.183419939375,98.0,758.300966509647,494.611268747467,48.27599335,6.3665309,12202060.0,20.2477568101111,,
RWA,2018,1.32,97.0,32.174970845333334,16.04886724,7.273381865,44.30681982375,97.0,771.773511207309,506.201702472639,51.35319138,6.65483093,12487996.0,21.5418444579064,,
RWA,2019,1.17,98.0,31.766605815000002,,7.26434287,43.416205885875,98.0,810.051412137354,517.880137819214,50.75216675,6.26708555,12776103.0,22.9711026997362,,
RWA,2020,1.16,91.0,31.392279860666665,,7.435419384,42.433069253374995,91.0,778.701498925026,529.624523713012,58.29339218,7.48696899,13065837.0,24.5029761132966,,
RWA,2021,1.21,88.0,31.082854600333334,15.5126735485,7.404572071,41.558278950625,88.0,829.544845263697,541.35630320227,60.46223831,7.30378389,13355260.0,26.1049092762833,,
RWA,2022,0.9,98.0,30.776887411999997,,7.298351985,40.792773116125,97.0,975.469323735369,553.345358735306,76.83828735,7.8792119,13651030.0,27.7806702737761,,
RWA,2023,,94.0,30.429501454999997,12.208512936,7.483621382,39.992283517,94.0,1027.03446826565,565.645358735306,,,13954471.0,28.8555310645477,38.6,39.4
RWA,2024,,98.0,,,,,98.0,,,,,,,,
SGP,2010,17.79,96.0,2.2427058023333335,2.4323434049999997,21.865188634,2.8181199726666666,96.0,47236.683084953,7231.81196581197,1510.66784668,3.1982615,5076732.0,100.0,,
SGP,2011,18.61,96.0,2.237022624,2.3942007870000004,21.446316093,2.801708296333333,96.0,53891.4570264372,7363.19318181818,1700.1685791,3.1539185,5183688.0,100.0,,
SGP,2012,19.32,97.0,2.2274557566666666,2.1897608865,21.870858597,2.7806922383333337,97.0,55547.5553077786,7524.69830028329,1853.02429199,3.32392788,5312437.0,100.0,,
SGP,2013,20.34,97.0,2.2177073873333333,1.9351354015,21.912180822,2.7592513039999997,97.0,56967.4257940383,7636.72135785007,2102.97021484,3.68225336,5399162.0,100.0,,
SGP,2014,21.5,96.0,2.208304581,1.6740775255,22.494003645,2.7377116623333335,96.0,57564.8023114977,7714.7023977433,2233.34960938,3.87132597,5469724.0,100.0,,
SGP,2015,22.55,96.0,2.1952688516666665,1.40561891,23.994890453,2.7121424409999997,96.0,55645.6068614606,7806.77291960508,2330.39599609,4.18061399,5535002.0,100.0,,
SGP,2016,23.25,97.0,2.170497337,1.254752267,24.975183477,2.671534648,96.0,57005.5887176547,7908.72073342736,2488.28295898,4.35019255,5607283.0,100.0,,
SGP,2017,23.89,96.0,2.131745244333333,1.183635458,24.897895965,2.6134493803333334,96.0,61236.251270627,7882.37780898876,2645.3293457,4.31881618,5612253.0,100.0,,
SGP,2018,24.43,97.0,2.0746661606666668,1.1091510580000001,25.830763243,2.5338486766666666,97.0,66881.6067035265,7897.30532212885,2688.27270508,4.01883841,5638676.0,100.0,,
SGP,2019,25.19,97.0,2.0019286820000004,1.203562975,26.910368032,2.436581989,97.0,65952.0378959293,7965.87849162011,2893.78222656,4.35299158,5703569.0,100.0,,
SGP,2020,26.38,98.0,1.9230438596666666,1.041528512,27.693206108,2.3330683246666664,98.0,61410.0792630788,7918.95125348189,3492.35986328,5.61608791,5685807.0,100.0,,
SGP,2021,27.81,98.0,1.850122915,0.9695809335,28.366694655,2.2361855793333336,98.0,80056.1288247844,7595.49582172702,4044.17333984,5.16690779,5453566.0,100.0,,
SGP,2022,28.34,97.0,1.782771587,0.9406623839999999,28.27312683,2.147895445,97.0,90299.0694637269,7851.00557103064,4320.51611328,4.89702511,5637022.0,100.0,,
SGP,2023,,98.0,1.7193440713333334,,28.118399224,2.0659305573333335,98.0,85412.230345235,8241.8495821727,,,5917648.0,100.0,,
SGP,2024,,97.0,,,,,97.0,,,,,,,,
THA,2010,3.83,99.0,12.113368654333334,25.049999235,19.554693386,14.152283313249999,99.0,4973.86288823778,134.235250249564,168.61891174,3.39009809,68579447.0,44.0018736622496,0.7,39.4
THA,2011,,99.0,11.686536976666666,26.700000765,20.879266333,13.641380683625,99.0,5373.6232832898,135.072536162383,191.74464417,3.56825495,69007208.0,44.8048723557374,0.3,37.5
THA,2012,,99.0,11.295103656333334,26.700000765,21.169682493,13.162024500625,99.0,5725.52802835463,135.912031944254,201.70690918,3.5229404,69436098.0,45.373565813715,0.4,39.3
THA,2013,,99.0,10.922236268666666,25.549999235,21.666225333,12.7141164375,99.0,6018.08244729255,136.712626984282,207.81243896,3.45313334,69845114.0,45.8321343847773,0.2,37.8
THA,2014,,99.0,10.570749641,23.950000765,21.412387574,12.284820972875,99.0,5801.1978916205,137.439305917125,213.74395752,3.68448091,70216367.0,46.3138799467897,0.2,37.0
THA,2015,4.53,99.0,10.240777273666666,22.39999962,21.281729035,11.877986262875,99.0,5688.85335397884,138.07433106931,219.15092468,3.8522861,70540795.0,46.9521043776171,0.1,36.0
THA,2016,4.33,99.0,9.928077044,21.25,19.968998518,11.493413137875,99.0,5833.57715617098,138.698821664155,229.7849884,3.93900609,70859841.0,47.8801095551247,0.1,36.7
THA,2017,,99.0,9.623702527333334,17.75724411,21.197106219,11.1242598775,99.0,6413.09182530343,139.286709467791,247.08152771,3.85276842,71160187.0,49.2311973571777,0.1,36.4
THA,2018,5.18,97.0,9.340519428,15.489362715,20.96514628,10.770493285125,97.0,7099.77650081458,139.709289670966,274.71221924,3.87040329,71376079.0,54.5843734741211,0.1,36.4
THA,2019,5.48,97.0,9.054286076333334,13.76540947,22.094658216,10.41966630675,97.0,7605.69657797759,139.995441288731,288.31097412,3.78911877,71522271.0,55.9266166687012,0.1,34.9
THA,2020,5.09,97.0,8.789221352333334,13.022662373,23.214761347,10.099637173125,97.0,6985.64393892574,140.228785061364,304.3817749,4.35724688,71641484.0,57.2358779907227,0.1,35.0
THA,2021,5.41,92.0,8.532093393666667,11.189901411,23.3611061,9.78783587675,93.0,7057.20754802279,140.396821233534,363.72845459,5.15337038,71727332.0,58.5087776184082,0.0,34.9
THA,2022,,92.0,8.275909733666667,9.3918130995,23.885164635,9.488836551,93.0,6909.35281815827,140.412474309538,369.97647095,5.35470581,71735329.0,59.742374420166,0.0,34.3
THA,2023,,92.0,8.041969800333334,,23.8986295,9.210066283,93.0,7195.10130919449,140.348088629646,,,71702435.0,60.9341926574707,0.0,33.5
THA,2024,,92.0,,,,,93.0,,,,,,,,
TUR,2010,16.83,97.0,14.678749807666668,16.059999159500002,27.300317136,17.8959537705,97.0,10698.9699409757,95.0354715902447,531.82861328,5.02053452,73142150.0,69.3471253941487,2.8,38.8
TUR,2011,16.98,97.0,13.760261090666667,15.6950002285,26.208107253,16.7749581965,97.0,11373.6355760885,96.4406649948677,525.89105225,4.6530509,74223629.0,71.0028723528334,2.0,40.0
TUR,2012,17.26,97.0,12.940217251333332,14.8700004185,26.606311225,15.7666456985,97.0,11776.7593362033,97.6778802801346,520.44274902,4.44444656,75175827.0,73.7788680234324,1.7,40.2
TUR,2013,17.51,98.0,12.200196960666666,14.070000460500001,26.442798416,14.86015195125,98.0,12635.5570016068,98.9405610488157,547.95465088,4.37099934,76147624.0,78.5218368384696,1.5,40.2
TUR,2014,17.38,96.0,11.537621295333333,13.4949996955,26.50515042,14.043256920625,96.0,12209.3862327674,100.284401595572,520.40753174,4.32517862,77181884.0,83.6024850744433,1.0,41.2
TUR,2015,17.65,97.0,10.939631379,12.484999694,26.201342056,13.305523903874999,97.0,11064.6494504662,101.631276067721,444.70803833,4.11690426,78218479.0,87.2167107972537,1.3,42.9
TUR,2016,17.74,98.0,10.407320603333332,11.835000074000002,26.670598144,12.6416879365,98.0,10984.3643169061,103.007889505347,456.3659668,4.28469229,79277962.0,88.1020958581776,0.9,41.9
TUR,2017,18.05,96.0,9.925845963,10.904999769000002,27.185005843,12.038591144375001,96.0,10756.3877677883,104.352348531112,432.13754272,4.17974997,80312698.0,88.0320472717286,1.1,43.5
TUR,2018,18.14,98.0,9.485125745666666,9.634999539499999,27.472646259,11.4878344765,98.0,9684.11819884721,105.774468250978,380.27835083,4.12101603,81407204.0,88.1655749576173,1.0,42.4
TUR,2019,18.84,99.0,9.076903662,8.6899999605,27.824563913,10.981637542125,99.0,9395.23378001368,107.297584553617,388.67486572,4.35954332,82579440.0,88.6618152857124,1.3,43.8
TUR,2020,19.89,98.0,8.702659897666667,7.5999999245000005,29.176102488,10.515157067125,98.0,8798.11791709313,108.343853540013,386.2593689,4.61640215,83384680.0,88.9303114965222,1.1,43.0
TUR,2021,21.18,95.0,8.343731056333333,6.5185899345,29.358402898,10.068004980125,95.0,9981.76398411336,109.334768655068,431.33978271,4.56065559,84147318.0,89.1762048153239,0.9,44.4
TUR,2022,22.36,99.0,8.004984622333334,6.1350001355,30.116541216,9.639933298625,99.0,10897.8397861365,110.416580694619,385.87997437,3.70338893,84979913.0,89.0381164550781,0.5,44.5
TUR,2023,,99.0,9.075056119000001,,30.548007727,12.7864973825,99.0,13375.0947282864,110.866214934449,,,85325965.0,89.0218446796121,,
TUR,2024,,99.0,,,,,99.0,,,,,,,,
UGA,2010,,80.0,49.437287613,67.819606308,5.0,76.094559858,79.0,823.488144282,161.534021543986,51.88574982,6.80890226,32390802.0,18.7990645544572,,
UGA,2011,,82.0,46.57701708333334,,,70.998732521125,79.0,835.620060555838,166.340230400958,55.2076683,6.6959095,33354543.0,20.0561028736631,,
UGA,2012,0.98,83.0,44.053452537999995,73.146330828,,66.63930310112501,79.0,795.222867553127,171.241960901656,55.03918457,6.10853958,34337438.0,21.372369321253,56.2,41.0
UGA,2013,,84.0,42.073466872000004,70.7946118115,,62.405178445875,78.0,818.285427416713,176.227019748654,52.906353,5.78252411,35337042.0,22.7367659239271,,
UGA,2014,,85.0,40.209934867,68.11027028,,59.099121836500004,78.0,896.054795546394,181.505779972073,50.957798,5.33653069,36395539.0,24.1938503391826,,
UGA,2015,0.97,89.0,38.348578628333335,66.77278888549999,,55.803865229,85.0,862.934610355811,187.170586475165,40.09843445,4.99643135,37531446.0,24.9777856560427,,
UGA,2016,,93.0,36.333402723333336,57.924208623,,52.446883484874995,88.0,752.696571725656,193.49267903451,39.08125305,5.00792885,38799152.0,25.6953567134098,60.1,42.8
UGA,2017,1.72,94.0,34.531553901,56.252579370999996,,49.804342812125,90.0,765.218332297361,200.365988430082,31.43818092,3.99852037,40177388.0,26.4139260579546,,
UGA,2018,,93.0,32.897184933,,,47.37815150875,88.0,792.16570022814,207.290200478755,32.9515686,4.02143908,41565831.0,27.1280475018884,,
UGA,2019,,93.0,31.66563685866667,,,45.285969849,92.0,822.171150036357,214.440639337722,33.36559677,3.79371166,42999637.0,27.8369781799403,59.8,42.7
UGA,2020,1.58,89.0,30.539031735,,,43.47352798475,88.0,845.766463890124,221.709315778975,44.73381805,5.23698568,44457152.0,28.5399752271502,,
UGA,2021,,91.0,29.450266867,,,41.754862119,91.0,882.791717542504,228.959355675244,51.03484726,5.48128128,45910930.0,29.2362957789022,,
UGA,2022,1.91,89.0,28.627696116666666,,,40.466187072625,90.0,963.067314117178,235.950124675843,44.14502716,4.39089251,47312719.0,29.9251969709665,,
UGA,2023,,91.0,27.530684771666667,,,38.79616302875,89.0,1002.30913917142,242.65210951526,,,48656601.0,30.6059359395495,,
UGA,2024,,91.0,,,,,89.0,,,,,,,,
ZAF,2010,7.05,77.0,35.358357675,,22.512779725,49.990209498625,72.0,7973.47195771517,43.1493549530538,621.41906738,7.79358244,52344051.0,62.6299120560569,29.5,63.4
ZAF,2011,7.09,75.0,33.828796843,70.64700317,,45.0295339345,71.0,8646.05571071635,43.6861279872062,686.87243652,7.94434404,52995205.0,62.850627754452,,
ZAF,2012,7.15,71.0,32.93479540933333,45.3632600905,,42.448404026,69.0,8076.97678479741,44.3351828800831,646.49920654,8.00428867,53782567.0,62.9616560303263,,
ZAF,2013,7.29,81.0,31.979212739,,,40.93491421,79.0,7331.65467384919,45.0739771987239,593.80157471,8.10322285,54678791.0,63.0524024097034,,
ZAF,2014,7.4,85.0,30.850054514000004,38.931136609,,39.559504935625,85.0,6856.73137092522,45.8291124318888,539.30780029,7.87136555,55594838.0,63.1352327065742,31.2,63.0
ZAF,2015,7.63,85.0,29.614460142333332,36.049186705,,38.21325485225,85.0,6112.27382485974,46.7595454582925,491.90652466,8.05304241,56723537.0,63.2096349937231,,
ZAF,2016,7.53,85.0,28.345791589,,,36.815761057375,85.0,5651.20585165749,47.2014038529705,456.56936646,8.07959366,57259551.0,63.2750973439347,,
ZAF,2017,7.75,84.0,27.219137302333333,,,35.7414779995,84.0,6618.33508255701,47.5110354549127,527.52020264,7.97711229,57635162.0,63.3311078299936,,
ZAF,2018,7.42,82.0,26.228580688666664,,,34.901440404125,82.0,6914.1780318076,48.3171083761304,558.8013916,8.08196545,58613001.0,63.3771545246841,,
ZAF,2019,7.79,85.0,25.55265519566667,22.0386763225,,34.4616050645,85.0,6533.71121032856,49.1207453692636,538.80426025,8.24652576,59587885.0,63.4127255007908,,
ZAF,2020,,84.0,24.944739014333333,21.2377804505,,34.054349008125,84.0,5580.60383075189,49.9240625180325,503.46759033,9.01329231,60562381.0,63.4373088310982,,
ZAF,2021,7.81,86.0,24.658175835333335,24.356708464999997,,34.11487952775,86.0,6828.75624590017,50.6991261983859,592.53417969,8.67432785,61502603.0,63.4503925883909,,
ZAF,2022,7.94,85.0,24.486820638,20.734723804,,34.345430748125,85.0,6534.24867783397,51.4210899438624,569.84075928,8.77086639,62378410.0,63.4766699210327,,
ZAF,2023,,79.0,24.381095573666666,,,34.633638282,79.0,6034.27208964673,52.1085690262058,,,63212384.0,63.5823705163545,,
ZAF,2024,,74.0,,,,,74.0,,,,,,,,
